dataset,subset,case_id,patient,timepoint,shape,spacing,t1c_max,t1c_nonzero_frac,t1c_md5,t1c_vox_md5,has_label,vox_NETC,vox_SNFH,vox_ET,vox_RC,vox_total,vox_tumour,centroid,bbox,vox_GTV
gli,train,BraTS-GLI-00005-100,gli-00005,100,182x218x182,1.00x1.00x1.00,8183.82373046875,0.17158696984032198,2297c576aea97947d5057017f9fd42dc,b4718991dca96ceb4f3580dae6fa2d79,True,0,22960,0,4246,7221032,27206,"109.6,59.8,124.4","91:131,33:84,102:150",
gli,train,BraTS-GLI-00005-101,gli-00005,101,182x218x182,1.00x1.00x1.00,7013.974609375,0.16514204617844097,f2c9906a73360de398f1d38a531b9473,d3ee9b73c8dc2f1aebc5befb4579a8bc,True,0,23658,0,3641,7221032,27299,"109.8,60.1,124.0","90:132,35:92,37:149",
gli,train,BraTS-GLI-00006-100,gli-00006,100,182x218x182,1.00x1.00x1.00,7779.4052734375,0.20272046987189643,adeeae3305a3a8789b9f72c0dd50cb67,f72524b4e2a2c4a4c8e5bedebb70dd1b,True,0,17907,0,22074,7221032,39981,"107.5,168.0,89.0","68:133,137:192,68:117",
gli,train,BraTS-GLI-00006-101,gli-00006,101,182x218x182,1.00x1.00x1.00,7927.17529296875,0.20178293075006454,9bc111cb2537ff892a849a3b949ee526,29d6d963bc2f2223e21b3598723dd978,True,0,18747,0,18491,7221032,37238,"106.3,169.5,90.2","67:131,134:194,68:116",
gli,train,BraTS-GLI-00008-100,gli-00008,100,182x218x182,1.00x1.00x1.00,7829.083984375,0.19517570341746165,61a6bd8af0f49520af2e6b668e196dd8,7a36617c4d2777ae6f93f3253662e4fc,True,0,6976,135,1816,7221032,8927,"49.3,66.8,76.7","29:73,38:94,55:99",
gli,train,BraTS-GLI-00008-101,gli-00008,101,182x218x182,1.00x1.00x1.00,7818.44677734375,0.18909056212463815,61dca38266630e1c4effc7d72e8d50e8,13e7ad568aa368a69a1a5b1c1840b441,True,0,7771,66,1903,7221032,9740,"50.4,66.0,77.9","29:73,37:94,55:99",
gli,train,BraTS-GLI-00008-102,gli-00008,102,182x218x182,1.00x1.00x1.00,6494.75732421875,0.20491364669205178,5ee41fbc4c74c38f5316ed5e41b5b8cf,9fe6743d54ce419296f2252d3f15238c,True,0,14891,537,1891,7221032,17319,"49.4,72.8,71.5","30:74,39:101,48:99",
gli,train,BraTS-GLI-00008-103,gli-00008,103,182x218x182,1.00x1.00x1.00,8919.361328125,0.19630490489448046,67fe4577097244f0263bd05c36680ba3,9a718cd5c2c57b6b6b9a18a44008b040,True,0,9588,178,1756,7221032,11522,"50.7,69.9,75.9","29:75,38:99,49:98",
gli,train,BraTS-GLI-00009-100,gli-00009,100,182x218x182,1.00x1.00x1.00,8411.6337890625,0.19137084560766385,dd4c555435ab7ffa32b331ec7b92e7ef,3bc40636922019cbe4a90328ae33843e,True,177,73175,6311,2984,7221032,82647,"105.4,142.4,89.0","86:132,66:183,48:129",
gli,train,BraTS-GLI-00009-101,gli-00009,101,182x218x182,1.00x1.00x1.00,7714.23681640625,0.1837129374305501,0de1ff45056563d6d8c821eb70510f2a,e908516b254908ea5e74434060c4681e,True,559,81545,11334,727,7221032,94165,"106.1,142.1,89.1","85:137,67:183,47:137",
gli,train,BraTS-GLI-00020-100,gli-00020,100,182x218x182,1.00x1.00x1.00,10128.0791015625,0.23905308825663701,dc71f52842730330b584bb72c2512937,7803b87f03f72c299815ef7f778c7f60,True,1449,98437,21921,1660,7221032,123467,"65.4,66.3,84.1","25:130,19:120,43:124",
gli,train,BraTS-GLI-00020-101,gli-00020,101,182x218x182,1.00x1.00x1.00,9968.00390625,0.2308285020756036,a2a303266ec8f22f68bf36ff71554e32,6f7b13c77f38b3faf1db3e55a0423aee,True,1750,103712,29015,1702,7221032,136179,"69.4,66.9,85.0","25:131,20:122,46:124",
gli,train,BraTS-GLI-00027-100,gli-00027,100,182x218x182,1.00x1.00x1.00,10074.6640625,0.22825892476310866,98738574e19f2f3ca23872eb42eccd58,dc37c08fd71ffb6e8da8657de5271147,True,0,35038,4390,3228,7221032,42656,"110.8,55.9,90.6","88:137,25:107,56:115",
gli,train,BraTS-GLI-00027-101,gli-00027,101,182x218x182,1.00x1.00x1.00,9281.8291015625,0.21746725398807262,fe54addcd74f3ecc1988dde50a2aea17,875215df1498213470b3681e79a5f173,True,75,33102,6618,2566,7221032,42361,"109.9,55.1,91.3","88:137,25:107,56:117",
gli,train,BraTS-GLI-00033-100,gli-00033,100,182x218x182,1.00x1.00x1.00,6963.68359375,0.20293193549066116,5a79dcc6db93f4413b1cab040d0abf16,c0347801c3ef4873e2578ea309ff359e,True,0,14262,0,71532,7221032,85794,"131.7,109.8,70.7","101:155,50:154,45:102",
gli,train,BraTS-GLI-00033-101,gli-00033,101,182x218x182,1.00x1.00x1.00,8059.74853515625,0.19568504889605806,215c74ed75594ee3e960ec4b5478ab16,a329cd17070d6262b6b441bf69d81c70,True,0,12445,0,67924,7221032,80369,"131.8,109.8,70.7","101:154,52:154,45:101",
gli,train,BraTS-GLI-00046-100,gli-00046,100,182x218x182,1.00x1.00x1.00,8523.6220703125,0.18675751610019178,43f1202b5a75bf55131cc61bf946b7bd,f4749205355c07686fa678cacc62a907,True,63,20851,6187,4290,7221032,31391,"59.0,93.8,119.1","39:79,57:147,86:147",
gli,train,BraTS-GLI-00046-101,gli-00046,101,182x218x182,1.00x1.00x1.00,10594.953125,0.18489864052672803,af959dfcd997d894ca22c029ff345a0e,d0320087dd02d1e561d31a3b1c99e17e,True,4912,64644,25306,9469,7221032,104331,"57.4,88.5,118.1","26:82,43:148,83:153",
gli,train,BraTS-GLI-00060-100,gli-00060,100,182x218x182,1.00x1.00x1.00,6819.109375,0.24343639524101265,1aea8fced969eb961f2261320ca801fd,554a6e40c1dc16222079e5eb221c5066,True,165,65043,9804,1638,7221032,76650,"63.5,104.6,79.8","32:121,33:156,30:121",
gli,train,BraTS-GLI-00060-101,gli-00060,101,182x218x182,1.00x1.00x1.00,7718.25,0.2415880444789609,123ff506a821768d48f590687b5760a3,ec755b604112d72f215e1189638aab9a,True,0,68065,10887,2309,7221032,81261,"64.4,108.3,81.2","32:122,41:165,30:121",
gli,train,BraTS-GLI-00063-100,gli-00063,100,182x218x182,1.00x1.00x1.00,9994.451171875,0.23953127475407948,888a4cfba9f91be3f3bd48843d425456,bd6b2da8364d27416faeb36171e4ad15,True,108,9928,869,0,7221032,10905,"69.0,86.2,127.3","51:83,65:105,98:147",
gli,train,BraTS-GLI-00063-101,gli-00063,101,182x218x182,1.00x1.00x1.00,13797.6123046875,0.23404757103970733,ce7ec7ea9958dab600c5a1069ecbdac9,068ba5303900c51221eb656ba960f311,True,283,67172,9872,0,7221032,77327,"65.9,93.1,119.7","38:89,49:174,74:148",
gli,train,BraTS-GLI-00078-100,gli-00078,100,182x218x182,1.00x1.00x1.00,8138.31103515625,0.23136277473912317,ce84728ce673eaab59561e6af8b088db,fcfef66f24161822211f32af9f4579ac,True,0,67561,0,4770,7221032,72331,"69.5,87.6,105.8","36:128,39:158,64:137",
gli,train,BraTS-GLI-00078-101,gli-00078,101,182x218x182,1.00x1.00x1.00,6262.20947265625,0.2196619541361955,cdb39d74b540c4ea3cf79f8eddf3d128,1a3cc15503bc3445925d9d999aac9e8a,True,0,71869,0,4735,7221032,76604,"69.1,88.5,105.9","35:125,36:157,64:137",
gli,train,BraTS-GLI-00080-100,gli-00080,100,182x218x182,1.00x1.00x1.00,6986.3125,0.19703845655302454,468f4af1894f0ba6bcbeac6d98462ac9,053bdb18d2b0e601d3ab43986a325164,True,4114,25178,9200,1528,7221032,40020,"105.7,101.6,123.2","71:130,66:142,97:149",
gli,train,BraTS-GLI-00080-101,gli-00080,101,182x218x182,1.00x1.00x1.00,8920.189453125,0.19760831969723996,26d57a6113e05d95e6ef2a924c856d58,5dbb932ba1a8e181587ef62bddae83df,True,5587,80459,22395,1167,7221032,109608,"108.5,100.7,118.6","69:141,49:154,78:150",
gli,train,BraTS-GLI-00085-100,gli-00085,100,182x218x182,1.00x1.00x1.00,7771.83984375,0.2308433199021968,9a3dcdcc8db1fcd58e5bddee4b2cfe13,d65dba2627d1fa4dd65eea7b41cb310a,True,0,12467,0,15512,7221032,27979,"108.2,61.9,115.1","67:127,34:92,75:142",
gli,train,BraTS-GLI-00085-101,gli-00085,101,182x218x182,1.00x1.00x1.00,6026.44970703125,0.22208169137043016,7902bdccaa35f6513463f26d904a28eb,f61625d31d6951557bdeecd213bef89d,True,0,18245,0,13241,7221032,31486,"107.9,63.9,112.8","60:127,33:98,74:144",
gli,train,BraTS-GLI-00096-100,gli-00096,100,182x218x182,1.00x1.00x1.00,6574.10595703125,0.2257191215881608,fd4ddfb1512d5eb525cb2dc6db4c4775,7e7f998e0ab6b63136dff6e56fe6d02a,True,445,107064,12252,232,7221032,119993,"52.4,85.9,93.4","20:88,34:145,55:135",
gli,train,BraTS-GLI-00096-101,gli-00096,101,182x218x182,1.00x1.00x1.00,6635.8974609375,0.2131547125120066,7e50eaf5bc58b181e2128a1f37d4c1ce,99fcaa9723e13012471cd6db954e1c39,True,363,78817,9085,390,7221032,88655,"50.6,81.0,91.6","20:84,34:133,56:131",
gli,train,BraTS-GLI-00463-100,gli-00463,100,182x218x182,1.00x1.00x1.00,8711.287109375,0.2337134082773764,a87321da50eb79b5d9f294c8ea939922,5e69189f2265011c1b4c8640577635cc,True,314,32988,15674,2037,7221032,51013,"135.6,92.1,87.9","111:157,57:131,63:114",
gli,train,BraTS-GLI-00463-101,gli-00463,101,182x218x182,1.00x1.00x1.00,7089.927734375,0.22406340257182075,da5ab1a5c6d2e19b1ce182ecaf6ac87e,3448efd934ceee1efc58efe95d4d0c46,True,1412,24884,11312,1549,7221032,39157,"136.5,90.0,89.6","113:157,57:126,62:118",
gli,train,BraTS-GLI-00469-100,gli-00469,100,182x218x182,1.00x1.00x1.00,7281.1015625,0.2124098051358864,cd2350432abcb0bb2d2664aedfc870e0,87cf3cab6e5cbe93cd1a991cb1308efa,True,9674,99299,34911,0,7221032,143884,"117.7,84.6,105.2","82:152,33:128,56:146",
gli,train,BraTS-GLI-00469-101,gli-00469,101,182x218x182,1.00x1.00x1.00,6620.6484375,0.1951762573549044,95607e270bbeaa1f6b3340f54b1b92f0,6f1994a125e3bf61282e58f9f0176e24,True,9067,26946,6511,1131,7221032,43655,"120.4,77.6,106.4","99:151,42:115,81:134",
gli,train,BraTS-GLI-00472-100,gli-00472,100,182x218x182,1.00x1.00x1.00,6875.53125,0.2365006830048669,2522d4d88eb17d1d2e6cdcdf961eda15,99fa8e27ccc78d8a694b620038965d2f,True,0,10088,0,15519,7221032,25607,"128.7,120.4,54.4","108:148,93:144,39:76",
gli,train,BraTS-GLI-00472-101,gli-00472,101,182x218x182,1.00x1.00x1.00,8228.3896484375,0.229808841727886,ce02ede6166e6e92041edaa94c9fa657,b32b8b1418fafa937d9a875f668c384d,True,0,8833,0,14017,7221032,22850,"129.1,120.0,54.3","108:148,91:142,39:76",
gli,train,BraTS-GLI-00483-100,gli-00483,100,182x218x182,1.00x1.00x1.00,6341.5048828125,0.23199149373662933,36fc384c9cd614b1b544cf8949d6e69a,04a82cbd4c4fad3cca3d6f4d3e515e92,True,0,55270,711,1540,7221032,57521,"59.6,97.0,100.9","28:83,50:158,47:131",
gli,train,BraTS-GLI-00483-101,gli-00483,101,182x218x182,1.00x1.00x1.00,10245.7177734375,0.2272396798684731,a86b75da1650be17bca0b1323cc84340,7c10e6b73ed779b20796057311e6ffd6,True,0,63585,421,1422,7221032,65428,"59.1,96.5,101.6","27:104,42:159,47:136",
gli,train,BraTS-GLI-00485-100,gli-00485,100,182x218x182,1.00x1.00x1.00,8408.3046875,0.1968130040138307,1bc786b5a9ac405a6a9e7a1d0edda60c,34ba7223d752559ec2bdd7b54dacf754,True,427,14946,2835,3742,7221032,21950,"118.9,115.0,79.0","89:145,86:143,50:102",
gli,train,BraTS-GLI-00485-101,gli-00485,101,182x218x182,1.00x1.00x1.00,10149.732421875,0.1912284836848805,c0743607b06417c099d9796817ec73bf,b912827ffa6a313a57d722ec0b648a45,True,538,11127,3028,7020,7221032,21713,"123.2,118.7,75.7","40:147,81:147,48:125",
gli,train,BraTS-GLI-00491-100,gli-00491,100,182x218x182,1.00x1.00x1.00,8243.2607421875,0.22912098990836766,a28ef11d1aedcea95e48d6d7e8f32a9e,14d50ac1cd0f0b4991a8b7906d2a54cc,True,0,43239,8809,7940,7221032,59988,"66.1,61.8,108.9","34:115,27:127,77:142",
gli,train,BraTS-GLI-00491-101,gli-00491,101,182x218x182,1.00x1.00x1.00,4461.755859375,0.21756765514956866,2ccd6bade7d7c0a182cf0d269c6358c7,3388ed7be1062fe2c6438e6b0c4fc3c2,True,0,61254,12145,4797,7221032,78196,"71.3,70.5,110.3","35:116,28:126,76:141",
gli,train,BraTS-GLI-00498-100,gli-00498,100,182x218x182,1.00x1.00x1.00,5401.2900390625,0.2090414500309651,d6f88a693840403384519978331c131e,5dad863aba65bf7c36712db3bafc5930,True,14,13717,4816,16253,7221032,34800,"132.5,116.8,70.0","84:152,64:150,29:94",
gli,train,BraTS-GLI-00498-101,gli-00498,101,182x218x182,1.00x1.00x1.00,8092.748046875,0.19845127400072454,14e7a85f40f6c58236f605a49837bb51,e9a82456ea40036007497ed3243e4187,True,198,84795,12540,7415,7221032,104948,"128.6,92.5,84.7","96:154,41:147,54:119",
gli,train,BraTS-GLI-00505-100,gli-00505,100,182x218x182,1.00x1.00x1.00,7946.08251953125,0.19818081404430835,3ff56c2962c4065ef5a5ed426751483b,2fb992fddf712821df124eadda731ddc,True,0,25441,82,13807,7221032,39330,"130.5,76.5,92.8","100:153,36:115,66:130",
gli,train,BraTS-GLI-00505-101,gli-00505,101,182x218x182,1.00x1.00x1.00,7341.38037109375,0.18929953502491056,4c4ea624bc71f54bd267f475b26ea2ce,b71cd713926b29295fefb00865ad8e66,True,0,25813,1867,12139,7221032,39819,"129.7,76.9,93.1","99:153,35:115,65:130",
gli,train,BraTS-GLI-00506-100,gli-00506,100,182x218x182,1.00x1.00x1.00,7025.005859375,0.21757056332114302,86d237d24c4a869883de499967d1f17e,8e39e1468c5ad02816c141ea7994377d,True,0,4033,20456,43047,7221032,67536,"74.8,73.7,121.9","47:103,37:107,94:148",
gli,train,BraTS-GLI-00506-101,gli-00506,101,182x218x182,1.00x1.00x1.00,8618.2763671875,0.2114442921731963,fec0586d19b5ebaa6c36e5ee9191c4cf,19a867cb5c67294c32766a9dc996d1a1,True,0,16224,25389,31818,7221032,73431,"76.5,71.9,122.6","45:122,34:103,90:153",
gli,train,BraTS-GLI-00507-100,gli-00507,100,182x218x182,1.00x1.00x1.00,8765.4033203125,0.18582537786842657,774fbcb5af4b26fee19c2d761b71bb83,d7b4c1b67854a810716060148fb57dbb,True,0,14440,1701,5828,7221032,21969,"107.7,161.3,106.3","90:131,119:186,86:130",
gli,train,BraTS-GLI-00507-101,gli-00507,101,182x218x182,1.00x1.00x1.00,10045.9833984375,0.17760716196798462,d768eeea5323a55447d50a8eb2e3321f,350e122327c74f8d8f7f825357e0be37,True,0,15824,2274,5670,7221032,23768,"107.8,161.6,107.5","90:130,119:186,86:131",
gli,train,BraTS-GLI-00511-100,gli-00511,100,182x218x182,1.00x1.00x1.00,7631.6943359375,0.23931025371442752,32e16922eda7380e2f99ec5581dbca24,20a0a8aaad42ef29e5a82c23809cb114,True,0,13369,0,8844,7221032,22213,"128.7,134.6,60.1","106:146,111:154,38:86",
gli,train,BraTS-GLI-00511-101,gli-00511,101,182x218x182,1.00x1.00x1.00,8398.01953125,0.2329949514141469,842ed45e99d3d7496cfddc5f2b78d72f,f1571f6f9be57fd7b6b52f5cd4bb0e05,True,0,15672,0,11979,7221032,27651,"129.8,134.9,59.7","105:150,109:156,38:84",
gli,train,BraTS-GLI-00512-100,gli-00512,100,182x218x182,1.00x1.00x1.00,8139.818359375,0.1960971783534542,132bdad0e91753aedf73a7f206d90c55,190c55ea2e144be83eb162838fccf9cf,True,0,46985,116,18123,7221032,65224,"61.8,97.1,90.1","36:82,41:149,48:135",
gli,train,BraTS-GLI-00512-101,gli-00512,101,182x218x182,1.00x1.00x1.00,10772.12890625,0.1854740430453708,a2977f0701d93dcf802b9d5e604a9a62,9f43434194a65199c2cf8a7007eb7815,True,0,52883,957,15409,7221032,69249,"61.9,95.5,92.5","36:82,40:150,48:135",
gli,train,BraTS-GLI-00517-100,gli-00517,100,182x218x182,1.00x1.00x1.00,7210.11474609375,0.23400837996563373,cc9dddf87506981c2d52fed2fcb30667,009f160d44c261d5ff2c9c2b7c881f32,True,736,90630,3308,24112,7221032,118786,"71.0,82.0,108.6","26:128,40:152,40:145",
gli,train,BraTS-GLI-00517-101,gli-00517,101,182x218x182,1.00x1.00x1.00,4980.701171875,0.22833564509892768,ab54dbb3aa03c62b8b2f98817a964724,20fda74546317f193cf4bdb601156510,True,2654,125577,12282,12159,7221032,152672,"78.1,85.2,105.7","26:131,36:157,39:148",
gli,train,BraTS-GLI-00518-100,gli-00518,100,182x218x182,1.00x1.00x1.00,6195.79345703125,0.21722906088769584,f8112484896c5dcea6c2cc775adb7675,21db22928d0e59d501eadab0f2c7b1ad,True,0,3426,504,4373,7221032,8303,"124.6,133.2,97.6","104:140,109:151,81:111",
gli,train,BraTS-GLI-00518-101,gli-00518,101,182x218x182,1.00x1.00x1.00,7044.23193359375,0.2100595870507152,9b7e98827617db14cac183c2c2575544,1eacc7f9b5d528d03fd99e6de460742b,True,52,8271,2407,1913,7221032,12643,"120.7,126.6,101.2","103:139,108:147,82:116",
gli,train,BraTS-GLI-00528-100,gli-00528,100,182x218x182,1.00x1.00x1.00,5466.04541015625,0.26101393817393415,ff5bcdc14060d1a20eda98a3747c97a5,7c90b29f44e16f3e8d3bace04a1764eb,True,29874,104135,67375,52172,7221032,253556,"85.9,82.6,101.1","31:137,29:172,52:145",
gli,train,BraTS-GLI-00528-101,gli-00528,101,182x218x182,1.00x1.00x1.00,6836.68017578125,0.25541847758048986,965197ff917f6dfed04f0d0ba5337498,97e0d5215ebe113c983e56e3c2683ec5,True,44657,111888,87993,51145,7221032,295683,"84.2,82.8,101.6","27:140,30:170,56:150",
gli,train,BraTS-GLI-00529-100,gli-00529,100,182x218x182,1.00x1.00x1.00,6137.53271484375,0.22408112856998832,42c38998fa43aea3112ec7ed173c56ec,eb86b1f225b9c5a3a21a8cfddf184bbd,True,0,43496,501,1249,7221032,45246,"123.8,115.0,103.3","103:149,69:162,69:133",
gli,train,BraTS-GLI-00529-101,gli-00529,101,182x218x182,1.00x1.00x1.00,7589.01708984375,0.22356333554539018,12e63a3ad742dd0953459e62be607d1a,b9a4a1bfe37092dd61656791b4b2d998,True,0,42910,135,1360,7221032,44405,"122.9,117.6,104.4","102:147,68:164,72:134",
gli,train,BraTS-GLI-00533-100,gli-00533,100,182x218x182,1.00x1.00x1.00,9136.2109375,0.22567923809228377,cb948c2a635c4babc7fed9ad757d5da0,9eae851039b9455177d3b3c7e92fa964,True,2971,26839,31750,2059,7221032,63619,"116.8,60.9,83.6","90:149,23:110,58:124",
gli,train,BraTS-GLI-00533-101,gli-00533,101,182x218x182,1.00x1.00x1.00,12972.4482421875,0.21765240757830737,971b7614ac3d3a770544f6aec1357d13,b2aa5f1337ba7dd4656e0b75a031b929,True,6725,25259,70152,1235,7221032,103371,"118.0,66.7,82.3","56:149,24:117,54:123",
gli,train,BraTS-GLI-00543-100,gli-00543,100,182x218x182,1.00x1.00x1.00,4707.0478515625,0.20784466818593242,de7558618879f0d0a0e2ed2dbbf85c1a,e15d95333dc0378f0d94180efe852fc2,True,0,37884,0,12854,7221032,50738,"113.1,140.5,84.5","65:140,86:183,53:112",
gli,train,BraTS-GLI-00543-101,gli-00543,101,182x218x182,1.00x1.00x1.00,4905.8515625,0.2009734896618655,673cc5390db88225c1bf99e8530db098,b4612ac3cc162149e70f94b791869573,True,0,32866,0,11811,7221032,44677,"114.4,141.6,85.0","68:140,92:183,54:114",
gli,train,BraTS-GLI-00547-100,gli-00547,100,182x218x182,1.00x1.00x1.00,8129.17626953125,0.22211451216391231,2fcc2fa5f46a1b3103d526fc206ec0b3,2284e139e03fb42dc8360e8b69ba1b63,True,2452,167016,16881,654,7221032,187003,"101.5,116.8,116.1","37:145,48:188,78:157",
gli,train,BraTS-GLI-00547-101,gli-00547,101,182x218x182,1.00x1.00x1.00,6824.53271484375,0.21278925228416104,6c293ca8ed15b1b22165a9bcb12bdacd,e2c2dde1f3a879b72048ed5a82361192,True,4789,107349,18549,980,7221032,131667,"94.8,114.8,116.4","35:141,47:181,79:156",
gli,train,BraTS-GLI-00548-100,gli-00548,100,182x218x182,1.00x1.00x1.00,6780.2587890625,0.2147075376483583,03493c6a56dc69259ca6db5989e25bab,06755aa6b6337f20be4a7d22d0703abc,True,0,13178,0,11511,7221032,24689,"52.9,123.1,62.9","30:74,81:149,46:84",
gli,train,BraTS-GLI-00548-101,gli-00548,101,182x218x182,1.00x1.00x1.00,7334.74755859375,0.20600698071965337,0db2620bdf867c11a82ee9f4d4e32926,6c0b43621230cca05b1fb185d0c8b826,True,0,12315,0,10434,7221032,22749,"52.8,123.3,63.3","31:73,79:148,48:84",
gli,train,BraTS-GLI-00549-100,gli-00549,100,182x218x182,1.00x1.00x1.00,9441.4736328125,0.20444307683444693,edb271035498a90e319c08ea25df6efd,08104a8d048537d58d6cc4944a30f0c2,True,0,7968,0,5735,7221032,13703,"69.3,150.5,103.3","45:82,124:171,88:126",
gli,train,BraTS-GLI-00549-101,gli-00549,101,182x218x182,1.00x1.00x1.00,7954.5380859375,0.192995821095932,9490cf55690c2695c514fd5d677e84a2,f0d25347960b9337b987a202710ccdc9,True,0,8314,0,6360,7221032,14674,"69.2,150.5,103.2","45:84,125:172,87:126",
gli,train,BraTS-GLI-00553-100,gli-00553,100,182x218x182,1.00x1.00x1.00,6788.81201171875,0.22084931904470165,50b49a6e9269ecb25d5cc5acf21e3e24,7c1d96e9bd20e348075baa0b144764f5,True,0,13453,0,19345,7221032,32798,"51.1,113.2,70.6","29:84,50:146,44:125",
gli,train,BraTS-GLI-00553-101,gli-00553,101,182x218x182,1.00x1.00x1.00,7056.59912109375,0.21526576810627623,d6016b401d983e8df86230b12737e577,ebb349ac3c023b15d77b888adab1ebe1,True,22,46368,1057,18946,7221032,66393,"54.1,93.2,82.3","30:104,46:145,45:125",
gli,train,BraTS-GLI-00556-100,gli-00556,100,182x218x182,1.00x1.00x1.00,1312.70654296875,0.23250942524558815,ded159e63e45e48f4bd7a2159e8b2803,5a121145df6f71ab2ea83e5f6a815e57,True,0,31065,2397,665,7221032,34127,"49.9,66.2,106.1","25:74,38:104,84:128",
gli,train,BraTS-GLI-00556-101,gli-00556,101,182x218x182,1.00x1.00x1.00,6523.962890625,0.21596580654953476,b73cd529957b0f6a3fa98e3b08431b17,2a7ba40e45ddae3660d6bec7715d95a8,True,0,31423,1642,1648,7221032,34713,"51.2,66.7,106.1","27:74,38:105,81:128",
gli,train,BraTS-GLI-00557-100,gli-00557,100,182x218x182,1.00x1.00x1.00,3334.94091796875,0.209749659051504,2acad230296e098efdff4f31e61059f1,c5e6899f2afd0e701601965a2cd91eba,True,2054,67571,12732,598,7221032,82955,"62.9,109.7,108.0","32:89,61:152,75:136",
gli,train,BraTS-GLI-00557-101,gli-00557,101,182x218x182,1.00x1.00x1.00,3596.4716796875,0.20406266029564749,8bfb0b7c4b6534667de5c63b96aeed9b,fdcf9de3a62caa9da4acb9a8575f9257,True,1832,58371,23826,566,7221032,84595,"64.1,112.3,107.0","31:111,69:153,75:138",
gli,train,BraTS-GLI-02060-100,gli-02060,100,182x218x182,1.00x1.00x1.00,2903.3271484375,0.21230871155258693,04451e072247f16b29bed3968f26020e,405b1054812420e8f99a16225867cddc,True,2867,87949,19975,21179,7221032,131970,"128.6,87.0,72.7","95:157,31:139,29:110",
gli,train,BraTS-GLI-02060-101,gli-02060,101,182x218x182,1.00x1.00x1.00,8101.2802734375,0.22588405646173565,b05286412aa6c6edaeea1b7a888a9383,21944741d9c48cc79163b5a82e362a7b,True,0,50424,2436,24561,7221032,77421,"129.2,71.7,78.0","98:157,32:124,51:119",
gli,train,BraTS-GLI-02061-100,gli-02061,100,182x218x182,1.00x1.00x1.00,2085.12060546875,0.1994818746129362,6e7c5d0b162e05e789183c538623e9ff,812fd5cc4545b7d04bac32ef6ad34d12,True,0,21286,427,8381,7221032,30094,"106.1,96.2,128.1","73:133,67:147,99:152",
gli,train,BraTS-GLI-02061-101,gli-02061,101,182x218x182,1.00x1.00x1.00,1249.961181640625,0.1995509783089176,df0b8afadbfe735e74374ea1bd0fe88b,c34e8670f3a2a0495b41d7be70d1ffe1,True,0,30098,3368,8303,7221032,41769,"98.5,87.5,127.7","67:137,57:129,96:151",
gli,train,BraTS-GLI-02061-102,gli-02061,102,182x218x182,1.00x1.00x1.00,1992.7010498046875,0.19909702657459488,a6b5d7b951eeba1cf3a43c0257141b52,e3ef537643798c9efdb333bf6de1e88a,True,29,49992,7659,9511,7221032,67191,"95.2,88.1,127.1","60:139,55:129,88:154",
gli,train,BraTS-GLI-02061-103,gli-02061,103,182x218x182,1.00x1.00x1.00,1038.3148193359375,0.19854267367877612,123d8c3f440a343eca06c0d98f077c26,49b3a43930df1fa945a0a81592d2090b,True,383,126169,18153,8433,7221032,153138,"75.1,89.9,122.0","40:122,38:140,82:157",
gli,train,BraTS-GLI-02062-100,gli-02062,100,182x218x182,1.00x1.00x1.00,1849.5277099609375,0.18453110303347223,9d45daaea90b226ea745c5860e94ac6b,4cd91677f07746e733682cf4ca8a6213,True,0,26522,1062,2785,7221032,30369,"47.2,86.9,94.1","29:75,46:116,63:122",
gli,train,BraTS-GLI-02062-101,gli-02062,101,182x218x182,1.00x1.00x1.00,8579.4326171875,0.1860621861251965,73ada88df4429ffba66782042a533287,4c69c35bee8eee7eaf6bd090728dbe1c,True,0,34195,470,4253,7221032,38918,"49.3,88.4,95.4","29:78,43:128,59:124",
gli,train,BraTS-GLI-02062-102,gli-02062,102,182x218x182,1.00x1.00x1.00,1756.6680908203125,0.1820987637224153,b9bd7b7b9b8f131f088e7548e51f16c1,5de8ff1e9b347159d88cc737b81457a8,True,0,39360,554,3683,7221032,43597,"52.6,92.0,100.7","30:78,45:131,62:131",
gli,train,BraTS-GLI-02062-103,gli-02062,103,182x218x182,1.00x1.00x1.00,8380.32421875,0.18458663526210659,7097c3af530503c6698022542ae0ba32,4ce9c8a553dd7b3c61d9a27e4ec6dadd,True,0,34223,230,4147,7221032,38600,"50.6,87.6,95.4","28:78,41:127,52:127",
gli,train,BraTS-GLI-02062-104,gli-02062,104,182x218x182,1.00x1.00x1.00,10641.1923828125,0.18541823384801506,401d4a37885a1da70baea538f3e96a0e,6edd0e408a60891709b508ff1787fea0,True,0,29763,594,3693,7221032,34050,"52.0,85.7,95.4","29:78,40:129,59:123",
gli,train,BraTS-GLI-02062-105,gli-02062,105,182x218x182,1.00x1.00x1.00,2116.11962890625,0.18259564560855013,c1708b024effd90f2399a886b16b7914,0462a4848edec4e40e2537f841e067fb,True,34,52726,7509,1391,7221032,61660,"61.7,83.2,105.2","29:93,44:113,63:145",
gli,train,BraTS-GLI-02063-100,gli-02063,100,182x218x182,1.00x1.00x1.00,1764.3896484375,0.2236043269161527,b237dcca63873be8809652118014edc5,85288aa34d85c3a58020e7d97bf5d222,True,55,98221,10015,1626,7221032,109917,"52.6,99.8,110.9","25:80,64:147,77:152",
gli,train,BraTS-GLI-02063-101,gli-02063,101,182x218x182,1.00x1.00x1.00,7230.5634765625,0.2177379909132102,ada8fb7e6100a6dd8a999d286ea08a4c,1d50ca6eb8a76455c52a22d3af17c5bd,True,120,62281,7343,820,7221032,70564,"50.7,98.1,109.3","25:75,61:144,73:143",
gli,train,BraTS-GLI-02063-102,gli-02063,102,182x218x182,1.00x1.00x1.00,1704.58544921875,0.22006425120398304,3aba1b9d56b7fae9204a9c4fbb1a2b32,e30c54fd6d5d39a7e09270dbb1be4808,True,25,82143,4812,1643,7221032,88623,"54.4,99.9,110.8","27:80,52:155,71:145",
gli,train,BraTS-GLI-02063-103,gli-02063,103,182x218x182,1.00x1.00x1.00,8980.7939453125,0.2243273537632848,c1c5cc64e7d23dde65aa403ce9be9ac8,f7df0e869c685234aaa24db0a930d3b5,True,24,72039,1272,2714,7221032,76049,"53.4,105.4,105.5","26:76,52:157,65:140",
gli,train,BraTS-GLI-02063-104,gli-02063,104,182x218x182,1.00x1.00x1.00,1667.115966796875,0.2193099268913363,edbeba19eea89e0e4cb52b3e25d17492,16629198ecf1c3e8ab5bd1414a233c50,True,0,85828,536,2543,7221032,88907,"55.9,105.8,107.9","26:78,47:158,66:144",
gli,train,BraTS-GLI-02063-105,gli-02063,105,182x218x182,1.00x1.00x1.00,1782.0303955078125,0.21894779028814718,bb918dd91a7bd37384c0e13fc894d8f5,fd717baef09bf621fa0f8be0992c41c3,True,0,97116,392,2539,7221032,100047,"56.2,106.1,107.5","27:106,46:159,65:146",
gli,train,BraTS-GLI-02063-106,gli-02063,106,182x218x182,1.00x1.00x1.00,1725.64208984375,0.2224478440200791,e24f68409dcd630b6688ed42d18cb003,3d0901fbf7948b6517d6c6213e12de37,True,0,105625,254,2495,7221032,108374,"58.1,102.2,108.7","28:83,43:157,65:149",
gli,train,BraTS-GLI-02064-100,gli-02064,100,182x218x182,1.00x1.00x1.00,6202.001953125,0.1934186138491008,14e131f4d850434e3bbc46c89aab1d0e,e527abbbfce619853adf1e811554c91a,True,0,16098,0,18792,7221032,34890,"50.1,121.4,54.6","24:76,62:165,31:87",
gli,train,BraTS-GLI-02064-101,gli-02064,101,182x218x182,1.00x1.00x1.00,7367.28271484375,0.1943929898108747,8d8fb89f9d7552b644c254662ef957fa,65b9dd83dca84140a4858d909f7b01df,True,0,25883,846,19760,7221032,46489,"52.0,117.5,73.5","24:78,55:159,51:117",
gli,train,BraTS-GLI-02064-102,gli-02064,102,182x218x182,1.00x1.00x1.00,10347.0185546875,0.2011389784728831,c2e7d18b00e933e2b1a521d69a2a1b33,7dd7727df1bc1a8b94e5ada1271bc0f6,True,0,22857,1328,19536,7221032,43721,"51.2,118.9,59.8","24:82,48:167,34:102",
gli,train,BraTS-GLI-02066-100,gli-02066,100,182x218x182,1.00x1.00x1.00,1935.751220703125,0.19655099160341624,d106bd25e2ec8c01f93f557cbccefd34,8e5821907183dbd825e89608e3f38671,True,846,141956,27899,0,7221032,170701,"114.5,90.0,113.9","79:148,36:141,69:155",
gli,train,BraTS-GLI-02066-101,gli-02066,101,182x218x182,1.00x1.00x1.00,1899.782958984375,0.19282811653514345,f70bc1b9bddf98d48512fe1255d784f1,9a152b4c6bc66862b0eac01b32a70176,True,715,38758,9980,0,7221032,49453,"112.6,82.2,122.1","94:137,42:130,86:151",
gli,train,BraTS-GLI-02066-102,gli-02066,102,182x218x182,1.00x1.00x1.00,1527.9722900390625,0.19238579748711818,80b2384a6180986b860c538852786c3f,3dc5987958918e3fbe2ea75839932a36,True,462,22865,11310,0,7221032,34637,"109.7,71.5,126.2","92:130,43:98,89:153",
gli,train,BraTS-GLI-02066-103,gli-02066,103,182x218x182,1.00x1.00x1.00,1725.466552734375,0.19508485767685282,2484ad104f3245555091d1c6a4762bcd,6dac8aae39f4d6421e7e54f6cf34e1d8,True,3022,88301,59755,0,7221032,151078,"107.6,86.2,119.2","64:140,38:137,73:158",
gli,train,BraTS-GLI-02066-104,gli-02066,104,182x218x182,1.00x1.00x1.00,2018.2677001953125,0.1949406954573806,79c62c814cde2ac381958d5d99c72422,3130ad4f485cd181728868b9c09a7be8,True,9138,85940,70823,0,7221032,165901,"108.3,85.4,114.4","63:143,35:138,75:157",
gli,train,BraTS-GLI-02066-105,gli-02066,105,182x218x182,1.00x1.00x1.00,1874.7900390625,0.1968742141012531,1cc7013deb1d1e5989025fb7487a59c5,8af20746d91da463a1519c77e0360d65,True,20710,74312,103176,0,7221032,198198,"108.1,82.2,110.8","61:141,37:139,63:158",
gli,train,BraTS-GLI-02068-100,gli-02068,100,182x218x182,1.00x1.00x1.00,1945.9464111328125,0.20918921284381511,3aee9e4ec08de50db9e12c4999468108,d6dfd7aa36355a25587ab712fb2ffb5d,True,0,28517,217,11576,7221032,40310,"115.5,56.1,93.7","90:135,23:107,68:122",
gli,train,BraTS-GLI-02068-101,gli-02068,101,182x218x182,1.00x1.00x1.00,12624.29296875,0.214225335104456,4db600733329be3bbacbad3600bc2839,0a8b565cfc6f21c3f66f02f9a38b77da,True,0,23523,56,14799,7221032,38378,"114.3,56.8,96.1","89:135,24:109,70:121",
gli,train,BraTS-GLI-02069-100,gli-02069,100,182x218x182,1.00x1.00x1.00,1786.320068359375,0.18667927243640522,20ba0402295987067b33b3d83e3c1d15,a88da02fa77f42af0d5d63ca5554c760,True,0,55903,956,864,7221032,57723,"122.3,83.8,115.9","102:149,37:141,67:148",
gli,train,BraTS-GLI-02069-101,gli-02069,101,182x218x182,1.00x1.00x1.00,1626.117919921875,0.18872565583423534,c109bb2a30e8294ded4e3135311c2a44,e72a59ac0c7da9117e87029f2f6290c6,True,0,68679,557,2274,7221032,71510,"122.3,98.3,125.5","103:149,41:163,77:153",
gli,train,BraTS-GLI-02069-102,gli-02069,102,182x218x182,1.00x1.00x1.00,12847.7392578125,0.1906490651197779,bdc6930906df0d4b0e7f4782aa104af6,57e1ed83d91415bb6c8a8728cb6d686a,True,0,60940,526,2125,7221032,63591,"120.2,90.9,121.6","98:147,40:155,74:151",
gli,train,BraTS-GLI-02069-103,gli-02069,103,182x218x182,1.00x1.00x1.00,17984.33984375,0.1930650632762741,d63874c9b2ad81f457fb071c8db5e632,d98ec6894689cca9e8f10789b0adbd86,True,0,74633,361,2010,7221032,77004,"121.1,101.3,123.4","99:148,41:164,76:153",
gli,train,BraTS-GLI-02070-100,gli-02070,100,182x218x182,1.00x1.00x1.00,1842.061279296875,0.1917185798373418,2d39c25a3249093f9146dfc3f0378e53,0767b1c5c63f1e8277f887f8ee8179f5,True,15988,32504,19520,4434,7221032,72446,"130.9,98.2,73.0","103:157,40:142,43:114",
gli,train,BraTS-GLI-02070-101,gli-02070,101,182x218x182,1.00x1.00x1.00,8208.75390625,0.1950843037394101,af8e060c080365da6919396dca12668b,b5017049cb86072d7f84ca14d6f080b3,True,16400,21629,19443,6466,7221032,63938,"130.2,99.9,65.6","103:156,41:141,38:107",
gli,train,BraTS-GLI-02070-102,gli-02070,102,182x218x182,1.00x1.00x1.00,1723.119384765625,0.19302213312446198,4b278961755f511bf62aca031beb592b,5dcfdf1dc1aa500e950d2b43913501d1,True,21280,55347,27532,2015,7221032,106174,"126.9,101.1,75.3","91:157,40:144,45:120",
gli,train,BraTS-GLI-02071-100,gli-02071,100,182x218x182,1.00x1.00x1.00,1934.67041015625,0.2064786584521437,1dee26b242166bf3e9a1b5ad1fc1b744,e1e86487918a091bdc13bb5316c419bb,True,2955,58998,35203,3918,7221032,101074,"50.5,100.2,86.4","24:76,61:152,43:128",
gli,train,BraTS-GLI-02071-101,gli-02071,101,182x218x182,1.00x1.00x1.00,1879.920166015625,0.199324556379199,203b7ad1804dad0c8f8d19518176f3fc,beb32cd85a827fb00c91e15d277fc2e3,True,6112,73368,26968,3419,7221032,109867,"53.7,103.2,83.5","23:85,37:161,42:123",
gli,train,BraTS-GLI-02072-100,gli-02072,100,182x218x182,1.00x1.00x1.00,1071.9827880859375,0.17424725440906508,8521597f4dd30604835e218f6526aba3,c9a7238f445a4ff1d3d8d8d24f9d48d0,True,817,22853,10489,2543,7221032,36702,"51.9,94.8,80.8","33:76,63:129,54:118",
gli,train,BraTS-GLI-02072-101,gli-02072,101,182x218x182,1.00x1.00x1.00,1153.8370361328125,0.17287141228566774,95d724eddf2e88719ccd125f2ed90df4,ffcb410e01dc3b91cb5101e5bc7bcb6f,True,285,24033,12605,1623,7221032,38546,"53.5,94.9,81.8","36:76,63:129,53:118",
gli,train,BraTS-GLI-02072-102,gli-02072,102,182x218x182,1.00x1.00x1.00,1491.3988037109375,0.17483982898843267,ff838a1b153c1f4e41ddc0b231f41e9a,30eacffcfcc61f6818ac58f295fd7d96,True,1755,63777,28339,530,7221032,94401,"52.5,101.0,98.7","28:88,52:141,55:146",
gli,train,BraTS-GLI-02072-103,gli-02072,103,182x218x182,1.00x1.00x1.00,1776.0628662109375,0.17424337684696592,4800a87bcab3edb413057d9d74b1462a,3a0214b1bfa831f4fbf7296e229a1319,True,4065,49587,59546,453,7221032,113651,"53.9,111.5,86.7","28:91,74:152,43:138",
gli,train,BraTS-GLI-02072-104,gli-02072,104,182x218x182,1.00x1.00x1.00,1846.4461669921875,0.17456978448509852,9161040d2cdf7d03d349f2d6000b5c0a,105e6db287449971da3a8b63ed7f2d0d,True,5073,52052,27424,621,7221032,85170,"53.7,102.9,84.4","31:80,62:139,49:131",
gli,train,BraTS-GLI-02072-105,gli-02072,105,182x218x182,1.00x1.00x1.00,1737.4375,0.17218522227847766,3fa92d41e1c31e8333e9f99a69ca64b2,1c1696528d45297112a1278c9f1cb563,True,3294,41819,16566,1137,7221032,62816,"50.2,108.1,85.3","28:78,67:143,50:127",
gli,train,BraTS-GLI-02074-100,gli-02074,100,182x218x182,1.00x1.00x1.00,1819.990234375,0.2079463157066746,710f1317849533d31a3576cc637d7952,810f85da6e6974780f51e7d8c541c2cb,True,423,63883,17654,3336,7221032,85296,"49.6,124.0,73.5","22:79,72:178,39:113",
gli,train,BraTS-GLI-02074-101,gli-02074,101,182x218x182,1.00x1.00x1.00,1949.28076171875,0.21117674038835446,dd6bde2ee5a1798d913d9c398ac1fb6c,b7db67df105cb314e1dc480ec74234c0,True,999,92115,26847,1707,7221032,121668,"51.2,117.8,80.8","21:84,56:179,42:122",
gli,train,BraTS-GLI-02076-100,gli-02076,100,182x218x182,1.00x1.00x1.00,1757.6634521484375,0.17907149559785915,cc4be35ca50655bea05a77d22462e399,92c8ef663086c94300c5f8fe255c6439,True,4,157655,14300,23531,7221032,195490,"66.1,92.6,108.8","34:124,33:166,55:153",
gli,train,BraTS-GLI-02076-101,gli-02076,101,182x218x182,1.00x1.00x1.00,1609.7196044921875,0.17839278374614598,f7c8ed41dd31d3569d90a3dff5d56364,0f5722faef03ce7e1400821e70da104d,True,0,157547,12658,25301,7221032,195506,"65.8,94.4,109.2","32:124,35:168,56:153",
gli,train,BraTS-GLI-02077-100,gli-02077,100,182x218x182,1.00x1.00x1.00,9350.9130859375,0.17191185415048707,a264b4f48ebc58d1aec6514950a17a20,640f4c73264563911880aff3c54b721c,True,1,57473,575,16649,7221032,74698,"58.1,106.9,77.3","31:86,58:157,37:115",
gli,train,BraTS-GLI-02077-101,gli-02077,101,182x218x182,1.00x1.00x1.00,8833.48046875,0.18144608693051076,95af7bc733b730d1854f92d8bc05dfef,767d08cd17e177e1ea1278cbc1d5d430,True,188,54229,4866,1179,7221032,60462,"56.0,112.5,84.9","27:94,61:159,45:124",
gli,train,BraTS-GLI-02078-100,gli-02078,100,182x218x182,1.00x1.00x1.00,4631.13330078125,0.2115703129414189,e9512e987a84b4a5cedc005a966eddc0,1a75e69af71ae8946456be0aab0d60ea,True,397,111681,21072,38913,7221032,172063,"126.8,97.7,85.8","97:153,42:165,37:134",
gli,train,BraTS-GLI-02078-101,gli-02078,101,182x218x182,1.00x1.00x1.00,1910.718505859375,0.21051395423811997,e6d7f4c2407291ac8f3431db9bd33f22,edf564da4ef2a533998c0a4d73f25e78,True,33,108828,28045,4688,7221032,141594,"128.6,103.0,91.7","102:153,42:167,38:138",
gli,train,BraTS-GLI-02078-102,gli-02078,102,182x218x182,1.00x1.00x1.00,10565.03125,0.20312802934538995,b06f71b3c352a9acb8f527c0ee3ff920,53ebc66b708c611fdff7f9e40c0ff8c7,True,5620,126807,32223,5266,7221032,169916,"128.1,102.6,92.3","98:154,43:169,37:140",
gli,train,BraTS-GLI-02078-103,gli-02078,103,182x218x182,1.00x1.00x1.00,1091.5662841796875,0.20850385374278912,146da554aed669e6def0b4a03a098512,a461f1c722943cbf23d141f2a29ca80d,True,10658,131706,39764,3762,7221032,185890,"126.4,105.2,93.3","97:152,41:174,36:147",
gli,train,BraTS-GLI-02079-100,gli-02079,100,182x218x182,1.00x1.00x1.00,7785.1494140625,0.25058509642389065,f24487bb530ce450cd0063a88218daa3,e08137dbd3755f73ced156038fa87e7d,True,121,250543,256,373,7221032,251293,"118.4,97.0,72.3","60:159,33:166,24:130",
gli,train,BraTS-GLI-02079-101,gli-02079,101,182x218x182,1.00x1.00x1.00,2154.44140625,0.25577396693436616,b2ab98e0d44dc7d11291eec2e24b0c6f,4c1dbb01ffa7b0026fe951aa86641a1c,True,2266,272554,21323,213,7221032,296356,"112.9,103.2,79.4","56:155,33:194,26:149",
gli,train,BraTS-GLI-02081-100,gli-02081,100,182x218x182,1.00x1.00x1.00,1768.1864013671875,0.19775040465130192,6580404d9733c91e5c0055a01ccbde92,c8f63362e5179789a24dff4dc170e6b3,True,0,34627,1344,22187,7221032,58158,"106.5,169.1,88.5","72:133,136:196,55:133",
gli,train,BraTS-GLI-02081-101,gli-02081,101,182x218x182,1.00x1.00x1.00,1576.7088623046875,0.1981129567075731,32cf97cdb4a2efd00c19ac05462a63dd,797d3f0c3d9ad7ce097e739780b73256,True,0,32802,1151,22095,7221032,56048,"107.0,168.9,85.9","72:134,137:196,53:130",
gli,train,BraTS-GLI-02081-102,gli-02081,102,182x218x182,1.00x1.00x1.00,911.569091796875,0.19793915883491445,3a8c196fa0980620331d3ecbe79cb31c,be2f97d595210d33d63d417b2850c4a7,True,0,31871,1132,23060,7221032,56063,"105.6,169.0,88.7","70:132,137:195,56:132",
gli,train,BraTS-GLI-02082-100,gli-02082,100,182x218x182,1.00x1.00x1.00,7585.38916015625,0.21808406333055996,bef9a16d2e3eebbee3faf473e348931d,f12b6e5b54b83f45f832f9bbed2e350e,True,0,107081,405,418,7221032,107904,"75.6,136.6,103.2","32:138,77:184,52:151",
gli,train,BraTS-GLI-02082-101,gli-02082,101,182x218x182,1.00x1.00x1.00,1597.7401123046875,0.2108605805929125,10dce7f91fe807c713304174d0aa79f0,434a034acf3aa4fb73cdd060c7168b01,True,0,112381,108,459,7221032,112948,"77.4,135.6,103.4","33:137,62:185,52:149",
gli,train,BraTS-GLI-02082-102,gli-02082,102,182x218x182,1.00x1.00x1.00,751.2491455078125,0.21653456181886468,899312d72abffb161396197abd296b15,1dac089084ab246742dd3f9074ae35d0,True,0,112796,91,504,7221032,113391,"77.8,138.4,100.2","34:139,67:186,50:147",
gli,train,BraTS-GLI-02082-103,gli-02082,103,182x218x182,1.00x1.00x1.00,9807.0009765625,0.22028374891566746,723fbf339be0db8767f3919befd6e6be,256b98efbc7628e98c946c7dec63df12,True,0,129425,0,1438,7221032,130863,"78.0,138.1,101.7","32:140,68:187,51:150",
gli,train,BraTS-GLI-02082-104,gli-02082,104,182x218x182,1.00x1.00x1.00,1368.8485107421875,0.21170852033338172,0851fdc807f77df8758fefea82f34850,85f1ab3c43ba87cb0bdcbff36577f4d2,True,0,128557,0,1590,7221032,130147,"79.0,136.0,100.2","34:137,55:185,49:147",
gli,train,BraTS-GLI-02082-105,gli-02082,105,182x218x182,1.00x1.00x1.00,9301.09375,0.21964990599681597,7aad8b82ccccc753884c78c13f100204,2cb3aa29c0bf10ac23d5bc94108e0272,True,0,119240,0,3180,7221032,122420,"75.6,137.7,98.3","32:138,64:186,49:148",
gli,train,BraTS-GLI-02082-106,gli-02082,106,182x218x182,1.00x1.00x1.00,1437.222900390625,0.20990947000373353,d7d66f6b6c19437f7e2c28ceace30c05,c408d0502d5a1edd131a4f87844e35dd,True,0,134818,0,915,7221032,135733,"77.9,138.0,99.4","35:138,55:189,47:147",
gli,train,BraTS-GLI-02083-100,gli-02083,100,182x218x182,1.00x1.00x1.00,1900.6053466796875,0.20105727270007945,97f5ff7e32c251aaebe4f5ff1e09199d,36fbd9194d3f374ed5c36856edb00741,True,0,13718,146,1986,7221032,15850,"78.7,81.2,135.7","50:121,56:116,110:155",
gli,train,BraTS-GLI-02083-101,gli-02083,101,182x218x182,1.00x1.00x1.00,1887.8079833984375,0.20261812992935083,eab843c7ba40ecdf3f814ed187ce68c1,cf1d194048fd45ddc122a1d7169582e1,True,0,17722,401,2034,7221032,20157,"75.8,80.4,132.3","49:117,56:118,104:156",
gli,train,BraTS-GLI-02083-102,gli-02083,102,182x218x182,1.00x1.00x1.00,1906.9713134765625,0.20118481679626957,88936cd336cfdef165bd6a5f29935382,0450155a2ad1132f6e34bba98a977a1f,True,7,50004,2456,1009,7221032,53476,"72.2,97.4,131.2","53:89,56:136,104:158",
gli,train,BraTS-GLI-02083-103,gli-02083,103,182x218x182,1.00x1.00x1.00,1079.526611328125,0.20312401329893012,286c7d87bd87a99fcf4c23a62b83c51a,46b0722856482715632cd2f38961daa6,True,205,70346,10224,605,7221032,81380,"69.0,98.9,129.9","42:89,56:143,99:159",
gli,train,BraTS-GLI-02084-100,gli-02084,100,182x218x182,1.00x1.00x1.00,2121.486572265625,0.21205819334410927,e4ff78723cebd6526d61444d9bdbd32a,74fdb3208fa0417356dd46beea98956c,True,16,17552,3851,1785,7221032,23204,"133.3,83.5,76.5","114:151,61:111,54:105",
gli,train,BraTS-GLI-02084-101,gli-02084,101,182x218x182,1.00x1.00x1.00,1614.713623046875,0.21418018920287293,5c35a34fcca667beba7a5da950ffb494,eba255b15d5f78b693c2484ba0e51f72,True,1885,46301,21549,262,7221032,69997,"129.8,82.3,80.5","106:155,45:125,48:110",
gli,train,BraTS-GLI-02084-102,gli-02084,102,182x218x182,1.00x1.00x1.00,1743.5157470703125,0.21349386071132215,4c6c5e49d776f98812a717d8f6a038f8,38059fb7a79b70a63457d08d5dcfcc2b,True,2363,80101,45364,0,7221032,127828,"127.1,80.0,84.7","97:156,32:131,46:129",
gli,train,BraTS-GLI-02084-103,gli-02084,103,182x218x182,1.00x1.00x1.00,2152.182373046875,0.21497495094883945,1532a24bbba57a56bead34778ea2b93e,43aa0f0c43daa3037c3385856dbddd5e,True,4465,72262,60597,0,7221032,137324,"127.0,80.6,82.1","98:156,30:128,44:124",
gli,train,BraTS-GLI-02085-100,gli-02085,100,182x218x182,1.00x1.00x1.00,9629.1806640625,0.20858334376582183,09e5ad5fa93d133576136255ea5259cd,bcd6d3b414dd32cee370c307cfd25420,True,770,62373,12396,3481,7221032,79020,"129.1,98.8,66.8","101:157,34:145,35:112",
gli,train,BraTS-GLI-02085-101,gli-02085,101,182x218x182,1.00x1.00x1.00,6235.951171875,0.20360081495276575,911cd91876582462b7b8de7ba765f938,3e550b87ef97e3e7026a8e658880cd4f,True,711,64315,12472,2968,7221032,80466,"128.8,95.6,68.0","100:157,33:143,33:112",
gli,train,BraTS-GLI-02085-102,gli-02085,102,182x218x182,1.00x1.00x1.00,8004.17724609375,0.2013631846528308,ab93325126a17f7d611f5e87de7d5d00,c3698269b98035651052e6f0653d8519,True,510,59814,11546,2889,7221032,74759,"128.8,99.6,64.9","103:156,35:145,32:110",
gli,train,BraTS-GLI-02085-103,gli-02085,103,182x218x182,1.00x1.00x1.00,10693.55859375,0.20844319759280944,c93300e495b1079d37e46efd5ee6abac,00ac7b1dd376ebcc5f28ebd8fe8698eb,True,421,63434,10749,2962,7221032,77566,"128.9,98.5,67.2","101:157,34:145,36:112",
gli,train,BraTS-GLI-02085-104,gli-02085,104,182x218x182,1.00x1.00x1.00,7707.75830078125,0.21226370413536458,e39d1020bb16e0a8e2964bcb0e2b0285,14d33ff3f5dbbcc3534953a831e59c43,True,1322,142394,27054,3334,7221032,174104,"125.1,97.0,73.9","91:158,30:168,33:118",
gli,train,BraTS-GLI-02085-105,gli-02085,105,182x218x182,1.00x1.00x1.00,7426.93408203125,0.2053486260689608,a70ab6c942a92d68da524f190a70dec3,a475c4cb11dc5817849023b55ba8e5a3,True,695,72310,11967,1525,7221032,86497,"128.9,93.8,69.8","99:158,32:165,37:117",
gli,train,BraTS-GLI-02086-100,gli-02086,100,182x218x182,1.00x1.00x1.00,1019.0000610351562,0.18892742754775219,a98505ab105d857793d441c311fe80e6,aa051500b41858de52813bbc4534bc96,True,5145,63760,26344,0,7221032,95249,"129.0,90.0,113.1","97:154,52:130,78:152",
gli,train,BraTS-GLI-02086-101,gli-02086,101,182x218x182,1.00x1.00x1.00,9168.615234375,0.19346777579714367,2d70fe073255c33efa5a470fe580cec4,c61fce58b8bc5824e846b14673188fdb,True,4918,54119,31982,0,7221032,91019,"126.6,93.5,112.0","93:151,55:133,76:151",
gli,train,BraTS-GLI-02087-100,gli-02087,100,182x218x182,1.00x1.00x1.00,1695.440185546875,0.2178544562605456,9db2b1651fc58507eb1b7d9722f814ba,1c4e969bef1fdfa05931f0c4a0a580d5,True,475,74287,17513,387,7221032,92662,"66.5,99.2,119.5","37:112,53:181,84:152",
gli,train,BraTS-GLI-02087-101,gli-02087,101,182x218x182,1.00x1.00x1.00,1819.0867919921875,0.21931726656245257,9e9bf559fd3ed0e2ee52e0db6c8dbcb1,01f246f68fd3aa2dc2751cd532a6186b,True,9925,59231,44231,474,7221032,113861,"65.5,97.3,117.8","32:113,46:185,81:149",
gli,train,BraTS-GLI-02087-102,gli-02087,102,182x218x182,1.00x1.00x1.00,1961.302490234375,0.21611661601831983,accc1c1e63167d6989bf50d73a619909,8b6ae6eb8aa0711dcbe1ee6f1631a326,True,22649,55572,58476,333,7221032,137030,"65.6,89.5,114.9","32:114,37:144,78:150",
gli,train,BraTS-GLI-02088-100,gli-02088,100,182x218x182,1.00x1.00x1.00,1170.61328125,0.22603140382150363,699d175d9ea1d2525bc1d2db5dfd324a,118da68760fcb6fa9d32bfaeb88ecd6b,True,2398,114845,5056,92,7221032,122391,"83.4,96.4,105.9","41:137,35:151,65:140",
gli,train,BraTS-GLI-02088-101,gli-02088,101,182x218x182,1.00x1.00x1.00,369.42181396484375,0.229911874092235,e98dd7a7a7e6bfea41572059958cd91b,7fc43d15d956e22fa9000a42fcea69eb,True,2406,112163,4770,0,7221032,119339,"83.2,95.5,105.2","42:137,34:148,64:138",
gli,train,BraTS-GLI-02088-102,gli-02088,102,182x218x182,1.00x1.00x1.00,9571.255859375,0.2394566316836707,eb9e8f4ddfb57934e8bd6435ce950db7,f1341cbd9d836827de17f0db33a11db0,True,1377,93086,5509,0,7221032,99972,"84.1,95.4,104.5","42:139,33:147,65:134",
gli,train,BraTS-GLI-02089-100,gli-02089,100,182x218x182,1.00x1.00x1.00,1616.6676025390625,0.21744509649036314,960ad3456aa324de804e7d2eafec6abf,070b1bbfbe01ee6d699e65de14aa9eeb,True,0,212922,1813,21448,7221032,236183,"105.5,135.4,85.9","51:153,34:191,28:146",
gli,train,BraTS-GLI-02089-101,gli-02089,101,182x218x182,1.00x1.00x1.00,8094.19091796875,0.22768809222836847,b251ed1bd6614a64cf0914570e8a026d,cb6556ab600fbd7d79cd2b3d225d58c7,True,0,205501,649,26984,7221032,233134,"103.3,135.2,89.9","47:152,51:192,29:142",
gli,train,BraTS-GLI-02091-100,gli-02091,100,182x218x182,1.00x1.00x1.00,1667.8974609375,0.20180896580987315,19f8c1b9b134bbf1a113d3f4f1d19209,215be5d4fb532a3850637acbe129057e,True,4646,93209,2669,2561,7221032,103085,"109.9,116.8,105.3","55:153,54:177,64:141",
gli,train,BraTS-GLI-02091-101,gli-02091,101,182x218x182,1.00x1.00x1.00,7507.50390625,0.20245485686810416,7cecd579abe8940f872a5f93bfdd7b63,32ff1e66fee2ec794156a612ec8f4c6c,True,4327,91617,2216,2684,7221032,100844,"109.4,115.4,106.0","56:153,50:177,65:141",
gli,train,BraTS-GLI-02091-102,gli-02091,102,182x218x182,1.00x1.00x1.00,7829.13623046875,0.20492070939444668,554ad8cd83d7845359f9d9a9c2b35120,bbc84c7a5832cb0a3b95ae745b0f2090,True,3515,97583,2348,2234,7221032,105680,"105.0,116.2,103.0","53:152,53:173,61:137",
gli,train,BraTS-GLI-02091-103,gli-02091,103,182x218x182,1.00x1.00x1.00,7544.02392578125,0.20470121168276223,0c1f3c3c85e03f303543cf9909ef02b6,c0d0169c09b11e773461da3a803fb4ad,True,5044,88964,17756,2132,7221032,113896,"99.3,114.5,105.0","47:149,31:175,60:148",
gli,train,BraTS-GLI-02092-100,gli-02092,100,182x218x182,1.00x1.00x1.00,4835.7119140625,0.20544944268353887,d38f86559455d9103dd46b010bbdc498,1be5bf3d9d2870aeeca50c3e17b01408,True,0,59125,11538,6817,7221032,77480,"102.0,163.4,90.7","65:133,126:195,54:129",
gli,train,BraTS-GLI-02092-101,gli-02092,101,182x218x182,1.00x1.00x1.00,6957.8046875,0.20423701210574888,159e6a0c886ffdfd7781f85d462a5665,e1e038d17a62bf20d2b2f63e47daf817,True,0,44089,36,9491,7221032,53616,"98.9,162.3,91.8","57:128,114:194,59:127",
gli,train,BraTS-GLI-02092-102,gli-02092,102,182x218x182,1.00x1.00x1.00,1927.9927978515625,0.20653959157084473,85ea12a932dd9e009cf8b17ac0f21dda,649750291e4d86d231441e54af99b016,True,0,51293,50,9459,7221032,60802,"96.8,161.3,97.4","56:124,111:194,64:134",
gli,train,BraTS-GLI-02092-103,gli-02092,103,182x218x182,1.00x1.00x1.00,1914.527099609375,0.2054814325708569,b697af730a16c7e5e6ba6163f0139de2,77bb8ba7d7b87935dde47478276fe64e,True,0,55359,0,11936,7221032,67295,"95.4,158.2,98.5","56:123,107:193,63:134",
gli,train,BraTS-GLI-02092-104,gli-02092,104,182x218x182,1.00x1.00x1.00,2139.1279296875,0.2061906109819206,37f419a5a621ca76507fdb8ff9ea6430,bfd07e2c4841372e7514ea41f06665ca,True,0,56635,0,12104,7221032,68739,"96.0,157.5,98.9","56:124,106:193,63:134",
gli,train,BraTS-GLI-02092-105,gli-02092,105,182x218x182,1.00x1.00x1.00,10748.2685546875,0.21032353824217923,150582b3c7ffe0858bd8163b08aad17b,1b4ea139d2dc666f5e948dc5f7fbf4e7,True,0,52745,0,15116,7221032,67861,"96.5,157.1,99.9","56:125,107:192,63:136",
gli,train,BraTS-GLI-02093-100,gli-02093,100,182x218x182,1.00x1.00x1.00,2290.923095703125,0.23150652150551335,08608107c930972a9d7273b643d6e751,0e6131db20239cab5dd5bed4daa26b52,True,0,35884,3386,40666,7221032,79936,"107.4,171.7,90.2","68:133,117:201,48:138",
gli,train,BraTS-GLI-02093-101,gli-02093,101,182x218x182,1.00x1.00x1.00,9880.9326171875,0.23906333609932762,5fbb4c2da10816c609562a05acbe894c,80543bf25f0613b7093d9f2c87c20588,True,0,36194,3793,40757,7221032,80744,"109.0,170.8,94.8","69:136,117:201,49:141",
gli,train,BraTS-GLI-02093-102,gli-02093,102,182x218x182,1.00x1.00x1.00,2083.6103515625,0.23078944948589067,2739eb373e49f163d843d40af939f254,2a1c007933d3212cf255b4ea2175a601,True,0,37928,2507,35948,7221032,76383,"108.9,172.3,91.2","69:137,120:201,51:138",
gli,train,BraTS-GLI-02093-103,gli-02093,103,182x218x182,1.00x1.00x1.00,8137.419921875,0.23666935695618022,e0c625cb3e1a71dce58597df310e4521,0b1aeb46d6d9dfc499a475342b5365e5,True,0,36670,1532,37673,7221032,75875,"108.5,169.3,96.5","67:138,118:198,53:141",
gli,train,BraTS-GLI-02093-104,gli-02093,104,182x218x182,1.00x1.00x1.00,1909.046142578125,0.23331761997454104,2a5d26dff9bfe54d20ad6ae7b4abadcb,0f3b8b207fd32151e9711ff1f3e51e50,True,0,37682,1173,37164,7221032,76019,"108.8,171.3,93.8","67:138,115:201,53:140",
gli,train,BraTS-GLI-02093-105,gli-02093,105,182x218x182,1.00x1.00x1.00,2385.427978515625,0.23086146135344643,708f8167d95fe7d477c6d076b9731ad3,2bdafc4fd77deb1141ad3acade72e5fa,True,0,38115,675,37310,7221032,76100,"108.3,171.8,91.2","67:137,115:201,51:138",
gli,train,BraTS-GLI-02093-106,gli-02093,106,182x218x182,1.00x1.00x1.00,2401.82470703125,0.23266549712007922,c2879948c46076eee162f6e380e98b91,a7eb57d4c2fb1e709feb77d9ec2d1a3f,True,0,39040,1054,37346,7221032,77440,"107.8,172.1,92.1","67:137,115:202,51:138",
gli,train,BraTS-GLI-02093-107,gli-02093,107,182x218x182,1.00x1.00x1.00,7945.59326171875,0.23738504413219605,d6361870b7a2cbd76a36d71a378ba565,95feb578b2c741e55493dd5118543f9c,True,0,36005,998,38058,7221032,75061,"109.2,170.4,95.1","67:140,118:199,52:142",
gli,train,BraTS-GLI-02093-108,gli-02093,108,182x218x182,1.00x1.00x1.00,8353.2080078125,0.2336110683348308,fb13ee83abbf2ccc20418fa6c6f0dc17,8ecd16ac1634acda361dfcab91f3322d,True,0,34462,955,38481,7221032,73898,"108.6,170.5,97.2","67:138,122:199,55:143",
gli,train,BraTS-GLI-02093-109,gli-02093,109,182x218x182,1.00x1.00x1.00,10819.6044921875,0.2345548392528935,2b66baed84257237010d61f252f5752c,02653eb799478f7502bbd69ecf4ec734,True,0,34229,574,39280,7221032,74083,"109.0,170.9,97.7","67:139,124:200,56:143",
gli,train,BraTS-GLI-02096-100,gli-02096,100,182x218x182,1.00x1.00x1.00,1846.1986083984375,0.2228444632290786,99ff92aa19c86392570f33f2134021be,c0c44cef55b7115a9cfc574e4c8f6bea,True,1,139926,18949,49200,7221032,208076,"54.3,95.5,105.0","24:86,35:145,48:148",
gli,train,BraTS-GLI-02096-101,gli-02096,101,182x218x182,1.00x1.00x1.00,8814.6162109375,0.22684901548698302,2dbc7b06604d3cf680b39a254471a927,5614d9196914e58d8befe68e33f2683e,True,0,119476,7100,36848,7221032,163424,"50.1,94.2,101.2","22:85,51:141,42:144",
gli,train,BraTS-GLI-02096-102,gli-02096,102,182x218x182,1.00x1.00x1.00,11807.7529296875,0.22652330027065384,b0e48bc1b0ec0917c7d7ef943b05f06d,fe4afacbff13f6c4d2dd5061a242edaa,True,0,119405,4726,26026,7221032,150157,"49.4,95.2,99.4","22:83,47:142,39:142",
gli,train,BraTS-GLI-02096-103,gli-02096,103,182x218x182,1.00x1.00x1.00,1189.97705078125,0.221864270924156,0cc634d32b6db522b12b6f9c9a5ba7e4,bec914d9b3b775ee990b2bef3a8052e1,True,0,156081,2275,18468,7221032,176824,"50.7,95.8,99.9","22:87,41:145,41:144",
gli,train,BraTS-GLI-02099-100,gli-02099,100,182x218x182,1.00x1.00x1.00,927.0167846679688,0.21449177901441235,f9abea0a751b0b1ee2df6ee001b8e63c,464135280d3621ca1932fea14a381293,True,0,100995,4789,197,7221032,105981,"99.3,116.9,114.5","53:146,62:168,70:155",
gli,train,BraTS-GLI-02099-101,gli-02099,101,182x218x182,1.00x1.00x1.00,7545.01318359375,0.22050767812689379,2403dd9697a4746a77b3c386688440a5,b2343c96a54a9050a78d483be4ac84f8,True,0,97181,2202,168,7221032,99551,"104.7,114.4,115.0","53:147,61:160,71:154",
gli,train,BraTS-GLI-02100-100,gli-02100,100,182x218x182,1.00x1.00x1.00,1711.0096435546875,0.18805663788777005,c60994544531bab38e6507477b7f28f0,d5bf88033e9c9c5ec3a70e809c51727d,True,0,12430,0,5208,7221032,17638,"124.4,73.7,119.2","108:146,54:97,102:139",
gli,train,BraTS-GLI-02100-101,gli-02100,101,182x218x182,1.00x1.00x1.00,1014.87255859375,0.1872430422687505,d987901e20bd5573a0ecf94b91e65768,56ddba33d9688450d4b3b3e55a4f0da9,True,77,16630,1000,5102,7221032,22809,"116.3,83.4,115.4","62:146,52:162,83:139",
gli,train,BraTS-GLI-02101-100,gli-02101,100,182x218x182,1.00x1.00x1.00,2120.7548828125,0.19318277498285563,3a86c235e0289ecbbc35834d5264132b,45add48d1dee2416d649fb7b856b0aba,True,29,23489,884,20127,7221032,44529,"52.3,114.7,67.7","30:81,82:156,45:99",
gli,train,BraTS-GLI-02101-101,gli-02101,101,182x218x182,1.00x1.00x1.00,1437.48193359375,0.18686470299536131,ea712cf0e630cb7b3f652d66bc85348f,8486d0c26ef4e402a039f074b30a52f6,True,228,39765,4365,22053,7221032,66411,"52.0,126.0,73.0","25:84,70:187,49:102",
gli,train,BraTS-GLI-02102-100,gli-02102,100,182x218x182,1.00x1.00x1.00,8697.3251953125,0.2405139597774944,5cb2bea8bbbe1cf9bd52189ce353cc3f,153b76af8762b36588bda51970bf2076,True,15507,187078,48654,386,7221032,251625,"74.5,146.1,105.8","32:128,65:203,57:154",
gli,train,BraTS-GLI-02102-101,gli-02102,101,182x218x182,1.00x1.00x1.00,1987.9853515625,0.23691433579023055,541aad3ffe4f96f69dc8d464de7a65dd,8714f899471357774d3d8c590825cf50,True,7027,204229,62247,375,7221032,273878,"77.0,143.6,105.5","33:129,47:202,55:154",
gli,train,BraTS-GLI-02103-100,gli-02103,100,182x218x182,1.00x1.00x1.00,1032.857666015625,0.2118407728978351,1dfd6332adcfca9ca9911714cb10b19d,74f082328cc015b3fc83c73f4ba487ac,True,255,26006,3225,480,7221032,29966,"107.4,146.9,69.7","81:132,117:177,46:100",
gli,train,BraTS-GLI-02103-101,gli-02103,101,182x218x182,1.00x1.00x1.00,1029.001220703125,0.21259260449198952,191fd8d4e4e13d20a90d2328a3f297d6,4a1a204429a51d6e356e1a94a59583c5,True,50,27817,1588,498,7221032,29953,"107.8,147.5,69.8","82:133,102:177,45:131",
gli,train,BraTS-GLI-02103-102,gli-02103,102,182x218x182,1.00x1.00x1.00,2041.5411376953125,0.21057821098147744,b8b70f35f5f3ae81b70e20f29805a1e0,3d35772ce7267a7c91738daafaad03ba,True,0,43956,192,402,7221032,44550,"98.7,124.6,89.6","59:134,73:177,45:146",
gli,train,BraTS-GLI-02103-103,gli-02103,103,182x218x182,1.00x1.00x1.00,1811.0340576171875,0.21188328759656513,24b173099838f085e17c53fc62dd6183,7fa0ae1c12af83c986255cbaf60b6e07,True,0,119127,249,322,7221032,119698,"99.1,110.5,99.6","53:136,42:177,42:153",
gli,train,BraTS-GLI-02103-104,gli-02103,104,182x218x182,1.00x1.00x1.00,1507.7830810546875,0.2123246372540656,aba97784bd4c50775e481e2e297d959f,6a3e841555f601ce5742d99632a05355,True,85,123387,8279,244,7221032,131995,"102.3,118.8,95.4","54:144,41:177,45:153",
gli,train,BraTS-GLI-02103-105,gli-02103,105,182x218x182,1.00x1.00x1.00,1759.2021484375,0.2078658562931171,fc128f4a9986b5fd02c8800f229d5624,d54dda1018479f7ca68531b494143bf7,True,0,200790,968,0,7221032,201758,"103.7,120.4,97.0","50:151,38:183,43:154",
gli,train,BraTS-GLI-02103-106,gli-02103,106,182x218x182,1.00x1.00x1.00,9759.310546875,0.21213242096143597,84dc5d0d7e64a6d449758e8c09772f8b,cdf92d35c46fa2b4977b581c1ddd7835,True,12,154843,3018,361,7221032,158234,"107.1,119.6,93.5","51:153,35:179,39:152",
gli,train,BraTS-GLI-02104-100,gli-02104,100,182x218x182,1.00x1.00x1.00,7653.18505859375,0.1576253920492251,1c7235431daeeaff65dc6ebae6658dd9,0252134f7e6a4305f011a0dc2cd1b5af,True,328,93911,7571,3107,7221032,104917,"57.1,77.8,92.5","22:121,41:127,55:129",
gli,train,BraTS-GLI-02104-101,gli-02104,101,182x218x182,1.00x1.00x1.00,1704.5263671875,0.16353978212532502,3b956dd15f9b54ea4f0afb88d94eb2f0,6b6d2f9259caba9fc013d694ebd5662c,True,359,97240,7246,2649,7221032,107494,"58.7,83.2,101.7","24:122,44:133,64:142",
gli,train,BraTS-GLI-02105-100,gli-02105,100,182x218x182,1.00x1.00x1.00,2049.10986328125,0.19563020908922713,c0ff048578a606d16638f39bfac33f9d,dc674f65f2ac8d260974d59077c730c3,True,0,15129,678,454,7221032,16261,"77.8,75.4,128.3","59:90,56:102,109:147",
gli,train,BraTS-GLI-02105-101,gli-02105,101,182x218x182,1.00x1.00x1.00,1616.2445068359375,0.1935147219954156,217c40a4af21c936fc87fa44cd34e6b1,a31a74d8f2ab699edcee154a0c71f47b,True,0,12139,523,901,7221032,13563,"76.6,80.9,132.7","56:89,60:99,112:151",
gli,train,BraTS-GLI-02105-102,gli-02105,102,182x218x182,1.00x1.00x1.00,956.6923217773438,0.19517722674542917,d8e4928b297255407081aed0dfb0cfba,726d62e0a66f358536b783c9b4afed17,True,0,12449,55,1644,7221032,14148,"74.4,81.9,131.2","50:89,62:97,83:152",
gli,train,BraTS-GLI-02105-103,gli-02105,103,182x218x182,1.00x1.00x1.00,1898.3282470703125,0.19374266725310177,b71159ae6627a0640d32d20c836ba569,557433331ddc12da3cdeb967442b58af,True,0,13929,20,1579,7221032,15528,"72.8,81.6,125.8","50:89,67:97,84:151",
gli,train,BraTS-GLI-02105-104,gli-02105,104,182x218x182,1.00x1.00x1.00,1739.900634765625,0.19371386250607947,09d10715b9f2af715bfd9b538f019048,cdc51e28797c425cb0fd604473c97f53,True,0,29011,192,1754,7221032,30957,"68.7,74.8,109.8","47:98,40:103,73:148",
gli,train,BraTS-GLI-02105-105,gli-02105,105,182x218x182,1.00x1.00x1.00,1633.87744140625,0.19319136101321804,a9abd48c52c0c2358a81c9ab45716bbc,92a71591e7442753e5c218faf397d6bc,True,0,32555,256,1833,7221032,34644,"66.5,81.5,108.4","42:103,42:117,67:151",
gli,train,BraTS-GLI-02105-106,gli-02105,106,182x218x182,1.00x1.00x1.00,948.9971313476562,0.19249270741356636,f30d0d3defe541ebafe3e9100bba9ee8,560948805e95590414c5cda6efaa7b73,True,0,37653,233,1898,7221032,39784,"63.2,86.0,103.6","38:89,43:124,60:151",
gli,train,BraTS-GLI-02105-107,gli-02105,107,182x218x182,1.00x1.00x1.00,1977.5286865234375,0.19206756042626594,39586e64c0833b73003e56f81d995ccd,d27711f771f4a6461a6c89e91ba98832,True,2921,47471,18540,1702,7221032,70634,"64.0,88.0,97.5","37:107,42:133,53:152",
gli,train,BraTS-GLI-02106-100,gli-02106,100,182x218x182,1.00x1.00x1.00,1560.431884765625,0.16302628211590808,51f854210f4b7bbda6f7897b53c3b694,5657ab2ba0d930a97647de6f0fb440ca,True,935,34677,6562,0,7221032,42174,"64.7,109.0,103.5","39:85,69:147,56:136",
gli,train,BraTS-GLI-02106-101,gli-02106,101,182x218x182,1.00x1.00x1.00,882.3343505859375,0.1634026826082477,6dc5e956a64ecd086b9aeebb5b772e94,219c0bcf473cf16d5003b3342d820ed5,True,512,81173,5136,0,7221032,86821,"65.1,108.4,105.0","35:138,67:156,52:148",
gli,train,BraTS-GLI-02106-102,gli-02106,102,182x218x182,1.00x1.00x1.00,1593.4478759765625,0.15636061438309648,e12df9a9117e3895ea36e5fe481ea4d3,eaf97912849d3a9ca7e36d02544e8521,True,667,85538,18213,0,7221032,104418,"69.3,110.3,101.6","34:118,61:168,61:136",
gli,train,BraTS-GLI-02108-100,gli-02108,100,182x218x182,1.00x1.00x1.00,976.1964111328125,0.20400075778642165,e32b44362f50713d4feb996d08356c8b,11cc874c6bc5ea5c97a93ecf6295a487,True,10424,80279,96643,3872,7221032,191218,"93.8,83.6,102.7","31:135,24:167,49:151",
gli,train,BraTS-GLI-02108-101,gli-02108,101,182x218x182,1.00x1.00x1.00,301.9334411621094,0.20217594936568622,62236f0dcc0d95400de228fc22fc14cd,2591ae15b230f9b562f9ef849462e46d,True,11086,115291,56297,4531,7221032,187205,"79.3,81.7,100.3","25:131,25:166,54:148",
gli,train,BraTS-GLI-02110-100,gli-02110,100,182x218x182,1.00x1.00x1.00,1680.2301025390625,0.18878409623444406,46bad809095258f98bab1c3b6977d712,d10bde9b173c7c7e68d2f9fece893e5e,True,160,35099,3862,0,7221032,39121,"115.4,147.5,100.6","97:141,78:186,69:132",
gli,train,BraTS-GLI-02110-101,gli-02110,101,182x218x182,1.00x1.00x1.00,2125.913330078125,0.1891171511218895,292a2ad009b3e440b4c42d743bc8a3da,0a8d3e0868eeac38937322ab91918cef,True,2061,51347,9334,0,7221032,62742,"115.5,143.7,101.4","93:142,76:186,68:136",
gli,train,BraTS-GLI-02111-100,gli-02111,100,182x218x182,1.00x1.00x1.00,4395.84033203125,0.21110999092650468,07339ade2ca41d559e011ba11f356874,ba0e72ea64a55fc3cd58483d7e649e8a,True,0,17220,56,10085,7221032,27361,"77.3,76.6,109.2","56:93,51:100,79:142",
gli,train,BraTS-GLI-02111-101,gli-02111,101,182x218x182,1.00x1.00x1.00,10065.63671875,0.22381468466003196,9b8c871d7fb41de6b2ccebc19ccd0e70,e61a001f55cdacaf95bdc665527c36fc,True,0,25544,40,12011,7221032,37595,"73.2,75.5,114.3","51:117,49:112,84:150",
gli,train,BraTS-GLI-02111-102,gli-02111,102,182x218x182,1.00x1.00x1.00,7174.37744140625,0.21465103602919916,4007bd2b83777e7c27e2bf0ab6930d4d,d866c6f199f2b44f40d8f4ff6d366c6d,True,0,31470,0,10217,7221032,41687,"74.0,76.5,115.6","51:118,51:113,79:151",
gli,train,BraTS-GLI-02111-103,gli-02111,103,182x218x182,1.00x1.00x1.00,6258.25341796875,0.21511731287162278,7c5a9f0837d945dad7a61fd4cef62345,e873e97279b0f1a77780c05e7ba7cf9b,True,0,33042,0,10355,7221032,43397,"74.3,76.4,115.3","51:118,49:114,79:151",
gli,train,BraTS-GLI-02111-104,gli-02111,104,182x218x182,1.00x1.00x1.00,11702.720703125,0.22210523371174645,d89cc706ecafb14e08cc598a3b4d99b5,13a9c49bf3f3a3700db7d8739de0031d,True,0,32348,0,11853,7221032,44201,"73.6,76.7,118.1","50:117,49:112,89:154",
gli,train,BraTS-GLI-02111-105,gli-02111,105,182x218x182,1.00x1.00x1.00,5542.75732421875,0.21422948963527652,bbc2baf163a376ad08c5f052b1bb3b4d,65e46949cc76b13102655f9223c97d0f,True,18,34441,1882,11915,7221032,48256,"73.1,76.8,111.1","51:118,48:116,72:149",
gli,train,BraTS-GLI-02111-106,gli-02111,106,182x218x182,1.00x1.00x1.00,10308.2236328125,0.2229235377990293,79bfd08935d1174aa66972352991b518,e5698270fcba924ed691692ecc863a0e,True,11,110507,14626,10817,7221032,135961,"64.6,102.7,104.5","31:112,44:145,57:158",
gli,train,BraTS-GLI-02111-107,gli-02111,107,182x218x182,1.00x1.00x1.00,9296.3623046875,0.22323305034515842,d43f2b0003812b1d7f0b5ffe2ebddeca,1a5856fc6018d4a10fb2870f5997e199,True,46,31478,12031,11674,7221032,55229,"72.1,90.7,116.6","54:114,49:143,64:159",
gli,train,BraTS-GLI-02112-100,gli-02112,100,182x218x182,1.00x1.00x1.00,3842.901611328125,0.18230316663878515,60a4d43b3372a7bcea7fa34613ea84b4,ffa1dd2efe95433595da61fcdb4cbaa8,True,196,61353,4060,1344,7221032,66953,"65.6,61.7,103.3","39:88,31:94,67:138",
gli,train,BraTS-GLI-02112-101,gli-02112,101,182x218x182,1.00x1.00x1.00,1405.36572265625,0.1806099183606997,e35f3166c32aa6b8df4d7d81d84b8e06,4acd5672ab764ec8845aa79443f162f1,True,152,65120,5819,1390,7221032,72481,"64.0,63.4,112.1","36:86,32:116,74:150",
gli,train,BraTS-GLI-02112-102,gli-02112,102,182x218x182,1.00x1.00x1.00,1359.4156494140625,0.1811044460127029,0aaa4edc14351ae12e8c0c63a47a672e,d3d62d285e1b3e1c38fb6c9248e88da8,True,50,60183,4947,1083,7221032,66263,"63.6,66.2,115.6","36:85,33:123,78:155",
gli,train,BraTS-GLI-02112-103,gli-02112,103,182x218x182,1.00x1.00x1.00,1362.0908203125,0.17913630627865934,edbb75e3b35345cc7337a0f0655c4727,c974e1573cea30bd6fcfe2f37ad992ee,True,0,48386,273,484,7221032,49143,"64.3,68.5,114.8","39:115,31:121,73:152",
gli,train,BraTS-GLI-02114-100,gli-02114,100,182x218x182,1.00x1.00x1.00,15136.9072265625,0.21319182632066996,834df7d00c9378a276dfe087b5bcb3a6,1df0d9c8240a448d7f3abdf3d4b17de8,True,0,101591,236,9341,7221032,111168,"111.7,140.6,102.3","60:147,63:189,66:140",
gli,train,BraTS-GLI-02114-101,gli-02114,101,182x218x182,1.00x1.00x1.00,13248.6123046875,0.21430260937771775,eba706f21f07e87845a0c18075bfd024,9747ed6d34b237b91d41ee91a19175bf,True,0,106450,136,9565,7221032,116151,"111.0,140.6,101.5","59:147,63:189,65:142",
gli,train,BraTS-GLI-02115-100,gli-02115,100,182x218x182,1.00x1.00x1.00,7319.67578125,0.19734852303659642,9be55d1790ed5f5b9c34bc09ae48fc0a,6b9c0c905a12451995dec9c106b145e0,True,884,2463,2993,67,7221032,6407,"47.9,63.4,67.0","36:58,49:77,54:79",
gli,train,BraTS-GLI-02115-101,gli-02115,101,182x218x182,1.00x1.00x1.00,1757.454345703125,0.19409857206006012,1633313b99a092fb7952a627538c03c2,3c94c2767ab862e194072460fbc40218,True,264,3845,1619,40,7221032,5768,"55.8,60.1,73.8","43:74,41:108,56:119",
gli,train,BraTS-GLI-02116-100,gli-02116,100,182x218x182,1.00x1.00x1.00,1742.775146484375,0.22461138518704807,6de4fd9ee06a6a1ec7290be7e3f98cad,2ef84465711fd93f3b99b3a2cbc8cc29,True,16992,55814,72635,0,7221032,145441,"52.2,114.3,104.3","23:83,68:162,68:147",
gli,train,BraTS-GLI-02116-101,gli-02116,101,182x218x182,1.00x1.00x1.00,1683.084716796875,0.2285561122011369,4a69f3b915c503c178851d93ca17a0fb,74d2352b5a8487c96a7365d5877d0390,True,39265,47356,108039,0,7221032,194660,"52.3,116.1,99.9","22:98,72:167,58:139",
gli,train,BraTS-GLI-02118-100,gli-02118,100,182x218x182,1.00x1.00x1.00,2044.9613037109375,0.19840654355222356,5b5dce03a36f9a7eff17ec4a922439bc,5bb668bab1ea00287cd81267b5ec346e,True,1415,110075,45844,0,7221032,157334,"123.3,81.1,92.2","88:155,25:141,51:133",
gli,train,BraTS-GLI-02118-101,gli-02118,101,182x218x182,1.00x1.00x1.00,2071.216064453125,0.1947009790290363,d4ec8d92e3a2b822c4a2c69c4d34ee73,05ed1768da18b694387d27ee29860ea8,True,178,61965,18271,0,7221032,80414,"123.9,81.5,98.2","94:154,28:146,65:134",
gli,train,BraTS-GLI-02119-100,gli-02119,100,182x218x182,1.00x1.00x1.00,943.659423828125,0.1997159131824925,7be13ea26300fe39440398390d2a421a,030cdd06fca9b5e654cc8560877af9ca,True,560,130394,13758,186,7221032,144898,"59.4,102.0,110.8","26:123,49:160,67:153",
gli,train,BraTS-GLI-02119-101,gli-02119,101,182x218x182,1.00x1.00x1.00,877.4293823242188,0.20111391280359928,aeaeb523913d5913276c894f62924c72,76a2c9fb37e0a73d8ae37b401eb7f240,True,2701,174405,2409,15600,7221032,195115,"60.0,99.8,109.3","26:124,42:160,60:154",
gli,train,BraTS-GLI-02119-102,gli-02119,102,182x218x182,1.00x1.00x1.00,1747.719482421875,0.19920241317307555,9f34333215e1916c540671bccfbbd916,67ce811c35bc93440eb6ea82e88e437b,True,2042,128113,23672,32,7221032,153859,"60.2,102.6,109.3","26:124,49:162,61:151",
gli,train,BraTS-GLI-02120-100,gli-02120,100,182x218x182,1.00x1.00x1.00,955.8605346679688,0.1973601557228939,550e7127df1adfd9065c932720ce17af,bc06264d459272b32c548688040a34b6,True,2089,58139,11889,0,7221032,72117,"68.7,141.0,113.8","44:86,96:181,73:149",
gli,train,BraTS-GLI-02120-101,gli-02120,101,182x218x182,1.00x1.00x1.00,1420.3095703125,0.19673545277184756,b26ea61cd84884164462739a3e636c7a,d618844e86e7c3a59e5c3002533460ef,True,7280,77880,28749,0,7221032,113909,"69.5,139.0,114.8","40:94,89:188,75:152",
gli,train,BraTS-GLI-02123-100,gli-02123,100,182x218x182,1.00x1.00x1.00,8494.6650390625,0.1611826398221196,b317dae96af13582b2a0e29d352415c3,088af65df643672c0433810c4de5f58f,True,0,12674,0,5545,7221032,18219,"72.4,65.9,62.0","50:90,42:90,44:78",
gli,train,BraTS-GLI-02123-101,gli-02123,101,182x218x182,1.00x1.00x1.00,8925.8896484375,0.16386286613880122,e8e99b354253c4cc77fadb44dddc7b29,67d4a3b4bc2b2421088464ad4b9a1a5b,True,28,18649,507,4484,7221032,23668,"79.4,76.8,62.4","52:118,40:154,37:105",
gli,train,BraTS-GLI-02123-102,gli-02123,102,182x218x182,1.00x1.00x1.00,11864.1943359375,0.1711773331014182,0b276b9eb38dcd7b8459e34e77127142,999acdfd41cd457e1cde359541f0d676,True,3,27524,2287,3732,7221032,33546,"91.6,106.9,79.9","52:124,40:172,52:110",
gli,train,BraTS-GLI-02123-103,gli-02123,103,182x218x182,1.00x1.00x1.00,1466.72412109375,0.16874776347757495,8175f65183554a97715235b8e379867a,a3f3651f217cdca3fcdf241dbd29575b,True,22,47626,13609,4514,7221032,65771,"85.8,86.5,72.5","49:119,41:169,43:109",
gli,train,BraTS-GLI-02124-100,gli-02124,100,182x218x182,1.00x1.00x1.00,1069.156005859375,0.18250078382148147,211f03959f9ac63174238c59e8dbda34,15245b5ab41f4c3c7e8f5f7eeab0d310,True,462,15061,6610,7769,7221032,29902,"57.1,111.6,58.9","35:80,81:140,37:80",
gli,train,BraTS-GLI-02124-101,gli-02124,101,182x218x182,1.00x1.00x1.00,279.2671203613281,0.1810299414266548,bc1f977d93cb8ae62ad5785bfded6f0d,506ff71bca1b4e011fd22123f3791813,True,1122,35845,18178,7467,7221032,62612,"52.9,116.4,64.4","30:81,77:146,37:91",
gli,train,BraTS-GLI-02128-100,gli-02128,100,182x218x182,1.00x1.00x1.00,1717.048583984375,0.17900779279194443,3a298440ab471d4c240f4126682408aa,702fed4f888b9eeae99dc48a66c99b98,True,0,60990,1129,19112,7221032,81231,"75.5,84.0,122.5","43:132,50:122,87:156",
gli,train,BraTS-GLI-02128-101,gli-02128,101,182x218x182,1.00x1.00x1.00,1029.0703125,0.18136382722026437,48627d720fab4d6ddbe537472a89ea16,b5d3cdbfe67eef8efaf075aca4da2cef,True,0,62098,160,13327,7221032,75585,"75.9,83.0,121.2","43:130,48:121,85:154",
gli,train,BraTS-GLI-02128-102,gli-02128,102,182x218x182,1.00x1.00x1.00,1008.2808227539062,0.1811945993315083,ad90d55fb226607f2c7ed784de64d3d2,6db5c91387cc73b92d07d8630ca51853,True,0,67168,166,11832,7221032,79166,"76.5,80.9,122.2","44:130,45:120,86:156",
gli,train,BraTS-GLI-02128-103,gli-02128,103,182x218x182,1.00x1.00x1.00,1735.6287841796875,0.17972555723337053,0574f623474a07b12090f58f05f6eebb,4c5944df13d08d209296fed31329071b,True,0,67457,650,10573,7221032,78680,"77.0,81.6,120.1","44:131,45:124,82:154",
gli,train,BraTS-GLI-02129-100,gli-02129,100,182x218x182,1.00x1.00x1.00,3459.070556640625,0.21314404921623392,32dbf500e9b3aaa463169c2a5d853dbd,3157c39c86551236e8b78191fd7dbbd5,True,85,75579,1830,0,7221032,77494,"109.9,125.5,95.8","56:151,59:177,45:127",
gli,train,BraTS-GLI-02129-101,gli-02129,101,182x218x182,1.00x1.00x1.00,7295.9033203125,0.22394015149081184,663e7acaf2d19e42d5ed0c56a6fd5a97,b2f76d69db35244ac4f32a42d8b68de8,True,9,81910,2797,0,7221032,84716,"106.4,121.8,98.9","51:151,51:176,44:133",
gli,train,BraTS-GLI-02129-102,gli-02129,102,182x218x182,1.00x1.00x1.00,870.9159545898438,0.21618959727640039,af1d51aa0e9f38fb96dd3fd1f6ffca38,35b08b7e58f09ef18f6cea5bd845ada3,True,27,109551,2928,0,7221032,112506,"107.2,120.3,97.0","46:153,50:178,43:138",
gli,train,BraTS-GLI-02129-103,gli-02129,103,182x218x182,1.00x1.00x1.00,1693.6171875,0.21919083034114792,b900b271c14c1c399149777c5dd4d2dd,b7364ffed7871d0ece18448a671388ab,True,27,117145,1424,0,7221032,118596,"105.7,122.5,97.6","46:154,50:177,42:131",
gli,train,BraTS-GLI-02129-104,gli-02129,104,182x218x182,1.00x1.00x1.00,1015.8298950195312,0.21455409697672023,cdb9615083295c57aa401ba89493e2bc,e46485a55bb6421b18e4e6466f3b4779,True,11,122023,622,0,7221032,122656,"104.0,121.8,97.9","44:152,48:179,55:131",
gli,train,BraTS-GLI-02129-105,gli-02129,105,182x218x182,1.00x1.00x1.00,1712.8187255859375,0.218556295000493,3e2f4ac8ade68f210809566c9c1a1d28,0efda3caa768ef2e668d32a1b35997fd,True,166,125643,5555,0,7221032,131364,"99.4,122.0,96.2","43:150,51:177,50:134",
gli,train,BraTS-GLI-02129-106,gli-02129,106,182x218x182,1.00x1.00x1.00,1696.0115966796875,0.21841421004643102,ee7f25517c6369f4fca1e4a087252b28,93980d93f413900d4ffde43273c59c01,True,0,137205,2173,27,7221032,139405,"98.7,119.8,97.3","42:151,49:177,49:134",
gli,train,BraTS-GLI-02131-100,gli-02131,100,182x218x182,1.00x1.00x1.00,7222.2548828125,0.18889432978554865,b4578ff48b1a5ce5ef41377cb95152e5,c16c772fbf1280770a4088a49949fd2b,True,0,10869,4,7749,7221032,18622,"50.5,94.9,62.0","28:84,74:120,40:86",
gli,train,BraTS-GLI-02131-101,gli-02131,101,182x218x182,1.00x1.00x1.00,1889.7354736328125,0.18678839811262435,8b581b5ca4f21f1a0f6b18cf111e2c81,f35d3b1992bbf764ecd5bcd310cce27e,True,0,12992,5830,32,7221032,18854,"48.7,100.4,68.4","27:80,74:125,50:90",
gli,train,BraTS-GLI-02131-102,gli-02131,102,182x218x182,1.00x1.00x1.00,7635.19287109375,0.18917794575622987,2faf48f68243292441aa5e25b6383e09,422a7238a2148a66a09c84e87756a0a5,True,0,15798,57,7689,7221032,23544,"48.5,97.1,59.1","27:78,71:126,38:81",
gli,train,BraTS-GLI-02131-103,gli-02131,103,182x218x182,1.00x1.00x1.00,2001.5743408203125,0.18674782219494387,cbfa05c6e0a75791c1444bc12ec546dd,c8ba83471e4f0220a0788d2e186b39d9,True,0,14072,0,6456,7221032,20528,"48.5,104.2,67.4","29:78,75:129,49:85",
gli,train,BraTS-GLI-02132-100,gli-02132,100,182x218x182,1.00x1.00x1.00,1712.8734130859375,0.18857997028679557,4ab623708cf821bf336cccbcd742ca54,c4b0c40d323b05bd3c0f2d719c7840dd,True,3004,154072,19143,0,7221032,176219,"108.4,128.4,108.9","67:145,70:183,70:149",
gli,train,BraTS-GLI-02132-101,gli-02132,101,182x218x182,1.00x1.00x1.00,1676.328125,0.18663149533196918,c99665f64e3700df3a91dd145beb6c47,48241f3dda9501516be232ddfb87e895,True,845,33615,6314,317,7221032,41091,"100.5,130.8,117.8","70:122,103:156,89:148",
gli,train,BraTS-GLI-02132-102,gli-02132,102,182x218x182,1.00x1.00x1.00,1812.9140625,0.18749452986775297,f6a91bcda9be15ca342cfdf1f6dd46cb,9c756309c4db06dac8a30d97fb0e9042,True,1640,31410,21622,0,7221032,54672,"101.1,132.7,118.1","70:125,101:161,88:149",
gli,train,BraTS-GLI-02132-103,gli-02132,103,182x218x182,1.00x1.00x1.00,2023.1776123046875,0.1868062625951526,f6c5cc6b44edca601559fdcc8a5f8248,ea95a0440fffc1c9c12b83acba9b048c,True,4649,35279,49062,0,7221032,88990,"103.6,130.4,117.8","69:133,91:167,88:148",
gli,train,BraTS-GLI-02132-104,gli-02132,104,182x218x182,1.00x1.00x1.00,1816.5157470703125,0.1866968599502121,42b06490b78cd33c187e3028dbf08c15,4234d33d34d87f79da85116051efd7ca,True,21958,38833,75683,0,7221032,136474,"105.6,128.8,115.6","73:136,79:175,80:150",
gli,train,BraTS-GLI-02135-100,gli-02135,100,182x218x182,1.00x1.00x1.00,1811.0882568359375,0.19432970245804201,c3fb7a094cb18d2b23e6b482c32544ad,21bbeb3c360c816a0187908560e2b1b4,True,637,54553,9665,0,7221032,64855,"73.8,156.6,111.4","48:92,109:190,79:146",
gli,train,BraTS-GLI-02135-101,gli-02135,101,182x218x182,1.00x1.00x1.00,1515.7877197265625,0.19551872917887636,772821f8087701e966ff9a7d9afd6f7c,27b18803453ca6c9b74e2ceb9f5e076c,True,331,78374,12462,0,7221032,91167,"75.5,157.7,99.9","49:97,87:194,58:141",
gli,train,BraTS-GLI-02136-100,gli-02136,100,182x218x182,1.00x1.00x1.00,1883.4783935546875,0.19785856093699628,5e0274dad0b6997fd84db107e0c766fa,ae5e367a301ecc95110f73d8d2021b32,True,5452,14974,15122,1409,7221032,36957,"57.0,129.5,102.7","34:82,109:151,73:145",
gli,train,BraTS-GLI-02136-101,gli-02136,101,182x218x182,1.00x1.00x1.00,1866.79931640625,0.19699095641730988,434f457ceee2d18eff510b229d9c2f99,83b0d75b2dced4597d9c5ff173b71fca,True,2323,21884,11046,1550,7221032,36803,"58.4,133.6,100.5","34:84,112:155,69:142",
gli,train,BraTS-GLI-02136-102,gli-02136,102,182x218x182,1.00x1.00x1.00,7944.42724609375,0.20123647146280477,9e20089614974460fe7debbdc8fd95b1,627c0ceb825803fc48966c9f9190c478,True,4134,24034,15740,2288,7221032,46196,"58.0,133.4,101.2","32:87,111:153,66:144",
gli,train,BraTS-GLI-02136-103,gli-02136,103,182x218x182,1.00x1.00x1.00,2077.647705078125,0.19754060084486538,e720df3ac28aa9bf3a81c9ee3779b1c9,66499d8655aa1453021579fa9979d0b2,True,2937,26299,17974,182,7221032,47392,"59.0,129.2,104.3","33:86,103:152,71:147",
gli,train,BraTS-GLI-02137-100,gli-02137,100,182x218x182,1.00x1.00x1.00,7452.5322265625,0.21136452518144222,aa38d10e1fe6e3edba47e06d84aa9c4d,c0a12a38194104e3b5488d16a11e54e1,True,0,29304,2862,27702,7221032,59868,"43.0,80.7,91.9","20:73,52:107,61:130",
gli,train,BraTS-GLI-02137-101,gli-02137,101,182x218x182,1.00x1.00x1.00,9293.1044921875,0.20454375496466434,35b11ac20f0212cde8589e0adffb2847,d4f44fa72504a5e281339ec636e9f2f7,True,0,20863,382,32826,7221032,54071,"41.4,78.2,92.8","19:71,46:107,60:132",
gli,train,BraTS-GLI-02137-102,gli-02137,102,182x218x182,1.00x1.00x1.00,13390.29296875,0.20731067249113422,160271cf3b708504b06e64ba4bed8a76,973fa450b0863a64cd032252578ce33e,True,0,45705,0,39951,7221032,85656,"45.8,87.0,92.9","17:75,36:158,57:129",
gli,train,BraTS-GLI-02137-103,gli-02137,103,182x218x182,1.00x1.00x1.00,9859.4609375,0.20570993176598582,aedcdda3651e8e1cda967d341cdd2b1c,44c528a629b2d5694916bebc205dd4bb,True,0,39440,4,38006,7221032,77450,"43.5,85.5,92.8","18:78,38:151,54:131",
gli,train,BraTS-GLI-02138-100,gli-02138,100,182x218x182,1.00x1.00x1.00,1876.0050048828125,0.20450830296832917,8d8fcdf921b9553246abedb030a6eaa8,ac690d1c41029f40edaec733affa5423,True,125,27291,1739,287,7221032,29442,"105.7,118.5,120.8","89:126,63:155,96:149",
gli,train,BraTS-GLI-02138-101,gli-02138,101,182x218x182,1.00x1.00x1.00,15238.8994140625,0.20995572378020205,902f1d1da54a6695b94b9fdace5270b4,dc4c6f2b725ae5b69bf7ad7e5fa56c62,True,399,49452,3325,417,7221032,53593,"109.5,116.0,118.9","90:142,64:152,88:146",
gli,train,BraTS-GLI-02139-100,gli-02139,100,182x218x182,1.00x1.00x1.00,974.8380737304688,0.19658395088125907,09290f1fd908950a9ab2cbfc71b1129e,250cdc00b4e5695794f0fe3c566d9f67,True,16821,106094,29946,0,7221032,152861,"69.5,153.4,87.6","39:112,97:197,40:133",
gli,train,BraTS-GLI-02139-101,gli-02139,101,182x218x182,1.00x1.00x1.00,1917.166748046875,0.2005261851768556,658c3b37e51e344f83bc75db43e61a0b,a9cebf17f68ef9b5a3807053a0cd1e60,True,19306,171433,56002,0,7221032,246741,"71.7,141.0,87.9","35:122,76:196,38:134",
gli,train,BraTS-GLI-02139-102,gli-02139,102,182x218x182,1.00x1.00x1.00,4339.0595703125,0.19251292613022628,5f474395678144fb5f3fd97c3fb30018,553b26a96cd4f909b1691b632a357d98,True,0,136618,755,29683,7221032,167056,"75.4,140.9,109.8","41:123,69:189,61:150",
gli,train,BraTS-GLI-02139-103,gli-02139,103,182x218x182,1.00x1.00x1.00,2213.6357421875,0.1990493879545195,8172f0b3a7716afb2382e528f1518191,7cda8136cbd4e27dac91c88f547dacc9,True,0,134466,1109,23142,7221032,158717,"75.4,150.3,91.5","36:125,79:195,51:129",
gli,train,BraTS-GLI-02141-100,gli-02141,100,182x218x182,1.00x1.00x1.00,1063.311279296875,0.15015582260264185,fec95916f3926b56b444773f1e4bef3c,6786aa40793a29093a42020359d6e66f,True,6418,70339,11529,0,7221032,88286,"112.9,98.9,122.3","86:144,55:143,94:150",
gli,train,BraTS-GLI-02141-101,gli-02141,101,182x218x182,1.00x1.00x1.00,1675.2596435546875,0.15180586376019384,2292fb13e0cfe080d5a2955cc20fd9e5,18481124d83ec11b59b2f7ec4fa09047,True,4858,115649,17005,0,7221032,137512,"113.3,99.9,121.0","72:150,46:150,86:153",
gli,train,BraTS-GLI-02143-100,gli-02143,100,182x218x182,1.00x1.00x1.00,1646.9659423828125,0.19478517752033228,5ad0bb745e828600611476c765235dea,d15ef3375b7f5e147fd3ada3ebb6958e,True,3563,72829,50441,3107,7221032,129940,"67.5,67.2,99.4","34:122,25:130,63:145",
gli,train,BraTS-GLI-02143-101,gli-02143,101,182x218x182,1.00x1.00x1.00,1799.2122802734375,0.19782532469043207,94cde62e2d0e11abfb45f51f2845b458,e72778b9ba758e7e9c07ac1145f61485,True,9568,137646,96040,3294,7221032,246548,"65.3,76.6,99.1","27:124,26:140,51:149",
gli,train,BraTS-GLI-02143-102,gli-02143,102,182x218x182,1.00x1.00x1.00,8302.447265625,0.19630490489448046,776d689d13e412675d08190337b9b4ab,e41abca499bed72f4fe7220a9b0d2656,True,20228,51253,74416,2300,7221032,148197,"63.8,66.4,95.2","30:117,24:131,59:142",
gli,train,BraTS-GLI-02143-103,gli-02143,103,182x218x182,1.00x1.00x1.00,1746.134033203125,0.19620921220124768,5385564f49b9612719ee6496060571f1,5f22d19dffcd2e4916658528744d7d6b,True,21096,54662,150383,2379,7221032,228520,"66.4,75.5,95.8","30:124,26:132,46:141",
gli,train,BraTS-GLI-02143-104,gli-02143,104,182x218x182,1.00x1.00x1.00,8289.1865234375,0.19724701400021494,7fbbd90ca4559ef9451292a9b5bb0745,7be5b2a50f0e1ff036026e68d29e5ade,True,20362,51484,100441,2014,7221032,174301,"65.3,70.2,95.0","28:124,25:126,47:140",
gli,train,BraTS-GLI-02144-100,gli-02144,100,182x218x182,1.00x1.00x1.00,2396.861572265625,0.21960642190756113,b7b314fd739cfec53dc51bb3654c85f3,3ea03a8a04fa51a488d667675e9d3eb9,True,0,47887,3594,1686,7221032,53167,"114.3,106.9,118.7","88:149,72:141,90:151",
gli,train,BraTS-GLI-02144-101,gli-02144,101,182x218x182,1.00x1.00x1.00,2645.245849609375,0.21496691885591976,2e56621bc5576c4c42881067ace64481,fb8b039ca7ebc41dc3d2f579fe4c702f,True,0,40674,5566,1512,7221032,47752,"112.1,115.7,110.6","80:147,84:150,79:146",
gli,train,BraTS-GLI-02145-100,gli-02145,100,182x218x182,1.00x1.00x1.00,1621.755126953125,0.20108275382244534,9cf8ce67c138bf79dafb5e81e6f6465c,51072b379284f7d31313bc316ae238aa,True,0,22710,1985,1212,7221032,25907,"75.3,62.7,110.5","57:106,41:82,80:141",
gli,train,BraTS-GLI-02145-101,gli-02145,101,182x218x182,1.00x1.00x1.00,1677.787353515625,0.20079470635222224,41cc3ed54d904403c35ee149ce9ebf28,dec9729ce7e027fc42788a6c25492b3a,True,0,37735,869,798,7221032,39402,"72.7,61.9,106.2","43:116,35:107,73:140",
gli,train,BraTS-GLI-02146-100,gli-02146,100,182x218x182,1.00x1.00x1.00,1082.9119873046875,0.2065197883072669,d9e23bbbeee4562434a07675d02af57e,879176133ca8712d42397778611e5509,True,0,14975,391,0,7221032,15366,"91.2,64.8,86.5","48:140,35:94,54:122",
gli,train,BraTS-GLI-02146-101,gli-02146,101,182x218x182,1.00x1.00x1.00,9175.2724609375,0.21506053428374228,67550d9ccb7ec9f2b99d059e22cc8b6c,542bd95c0f9478d84de7bcb9fd1d9835,True,0,11865,444,0,7221032,12309,"101.8,69.2,85.2","53:141,45:90,51:116",
gli,train,BraTS-GLI-02146-102,gli-02146,102,182x218x182,1.00x1.00x1.00,4802.93212890625,0.2077607466633578,62fba080a8784fa7cc2be131f2df2daf,df15e0a755f8e44c515e45a0a379a6f9,True,0,11473,723,0,7221032,12196,"126.7,66.2,75.6","107:141,40:92,53:103",
gli,train,BraTS-GLI-02146-103,gli-02146,103,182x218x182,1.00x1.00x1.00,8235.7265625,0.21544552080644427,73afe9b0ca131d1debd1d77981a7db4a,4b6de2b3841a53b74b800edb49feb31c,True,0,12351,1200,0,7221032,13551,"127.6,68.7,75.2","108:143,37:97,52:102",
gli,train,BraTS-GLI-02147-100,gli-02147,100,182x218x182,1.00x1.00x1.00,1913.46875,0.19121920523271466,b827837bd00397ad8ebf3c2161f90c9a,81191ddadad1deb255cedda3194f4f2b,True,4346,29936,9138,0,7221032,43420,"64.3,129.4,123.9","40:84,97:183,95:153",
gli,train,BraTS-GLI-02147-101,gli-02147,101,182x218x182,1.00x1.00x1.00,1940.016357421875,0.19098225849158404,5f0760ef98aa81a350461c2d6b1ea4da,3159d0a754a14cb44225b056672ce151,True,5379,49225,11665,0,7221032,66269,"66.5,134.1,120.5","39:87,84:182,74:155",
gli,train,BraTS-GLI-02149-100,gli-02149,100,182x218x182,1.00x1.00x1.00,4514.55029296875,0.15970321139693053,d8ac2cd02b978e826accf60fa1d8c737,c1147a3aeaecc2ddecb8b0aced2df5b6,True,0,13211,142,5456,7221032,18809,"103.8,87.9,122.4","85:120,60:110,94:143",
gli,train,BraTS-GLI-02149-101,gli-02149,101,182x218x182,1.00x1.00x1.00,1840.0885009765625,0.1620211626260623,bdf22d0b8ecc488798efd5a955df427d,e1f99fcbd629dc2f62c6c2c9d04e5eaa,True,0,18498,684,3765,7221032,22947,"107.2,82.0,123.4","73:127,54:110,88:149",
gli,train,BraTS-GLI-02149-102,gli-02149,102,182x218x182,1.00x1.00x1.00,7762.8115234375,0.1657535931152223,6f50ba9837653fcab7477fa25df2c760,a6ef7c80a2f3f6f75e1fe004cf7803a3,True,0,22036,537,3114,7221032,25687,"103.5,80.8,105.2","66:123,49:111,69:132",
gli,train,BraTS-GLI-02149-103,gli-02149,103,182x218x182,1.00x1.00x1.00,7947.1044921875,0.16587033543127908,f931d7d9cb3a2762b97ff290c6a0fe97,4e647ba2ff5472679450b75bc81bf8c3,True,0,25212,792,2335,7221032,28339,"103.4,82.8,121.3","65:125,46:118,89:149",
gli,train,BraTS-GLI-02149-104,gli-02149,104,182x218x182,1.00x1.00x1.00,8111.94677734375,0.16564003593946128,b9a741b9057cae14eab78f9dd4d1971d,fb2344cb8250193eddb360e17469740b,True,0,28951,997,2086,7221032,32034,"104.9,84.3,119.8","64:127,46:126,87:149",
gli,train,BraTS-GLI-02151-100,gli-02151,100,182x218x182,1.00x1.00x1.00,942.7030029296875,0.21221911217122427,847838eb12c36453ca760a0c9ff92f7c,21d7b52c63dacc29b2fad45c6fc3778e,True,3821,143480,39885,4429,7221032,191615,"125.6,98.9,85.4","72:156,36:150,43:127",
gli,train,BraTS-GLI-02151-101,gli-02151,101,182x218x182,1.00x1.00x1.00,1650.673828125,0.20847269476163519,8ffbdce4237f2f29668623c1212f4ff4,8507c5368f3a58acb75f8cdfc55f6d98,True,2084,115337,18365,2173,7221032,137959,"98.1,80.1,98.4","50:154,30:151,45:133",
gli,train,BraTS-GLI-02151-102,gli-02151,102,182x218x182,1.00x1.00x1.00,1951.00634765625,0.20928684431809746,4eece8f8e8d6372f90340ff9230cba08,213de0d70ea3f32d6312f7ec64120016,True,1190,97413,18144,3068,7221032,119815,"106.9,86.8,95.2","51:153,31:150,43:136",
gli,train,BraTS-GLI-02152-100,gli-02152,100,182x218x182,1.00x1.00x1.00,7103.1484375,0.21117937159120745,2bf1ba9ccd8e8af06627647517adec4e,a2cd0ac46a1e69605162c27aaedbb2be,True,2469,22399,11317,6926,7221032,43111,"70.4,91.7,91.5","40:120,39:186,59:137",
gli,train,BraTS-GLI-02152-101,gli-02152,101,182x218x182,1.00x1.00x1.00,1277.024658203125,0.20857101865772096,2f0c4d00c987e5ed4f38c024a75238e2,82298de3dc93d426df9573da03b1019b,True,4172,62904,19505,0,7221032,86581,"60.1,71.1,89.9","30:85,31:113,53:129",
gli,train,BraTS-GLI-02152-102,gli-02152,102,182x218x182,1.00x1.00x1.00,1090.9818115234375,0.20844998332648298,3e22d78ca2b23fbd441112ad62dd4360,f2b75bd479908e068a05154c1d73fc78,True,0,22222,2003,0,7221032,24225,"59.2,72.9,86.0","39:84,46:106,64:114",
gli,train,BraTS-GLI-02152-103,gli-02152,103,182x218x182,1.00x1.00x1.00,2371.107421875,0.2045678512434234,0cef442cf4c4447aab7038b2a335dae1,9fa21b6b60db9846d533f46f10ed5dd0,True,1382,35417,0,1406,7221032,38205,"61.3,82.0,94.3","39:83,42:127,60:123",
gli,train,BraTS-GLI-02152-104,gli-02152,104,182x218x182,1.00x1.00x1.00,11709.7353515625,0.21414155206624205,8444618f0abbc36ae070343f3dc6cc48,0f69154bd1859284a811eefb9335e222,True,0,38102,1555,0,7221032,39657,"59.8,78.9,90.7","40:85,42:124,45:121",
gli,train,BraTS-GLI-02153-100,gli-02153,100,182x218x182,1.00x1.00x1.00,2302.950439453125,0.2014410128635353,61e1b224e1ba7437aa764e0146076742,f2b35aff8abf18cdb07216d1f165d9b9,True,0,7965,1224,12526,7221032,21715,"132.9,113.5,57.2","105:155,80:135,41:76",
gli,train,BraTS-GLI-02153-101,gli-02153,101,182x218x182,1.00x1.00x1.00,2191.373046875,0.20049931921088288,9556ea22db5ab66122e6b51ff18fd130,395a45b07e9e4a3464da31b55b604154,True,0,28962,519,14077,7221032,43558,"125.9,106.9,78.6","105:151,47:156,42:117",
gli,train,BraTS-GLI-02153-102,gli-02153,102,182x218x182,1.00x1.00x1.00,1990.2335205078125,0.20001296213616004,429eb4dc40de2ca88744a8722101765a,a8961a28ed7a246eb3aca64cbb35c249,True,0,40157,81,14315,7221032,54553,"126.3,104.5,83.2","104:156,45:158,43:119",
gli,train,BraTS-GLI-02153-103,gli-02153,103,182x218x182,1.00x1.00x1.00,9704.7314453125,0.2054807401490535,b8346dfac1c90be373f3b55f4205b2da,a71b3afea38612273c863a1b033aae26,True,0,41222,90,22237,7221032,63549,"126.7,107.5,77.2","106:155,46:161,37:117",
gli,train,BraTS-GLI-02154-100,gli-02154,100,182x218x182,1.00x1.00x1.00,7442.25537109375,0.23413329285897086,2bcacaa32a7323138faf6b136d30a7cf,2b1603fa48ca5f729fc286ed8cdb28d5,True,0,60204,3234,73870,7221032,137308,"111.3,147.5,100.5","65:144,89:186,59:146",
gli,train,BraTS-GLI-02154-101,gli-02154,101,182x218x182,1.00x1.00x1.00,1927.6024169921875,0.22527389436856116,8849696a6c13d7b2fabdcbf99b85c92c,fb1aa272ea5f02daf9e8e62cf1dceddc,True,0,79923,17377,49786,7221032,147086,"110.9,153.0,89.5","68:148,103:190,50:140",
gli,train,BraTS-GLI-02155-100,gli-02155,100,182x218x182,1.00x1.00x1.00,2046.197998046875,0.2288912443539926,2e31594b617ceb608c7253365119ba56,02ed00cb083d0d13be74eb57b4db0db6,True,87,40658,2094,7031,7221032,49870,"77.9,127.4,118.0","54:111,96:154,80:150",
gli,train,BraTS-GLI-02155-101,gli-02155,101,182x218x182,1.00x1.00x1.00,2208.22119140625,0.22833342934915674,7172a52a2bcfa6bab151ef4e5927360a,1e84de56cf145efdd554de36f413fd2f,True,173,53934,4350,6900,7221032,65357,"78.7,129.9,114.8","50:112,89:164,76:152",
gli,train,BraTS-GLI-02156-100,gli-02156,100,182x218x182,1.00x1.00x1.00,1545.708740234375,0.221611259997186,1f2a9dac75ab963abaec9627de3913f5,cea84d932de5f8cd9d81fbd7e25e99b1,True,34250,73881,34966,0,7221032,143097,"71.1,140.5,105.9","32:120,83:185,69:146",
gli,train,BraTS-GLI-02156-101,gli-02156,101,182x218x182,1.00x1.00x1.00,1321.220458984375,0.22080638889288956,a6de7f87f9db8386e5d5bb01aea5af85,f60432c7d9e3d1be71a455c81eeae964,True,34311,140250,61796,1,7221032,236358,"65.0,138.2,102.7","27:121,81:191,60:150",
gli,train,BraTS-GLI-02157-100,gli-02157,100,182x218x182,1.00x1.00x1.00,2417.6630859375,0.243911119629438,c23a3b5e181a0322544fc2e73808bb0c,ead5079453c14686c5ca76174a793703,True,4033,164126,29769,0,7221032,197928,"110.8,130.9,109.5","81:148,68:196,66:159",
gli,train,BraTS-GLI-02157-101,gli-02157,101,182x218x182,1.00x1.00x1.00,9262.5400390625,0.24438321281501038,aa54bce390795b62ae55e30e31aa9d35,9e9cf97dac48b9b9a7cc35e3f62338be,True,3302,94839,29551,0,7221032,127692,"110.7,134.5,116.0","88:144,85:195,70:158",
gli,train,BraTS-GLI-02158-100,gli-02158,100,182x218x182,1.00x1.00x1.00,818.3719482421875,0.216497586494562,31d30693cf1d52c0afe93e076095c5c8,36daf90f1fe4c4325077eee422c7885e,True,17342,141342,54535,0,7221032,213219,"99.1,150.3,86.9","49:152,97:192,53:123",
gli,train,BraTS-GLI-02158-101,gli-02158,101,182x218x182,1.00x1.00x1.00,6191.71435546875,0.214396778742983,6a8009dd831ebd6787f7931b2a0b3529,f9451ab7aa242eec3f343f5afdbd3f88,True,0,116541,0,14962,7221032,131503,"94.9,132.7,99.5","43:141,68:180,56:139",
gli,train,BraTS-GLI-02160-100,gli-02160,100,182x218x182,1.00x1.00x1.00,9669.9638671875,0.23606154909713736,546cd6bf36a5179cf967b84810d3ef18,f608e740b96d15088b4cc7ccc422c792,True,74,76926,3247,24815,7221032,105062,"112.4,53.1,85.5","58:141,19:108,53:124",
gli,train,BraTS-GLI-02160-101,gli-02160,101,182x218x182,1.00x1.00x1.00,1918.421875,0.2286198150070516,1c3af0e5b7d24999ada7f2b6208f0824,d5676284be6895dbf53518fa9010054d,True,112,88876,6212,23203,7221032,118403,"112.5,58.6,87.9","55:144,19:114,57:128",
gli,train,BraTS-GLI-02160-102,gli-02160,102,182x218x182,1.00x1.00x1.00,1877.5272216796875,0.2299985653020233,b9f63f868dbd0739dd6443af868e1bed,edfe07dfe648745be1892dbc26749fda,True,4615,103521,8049,25344,7221032,141529,"114.9,61.6,88.1","56:150,19:123,57:132",
gli,train,BraTS-GLI-02162-100,gli-02162,100,182x218x182,1.00x1.00x1.00,8813.283203125,0.20295312359784584,100eb97c70334afb0fcdf22a5d31acb2,9e18db12eccfdc9265bc470eb71de1c7,True,45,13731,975,68,7221032,14819,"119.5,107.2,116.7","106:142,61:140,90:139",
gli,train,BraTS-GLI-02162-101,gli-02162,101,182x218x182,1.00x1.00x1.00,1451.721435546875,0.1971054829835957,37a4b47ad27d6ddaab4bfaeb64e944b9,db800b09e124dfc770357d86820de304,True,9,23046,1030,17,7221032,24102,"117.0,112.9,113.9","105:142,61:163,89:141",
gli,train,BraTS-GLI-02164-100,gli-02164,100,182x218x182,1.00x1.00x1.00,9431.939453125,0.1791926694134578,c8cfe799bfb8b000cff9a4da3634cba9,c8613700719bda4a55218e03e66f2cf5,True,136,12136,6213,4796,7221032,23281,"129.3,75.1,109.0","112:148,53:93,82:133",
gli,train,BraTS-GLI-02164-101,gli-02164,101,182x218x182,1.00x1.00x1.00,1347.856201171875,0.17509934868035484,663f65fb3caf7f4ef7aa74798f6eaa11,dc4da7862ce7c65e228712ddad3f680b,True,90,20387,5699,3609,7221032,29785,"129.1,76.4,111.7","105:149,49:118,80:137",
gli,train,BraTS-GLI-02164-102,gli-02164,102,182x218x182,1.00x1.00x1.00,1436.760498046875,0.1752555590392066,0e1e81f4840155f84ada9b1ac9cca88f,7f791e0dfc241453ae95c61f118b2e26,True,86,25521,4871,2507,7221032,32985,"126.9,80.2,114.8","101:149,51:128,82:140",
gli,train,BraTS-GLI-02164-103,gli-02164,103,182x218x182,1.00x1.00x1.00,1500.7803955078125,0.17568306026063865,318988bb14907e059eddff12836df8f2,fb40ddf84a8ca5dd431abaae072f3800,True,50,30173,3373,2776,7221032,36372,"129.6,78.6,110.8","107:152,48:122,77:137",
gli,train,BraTS-GLI-02164-104,gli-02164,104,182x218x182,1.00x1.00x1.00,1455.3115234375,0.1749193190114654,99a810e7cb4f4c9a95af025ea2ac69f7,5986600a22cd565805a21e16109178be,True,27,32074,2824,2635,7221032,37560,"128.0,82.6,113.7","104:149,51:128,80:141",
gli,train,BraTS-GLI-02165-100,gli-02165,100,182x218x182,1.00x1.00x1.00,7676.83447265625,0.16635932370885492,ba9d9c9433e94646dfbf0e214d19b91a,a145e6eb97c7ab2a2be6d87a08781f51,True,0,15605,386,15604,7221032,31595,"52.8,117.1,62.9","29:74,86:144,45:86",
gli,train,BraTS-GLI-02165-101,gli-02165,101,182x218x182,1.00x1.00x1.00,1955.918701171875,0.16370790213919562,60636d1f3f4144859b6259787d9def92,aea8c482a0e87fa26b2db0cce52f1192,True,0,15755,0,13587,7221032,29342,"55.8,114.0,66.8","31:77,82:143,49:87",
gli,train,BraTS-GLI-02166-100,gli-02166,100,182x218x182,1.00x1.00x1.00,1566.63671875,0.1939796139942324,7c319527ed58a3db0e64cb57e0eb1297,0b664df2706105e1f8cb90b26d41e25a,True,0,15728,0,18871,7221032,34599,"108.7,58.0,89.5","89:133,35:87,65:118",
gli,train,BraTS-GLI-02166-101,gli-02166,101,182x218x182,1.00x1.00x1.00,990.9585571289062,0.1937293727544761,dc585ec94e942c38e5697494972c9d85,d198bd87b7a2814f37ac17b4d438a36b,True,0,17883,0,20487,7221032,38370,"109.7,57.6,89.5","89:136,33:94,64:120",
gli,train,BraTS-GLI-02167-100,gli-02167,100,182x218x182,1.00x1.00x1.00,8626.37109375,0.1997628593807644,bb960131e5a0a6e90f8dade92683c78a,1090f94c6027895bb119b5ec8e73faa5,True,1,13726,2454,3566,7221032,19747,"44.5,122.1,69.6","25:71,96:141,48:90",
gli,train,BraTS-GLI-02167-101,gli-02167,101,182x218x182,1.00x1.00x1.00,1072.197509765625,0.20357048687777593,e8c2fdfadacc1e5a4d6516ff4cbaa5dd,4b539c819509e9d97b073746432b29be,True,0,17863,909,3372,7221032,22144,"46.3,120.3,77.8","22:79,47:157,51:111",
gli,train,BraTS-GLI-02169-100,gli-02169,100,182x218x182,1.00x1.00x1.00,10467.953125,0.1929028980899129,c6bdff3f2357bb1663604775b4499ad1,57aba952440e6b5b9f7e2727fbb0726c,True,4439,122202,24367,0,7221032,151008,"126.3,91.5,89.0","89:153,39:143,43:133",
gli,train,BraTS-GLI-02169-101,gli-02169,101,182x218x182,1.00x1.00x1.00,1735.4588623046875,0.19145144350558202,b48001f93de61f6405d4e5319f74e33d,6225839faeab693eb84590c132512adc,True,2641,178447,31369,0,7221032,212457,"122.5,90.6,96.3","82:153,32:150,47:144",
gli,train,BraTS-GLI-02169-102,gli-02169,102,182x218x182,1.00x1.00x1.00,1621.8106689453125,0.18464050567841273,8faa4630c62d2969d7e614af2399e111,88b460fdc647e12b5630c498111b8a8c,True,9926,51731,15893,0,7221032,77550,"128.8,85.8,86.0","102:153,38:131,49:121",
gli,train,BraTS-GLI-02170-100,gli-02170,100,182x218x182,1.00x1.00x1.00,8690.625,0.18538001216446623,0a756757dc12da7845c3701c085dd1ee,8556e5c86f52e75b3e7c348b2198d67a,True,4204,10112,2617,0,7221032,16933,"47.2,81.3,91.4","32:63,68:97,72:114",
gli,train,BraTS-GLI-02170-101,gli-02170,101,182x218x182,1.00x1.00x1.00,1929.1878662109375,0.19258729223191368,d21850a2edc934c763bd23d26903f3cc,3a3c0142d724797a8c6df33ff7a6072f,True,2138,78161,7077,0,7221032,87376,"54.8,86.5,104.6","30:79,53:121,65:147",
gli,train,BraTS-GLI-02170-102,gli-02170,102,182x218x182,1.00x1.00x1.00,2003.813232421875,0.19368741199318878,fd2237ffc10d06fee94b7f03bfc47e65,92cacee7a58c772a732887655ba1175d,True,1843,96362,10534,0,7221032,108739,"57.9,88.4,105.0","30:86,50:127,64:149",
gli,train,BraTS-GLI-02171-100,gli-02171,100,182x218x182,1.00x1.00x1.00,8203.494140625,0.2125917735858254,63401ffcce0bf2a7afa2bf07d7ad61ad,f21f905f015239e753173bb94e41c4e1,True,105,54211,700,0,7221032,55016,"62.7,158.1,98.6","33:91,115:194,67:129",
gli,train,BraTS-GLI-02171-101,gli-02171,101,182x218x182,1.00x1.00x1.00,10666.119140625,0.21354357659680778,0583dc448b6f82ef0642e94f74f3afa2,c361041f0183a717fee75cd3f331a5e0,True,24,60830,164,629,7221032,61647,"62.0,164.1,90.8","29:94,112:199,56:122",
gli,train,BraTS-GLI-02172-100,gli-02172,100,182x218x182,1.00x1.00x1.00,1687.079345703125,0.23971684379739627,db756598d7138c208c7ea4b814c2a4e0,ddb9caccdc3237d6b7922b82532a0bee,True,7,22708,10577,14964,7221032,48256,"48.0,111.7,60.9","28:73,64:150,32:116",
gli,train,BraTS-GLI-02172-101,gli-02172,101,182x218x182,1.00x1.00x1.00,2047.5804443359375,0.24250785760262522,431285428bb1cd5f9293130ca049c0cb,0e04316cd967fb098f3c299806786dfb,True,1010,57632,54962,1097,7221032,114701,"53.1,114.4,67.3","27:89,58:162,31:115",
gli,train,BraTS-GLI-02174-100,gli-02174,100,182x218x182,1.00x1.00x1.00,7249.49853515625,0.24298216653796853,afa00d717aad77dc4884fb28bf726612,ee94f1b3a661ebcd518e020ccccd4fa3,True,0,39626,555,14726,7221032,54907,"110.1,124.0,122.1","59:139,80:159,90:152",
gli,train,BraTS-GLI-02174-101,gli-02174,101,182x218x182,1.00x1.00x1.00,2140.841796875,0.23576519256527323,02214d849e153760d1e6c34049114c6e,172da8c1c5b45752d68f126d44fae8f6,True,0,43096,89,13509,7221032,56694,"108.6,121.7,118.8","59:140,79:160,84:149",
gli,train,BraTS-GLI-02175-100,gli-02175,100,182x218x182,1.00x1.00x1.00,10135.2958984375,0.1972411976570662,059722afba8cc24034e215c31e79e0b7,d0a5c1576fd74b8aedf1bfc808bc26f8,True,4362,34329,18101,0,7221032,56792,"130.8,77.8,86.0","102:154,41:111,54:125",
gli,train,BraTS-GLI-02175-101,gli-02175,101,182x218x182,1.00x1.00x1.00,10412.013671875,0.189956643316357,f7dd10b8ff4d67d8893e386e8dc2d014,30404b9218bc996f1c98288767fd6bcd,True,12664,38359,33713,0,7221032,84736,"129.7,78.2,85.6","105:155,43:115,53:122",
gli,train,BraTS-GLI-02175-102,gli-02175,102,182x218x182,1.00x1.00x1.00,1865.684326171875,0.19387242709906286,7929bb7ad4c09aa7bc568c7616c02bbd,e069e95da4faa0e4d6b6b1e07458a999,True,11249,35048,26859,0,7221032,73156,"129.9,78.2,86.4","104:154,44:116,55:116",
gli,train,BraTS-GLI-02175-103,gli-02175,103,182x218x182,1.00x1.00x1.00,1883.2061767578125,0.19428829563419744,c2d7289a6f38a0cf53d7e13b7ef1aff0,d641ba0b969af296cb807f256e31ce96,True,13126,62467,31523,0,7221032,107116,"128.2,75.4,89.2","96:155,34:156,55:124",
gli,train,BraTS-GLI-02176-100,gli-02176,100,182x218x182,1.00x1.00x1.00,9797.0205078125,0.18292468444953575,d9fab40bed2abe4e8fd5931fccc4f451,9baa7a4f3bcad706a87e4247d0102cb9,True,13,89770,1793,20900,7221032,112476,"59.0,102.2,112.0","32:92,53:162,66:152",
gli,train,BraTS-GLI-02176-101,gli-02176,101,182x218x182,1.00x1.00x1.00,933.3572998046875,0.18418572303792588,1e5e68a3ce00b9088dc1337945b87eab,0d064f445ffe643ab43330f31eb0c654,True,2734,121937,14648,13319,7221032,152638,"64.4,104.0,108.9","37:114,44:164,64:151",
gli,train,BraTS-GLI-02176-102,gli-02176,102,182x218x182,1.00x1.00x1.00,1978.7686767578125,0.1835823466784249,cfe80b8fb35d261920532bb2c76b3264,a227392e38307ee11ad95faf0f1e3b88,True,3068,132646,41386,10209,7221032,187309,"68.7,104.2,108.4","38:120,39:165,61:152",
gli,train,BraTS-GLI-02176-103,gli-02176,103,182x218x182,1.00x1.00x1.00,1871.4932861328125,0.1879940429567408,d3caaf40c86d8db9085e3d0186af1323,98ea5cd7ab50f6aa8ff2190070c46ff4,True,10529,179774,80346,11157,7221032,281806,"68.8,108.9,109.6","32:123,35:180,53:155",
gli,train,BraTS-GLI-02178-100,gli-02178,100,182x218x182,1.00x1.00x1.00,2084.166748046875,0.2030551865716701,6a8ad23505b1b552343111c8f831e68f,82fd2af44b1153fba91a69a263aaa0dd,True,83,41242,2729,1489,7221032,45543,"111.3,129.2,121.3","93:131,82:163,87:148",
gli,train,BraTS-GLI-02178-101,gli-02178,101,182x218x182,1.00x1.00x1.00,1259.6947021484375,0.20843613489041454,4bb0a18ea0931c3439eff2411bdc952e,6bed0c57f6df11aa48ef6805def08a41,True,0,49381,1463,4588,7221032,55432,"111.4,126.3,123.7","93:134,78:162,89:150",
gli,train,BraTS-GLI-02178-102,gli-02178,102,182x218x182,1.00x1.00x1.00,1078.169189453125,0.20571713295274138,a18dc8ee801c4c09929b2a34ecec7731,d80337e83ef2f44004087b74457fd63b,True,0,59006,592,4733,7221032,64331,"112.1,129.5,119.5","93:135,79:165,72:148",
gli,train,BraTS-GLI-02181-100,gli-02181,100,182x218x182,1.00x1.00x1.00,2124.2607421875,0.22307019273699383,4daf281f6e9ecd1b2d7d75b9226cc2df,f000e99a386fdb42c96fb58f03e54772,True,6658,46159,22703,512,7221032,76032,"127.0,125.3,96.5","104:151,75:168,56:129",
gli,train,BraTS-GLI-02181-101,gli-02181,101,182x218x182,1.00x1.00x1.00,1914.850341796875,0.22109997573754,ab2ae7a9259e97c5d81808511eda6561,8369740ebf60fae6afcdd2bc8a86f560,True,6792,60288,11381,171,7221032,78632,"127.4,131.2,92.7","105:152,83:174,51:128",
gli,train,BraTS-GLI-02181-102,gli-02181,102,182x218x182,1.00x1.00x1.00,11404.2744140625,0.22343925355821717,541e8fa2f565a1289adc30d0a7e295ca,16a7e46f8736f8ab3054a4f9da42b61c,True,0,40131,1816,10280,7221032,52227,"130.4,125.5,91.0","108:150,73:165,57:128",
gli,train,BraTS-GLI-02184-100,gli-02184,100,182x218x182,1.00x1.00x1.00,8530.1259765625,0.18462471846129472,32598362ac4c9ff8a3783d125c9f393f,82148efc9c7e5b8a0cef2c1c3966d553,True,0,57763,0,2084,7221032,59847,"114.5,97.8,109.2","75:136,34:151,74:147",
gli,train,BraTS-GLI-02184-101,gli-02184,101,182x218x182,1.00x1.00x1.00,9094.88671875,0.1814441481494612,d85e615441d1b55a22305faa39c5b82a,3dd9783ec0006265b89a3747d6264c38,True,0,50746,101,3073,7221032,53920,"111.5,97.9,112.1","91:130,35:150,71:149",
gli,train,BraTS-GLI-02185-100,gli-02185,100,182x218x182,1.00x1.00x1.00,9218.359375,0.22748327385891656,a049078f9b2336546fc4fb7fe6e52aea,bf0a7e11e7972d83733cde7f4d714eb7,True,0,48428,10020,53670,7221032,112118,"50.9,82.2,75.3","23:83,35:145,37:129",
gli,train,BraTS-GLI-02185-101,gli-02185,101,182x218x182,1.00x1.00x1.00,1777.099853515625,0.2222824936934222,f638dc642e61d6c135fa857bf5100095,ed52ffe6518260ee9c34b8dc16b31f7e,True,1,67207,18851,53546,7221032,139605,"54.1,81.3,80.3","20:86,31:140,36:134",
gli,train,BraTS-GLI-02185-102,gli-02185,102,182x218x182,1.00x1.00x1.00,1449.753173828125,0.22187479573556798,df5ad9bc40abc5ccd1902063d446083e,a46a614e027531f9b2d4d9c33aeb99d4,True,0,78866,15387,50574,7221032,144827,"53.9,85.6,82.7","20:84,33:143,36:137",
gli,train,BraTS-GLI-02186-100,gli-02186,100,182x218x182,1.00x1.00x1.00,1877.791259765625,0.17796112799389338,027bb06b3e73a105713f614a810a76b8,68dc44536e4c15a4166cbc2dcc007014,True,43,46901,5720,2348,7221032,55012,"120.3,110.5,112.4","101:141,64:148,74:144",
gli,train,BraTS-GLI-02186-101,gli-02186,101,182x218x182,1.00x1.00x1.00,6682.28564453125,0.17713783846962594,6918d6bd702ab417e737705e312f4c19,33bf8fc6d2fe098238c03206fc31f809,True,26,43353,7161,3467,7221032,54007,"116.0,110.1,112.6","75:139,61:150,73:145",
gli,train,BraTS-GLI-02186-102,gli-02186,102,182x218x182,1.00x1.00x1.00,2026.53759765625,0.18107065582869594,842e082d3f6cdef036320153d14d2b25,35bf46094972b77cbc8e340495593fa0,True,22089,113131,47782,0,7221032,183002,"115.9,108.3,115.7","71:149,56:159,73:154",
gli,train,BraTS-GLI-02186-103,gli-02186,103,182x218x182,1.00x1.00x1.00,12400.8408203125,0.19013902721937806,5fdbc088f4b3aa15095e5fcb3b7625e8,a1c87ab882c81d043e557fcc08411e94,True,0,327009,702,17854,7221032,345565,"107.6,106.7,107.2","51:147,46:182,43:153",
gli,train,BraTS-GLI-02188-100,gli-02188,100,182x218x182,1.00x1.00x1.00,1902.0474853515625,0.22315120608799408,8298f0d0f4c96e8839a83be4b037803b,46a29d30d7f2e511f0bb3513ba46ee96,True,0,20780,1,3249,7221032,24030,"64.5,113.1,129.6","44:82,93:130,105:154",
gli,train,BraTS-GLI-02188-101,gli-02188,101,182x218x182,1.00x1.00x1.00,2071.825439453125,0.22312364770021792,72ba17469f13b40bda587d32134488de,821d3443939d2865cf2c0889b588487d,True,0,19516,0,3602,7221032,23118,"65.0,110.6,130.1","44:83,94:127,108:153",
gli,train,BraTS-GLI-02191-100,gli-02191,100,182x218x182,1.00x1.00x1.00,8296.6767578125,0.20974910511406125,dc4fbeffa5c5c14696c059bb3efb7c1c,54d4cffd726fe69bbd6b7ffd9b411a63,True,0,28571,0,43094,7221032,71665,"48.2,113.8,64.4","24:74,56:148,33:118",
gli,train,BraTS-GLI-02191-101,gli-02191,101,182x218x182,1.00x1.00x1.00,1990.9085693359375,0.20442645871116483,e004abc782ce45b6148dcb3e553231c3,3d258f1ef2a3e5d424abd5478a23b55b,True,0,41815,0,37791,7221032,79606,"51.1,112.1,76.1","23:75,42:156,40:128",
gli,train,BraTS-GLI-02192-100,gli-02192,100,182x218x182,1.00x1.00x1.00,2107.095458984375,0.25062096387330784,117c0a73c56796dd43d1138b25079115,94230a58efce355a29e3ec55a667121a,True,0,61700,1813,1047,7221032,64560,"115.5,61.6,90.6","55:145,22:98,55:124",
gli,train,BraTS-GLI-02192-101,gli-02192,101,182x218x182,1.00x1.00x1.00,1034.3966064453125,0.2502992647034385,6514561a2f9ddf1c2147185970620586,18e62c3ab867e833323bd7fdf1d4c47a,True,93,58862,4984,48,7221032,63987,"117.4,60.5,90.4","69:145,22:98,54:124",
gli,train,BraTS-GLI-02192-102,gli-02192,102,182x218x182,1.00x1.00x1.00,2097.523193359375,0.25411450884028763,a8f044a1927fc29af6da13a865537187,65c38334b9ade4a037c66cf7b1bfff51,True,567,69445,18016,0,7221032,88028,"112.3,60.4,89.8","53:143,20:99,53:127",
gli,train,BraTS-GLI-02192-103,gli-02192,103,182x218x182,1.00x1.00x1.00,1065.344970703125,0.25098697803859615,a95a0a989d87940168ce4334bf08b0c9,9b699ab3082c29b78a7e821b287fe4d4,True,0,116440,5239,242,7221032,121921,"117.6,63.6,90.4","53:156,20:103,52:132",
gli,train,BraTS-GLI-02193-100,gli-02193,100,182x218x182,1.00x1.00x1.00,1244.765625,0.2045869620851978,6dde580515ce97bc85c496aabd42b31c,47cdf1d6c1d4d7da5ab23fcff78181ed,True,0,49960,299,9265,7221032,59524,"124.3,81.0,114.8","95:151,48:126,77:145",
gli,train,BraTS-GLI-02193-101,gli-02193,101,182x218x182,1.00x1.00x1.00,1198.9056396484375,0.20483484909082247,26b010f3dfa5ca5cd53a433f09e092b2,303b8e47243920e4a5c877ce37705fc6,True,0,49220,270,9703,7221032,59193,"124.4,81.0,114.8","95:151,48:125,77:146",
gli,train,BraTS-GLI-02193-102,gli-02193,102,182x218x182,1.00x1.00x1.00,1186.6505126953125,0.20509256848605573,c2e3c564cc93ce616a53aefe0894844a,d95a5d015e0cbda4120137d180f02b73,True,0,47757,531,9839,7221032,58127,"124.3,83.0,116.0","94:153,49:127,79:147",
gli,train,BraTS-GLI-02193-103,gli-02193,103,182x218x182,1.00x1.00x1.00,1092.2552490234375,0.20477239264415392,17689dda9849b6048643dfa840785440,0d61fcec0aaef5a25036ccb364e74bac,True,0,47062,287,10152,7221032,57501,"124.3,81.4,114.9","95:152,47:126,78:146",
gli,train,BraTS-GLI-02193-104,gli-02193,104,182x218x182,1.00x1.00x1.00,13739.294921875,0.20601792098414742,87c0c21e07aa568244328ce7596d11b3,c177f9f3057360d7c900a445ecf6b5cc,True,0,36842,47,14670,7221032,51559,"128.5,79.1,110.1","96:155,42:125,69:141",
gli,train,BraTS-GLI-02193-105,gli-02193,105,182x218x182,1.00x1.00x1.00,1298.8309326171875,0.20544944268353887,885f0b98a7c6086d9b5a7cfdd57590c1,a982c698304ecab207969bbb419f0ed2,True,0,55725,1077,7262,7221032,64064,"128.7,86.6,112.0","98:155,42:126,75:145",
gli,train,BraTS-GLI-02194-100,gli-02194,100,182x218x182,1.00x1.00x1.00,1906.9305419921875,0.19006036810250945,0452f68e511f6f0ed05c2ac8a552d832,1e7872bc9be41e782173b5df8b6e0a18,True,10,57504,1496,17048,7221032,76058,"128.5,115.6,82.2","103:155,61:160,43:124",
gli,train,BraTS-GLI-02194-101,gli-02194,101,182x218x182,1.00x1.00x1.00,2214.8759765625,0.19235089942822578,1df500983b811027db538f04ecb86377,352fedb704d857185c23c2b483e4eb69,True,0,61573,3716,19346,7221032,84635,"128.3,119.9,80.1","101:154,62:162,40:122",
gli,train,BraTS-GLI-02194-102,gli-02194,102,182x218x182,1.00x1.00x1.00,8071.57373046875,0.19316712625009833,778df5664d2350d10cb2c0cdf60db09f,3c20c0fe1c2320a223f8279da5d867d8,True,83,95186,12931,14163,7221032,122363,"127.3,124.1,81.2","94:154,68:169,36:128",
gli,train,BraTS-GLI-02194-103,gli-02194,103,182x218x182,1.00x1.00x1.00,2130.876953125,0.1943816340932986,7d56c2fe7ad1648d21f373985652bcb7,39335365f7d628491bde0216b6ed31a4,True,1067,222061,32869,9623,7221032,265620,"121.7,123.6,95.2","78:157,48:187,43:152",
gli,train,BraTS-GLI-02194-104,gli-02194,104,182x218x182,1.00x1.00x1.00,7520.826171875,0.19376842534418903,2e38782c85451d97126c7e7a553ed532,f08bf952b9662e992cfe0d7c2c39960d,True,758,73667,6164,19506,7221032,100095,"126.9,119.2,73.6","102:153,55:162,33:116",
gli,train,BraTS-GLI-02194-105,gli-02194,105,182x218x182,1.00x1.00x1.00,1806.3953857421875,0.1902646325345186,de02da9c4dcc45255e9e187f87d05e79,e289ed56a402826066100c79fc8871e2,True,549,69908,5407,21570,7221032,97434,"128.4,119.2,81.1","100:155,49:162,41:124",
gli,train,BraTS-GLI-02194-106,gli-02194,106,182x218x182,1.00x1.00x1.00,1927.019775390625,0.1886357794841513,d47235a990ed3a3b76f5a1e77ea24db8,7dab1cc1a3f4de3703d7f65cb85a5276,True,0,72296,3744,29928,7221032,105968,"127.5,120.4,76.8","96:155,47:165,38:119",
gli,train,BraTS-GLI-02194-107,gli-02194,107,182x218x182,1.00x1.00x1.00,1932.2806396484375,0.1880343419056999,4924a117c451fc779efd88b674c67b7b,e96481b12a87ff277acaf79ed39bd64c,True,159,70186,5368,30930,7221032,106643,"128.0,119.3,80.2","98:155,45:165,40:121",
gli,train,BraTS-GLI-02195-100,gli-02195,100,182x218x182,1.00x1.00x1.00,11389.0498046875,0.19746831200858825,915b4533291059c9e99874dee1a58fd7,b83dd94604e393a4d567a6cb32da137b,True,148,16188,3473,12254,7221032,32063,"126.4,124.4,53.6","94:149,91:156,33:80",
gli,train,BraTS-GLI-02195-101,gli-02195,101,182x218x182,1.00x1.00x1.00,2170.017822265625,0.20154972308667238,ca9145b6dac351f2b351c0836b2aed78,9ffe884d597ab04d219257c2ad6fec2f,True,374,27068,10829,9575,7221032,47846,"121.7,129.0,58.8","87:151,83:172,34:84",
gli,train,BraTS-GLI-02196-100,gli-02196,100,182x218x182,1.00x1.00x1.00,7433.30908203125,0.21255396735535861,4afc8d42952c4954eba60b9d84671746,0e174b48ba0740c9188e99d281a96d85,True,1500,52360,46257,12340,7221032,112457,"75.9,155.1,100.0","45:120,105:191,58:138",
gli,train,BraTS-GLI-02196-101,gli-02196,101,182x218x182,1.00x1.00x1.00,8348.5625,0.21486582527262033,2077b49323d3fab6a1b2ac5bc81edeb3,1db249c89f05d2cbc0fb887cf1710e22,True,4469,64639,74561,15012,7221032,158681,"81.0,154.1,100.9","41:129,112:191,55:139",
gli,train,BraTS-GLI-02196-102,gli-02196,102,182x218x182,1.00x1.00x1.00,2001.2972412109375,0.20819267938433178,c8c9485f8e3c6c9a943c331c05a9d6f1,e680106a3730475d11f7fdbb6a2a873e,True,95,74336,15630,17352,7221032,107413,"82.6,155.2,104.7","42:123,112:190,68:139",
gli,train,BraTS-GLI-02196-103,gli-02196,103,182x218x182,1.00x1.00x1.00,2171.361572265625,0.20751355207953656,081d697313d7d80e505e7e5afa872778,4f38dcbff770736db8fea59c0a53d3dc,True,1299,108736,48599,11652,7221032,170286,"86.7,155.1,103.7","40:130,113:193,62:142",
gli,train,BraTS-GLI-02196-104,gli-02196,104,182x218x182,1.00x1.00x1.00,1782.2930908203125,0.2046962262457776,98f9fe153426f6327483a9721c816562,8e4ddbfb8472fae802732c0a16bf8657,True,1262,104927,46532,14875,7221032,167596,"84.8,150.5,107.9","40:124,104:191,66:145",
gli,train,BraTS-GLI-02196-105,gli-02196,105,182x218x182,1.00x1.00x1.00,1788.6810302734375,0.20354583666157414,c30a57c56d6123e2f3cf94072137ca79,b3d668607da9c8c753d45961d975d744,True,1621,133563,58416,16089,7221032,209689,"85.7,150.0,106.1","39:130,107:192,61:147",
gli,train,BraTS-GLI-02196-106,gli-02196,106,182x218x182,1.00x1.00x1.00,2189.821533203125,0.2026541358631287,ca8c88547009f8c0624995b5534dceff,41ceb2b7fcfa37778a80c48f74b96d45,True,467,154583,27671,28610,7221032,211331,"84.9,146.7,106.0","38:129,96:192,62:146",
gli,train,BraTS-GLI-02197-100,gli-02197,100,182x218x182,1.00x1.00x1.00,2082.150634765625,0.21180172030812217,ab6eb3009c948eb75bd0d54de7174060,a952afc3fd8a660d993c7f5c2046fb12,True,8,39335,3818,7878,7221032,51039,"51.3,97.0,73.6","29:75,53:145,37:112",
gli,train,BraTS-GLI-02197-101,gli-02197,101,182x218x182,1.00x1.00x1.00,1081.265380859375,0.21115956832762964,b4b6c873ad984287df0994d328890f2d,e9cb92ccc239ef1cd6eb3e38de533758,True,0,52715,319,6127,7221032,59161,"51.0,95.4,77.8","29:77,37:145,36:128",
gli,train,BraTS-GLI-02198-100,gli-02198,100,182x218x182,1.00x1.00x1.00,8497.5263671875,0.1999039749443016,86f332b53e5574355755fdcf239857d5,1e7484e0f8b31c0d1528cd732dcc624a,True,0,44407,1,17014,7221032,61422,"59.7,65.9,95.1","32:116,27:116,63:127",
gli,train,BraTS-GLI-02198-101,gli-02198,101,182x218x182,1.00x1.00x1.00,1722.4508056640625,0.1940863854363199,f8cc44bdcc74b631e0a738e8ca465547,0ad3a26045bbd5e38ed7fa220d474585,True,0,50717,0,16007,7221032,66724,"63.0,67.6,96.0","33:122,28:119,63:131",
gli,train,BraTS-GLI-02198-102,gli-02198,102,182x218x182,1.00x1.00x1.00,2771.2763671875,0.18354855649441798,156b332c00774a3a5339a094c400e39b,65dd63f97966e42d2a325931008a9f63,True,0,42736,0,18747,7221032,61483,"57.0,66.4,91.9","29:118,29:111,62:128",
gli,train,BraTS-GLI-02198-103,gli-02198,103,182x218x182,1.00x1.00x1.00,1784.0867919921875,0.19433995030073264,218d3d0b0596b2bcf6290db5c6e20934,cc74e99e3840d519b08b8536553c5d31,True,0,44539,0,17369,7221032,61908,"63.6,66.2,98.5","33:126,28:119,66:130",
gli,train,BraTS-GLI-02198-104,gli-02198,104,182x218x182,1.00x1.00x1.00,10291.513671875,0.20064957474222522,463e08154bc7ab30aa81bea1b0b0944d,68d9f73ca5d4603fff646dd53955c3ff,True,0,41137,0,18078,7221032,59215,"59.3,63.7,92.4","31:121,27:113,61:125",
gli,train,BraTS-GLI-02199-100,gli-02199,100,182x218x182,1.00x1.00x1.00,7657.9345703125,0.17891653159825355,1fc2d72047edd784f912996b3e654049,5465b4fb7785f75894e93389432b021d,True,0,9582,0,21230,7221032,30812,"104.6,166.6,92.0","72:124,143:186,62:122",
gli,train,BraTS-GLI-02199-101,gli-02199,101,182x218x182,1.00x1.00x1.00,9049.572265625,0.17738891061554637,4d2a5d44fb14ab058223498121ac666f,bc9729161a6db601c483e7ec1d152f9f,True,0,13933,0,23051,7221032,36984,"104.2,163.6,94.3","71:124,139:184,64:129",
gli,train,BraTS-GLI-02199-102,gli-02199,102,182x218x182,1.00x1.00x1.00,1825.7109375,0.17060096119225063,dea550e8ab97ccedb3ff9d1a1bc171ce,f9cbf47dd947f2891f77c2f032414325,True,0,19143,0,23388,7221032,42531,"103.7,161.0,98.4","72:124,105:185,69:134",
gli,train,BraTS-GLI-02199-103,gli-02199,103,182x218x182,1.00x1.00x1.00,2085.919677734375,0.17133492830387678,75f8d26e51cc42fe3e2d320097f77f92,df8eb96fbe7a842b1ef7dad91ca870b3,True,0,19949,0,23278,7221032,43227,"103.0,161.5,99.3","71:124,108:185,69:135",
gli,train,BraTS-GLI-02199-104,gli-02199,104,182x218x182,1.00x1.00x1.00,4220.57470703125,0.17190479144809218,e3fc0ef9c3186e185858b1df8670c087,720c0f0bc1c13e245f6671dd7ddaa2de,True,0,19520,19,24157,7221032,43696,"104.2,160.6,98.7","71:124,105:183,67:134",
gli,train,BraTS-GLI-02204-100,gli-02204,100,182x218x182,1.00x1.00x1.00,696.0223999023438,0.20952268318434264,e73d71624d1af004d9fc19412e88db32,a942d3658e65c915ba928f8388d9559b,True,0,38201,0,0,7221032,38201,"68.2,129.7,69.7","44:96,99:157,46:93",
gli,train,BraTS-GLI-02204-101,gli-02204,101,182x218x182,1.00x1.00x1.00,2025.9283447265625,0.2118792715501053,4fa1a468b9c7d5230b08be55f5764dcd,bb531e7b5a748dfdf0a482ff4165014a,True,0,40971,0,0,7221032,40971,"71.1,132.5,70.4","44:99,102:167,50:94",
gli,train,BraTS-GLI-02204-102,gli-02204,102,182x218x182,1.00x1.00x1.00,7674.98388671875,0.2159111052270645,3e8f4e9f1b1cce6647c1c9bf339391d3,09de00710016be4a990b142d32e34be2,True,0,29906,0,0,7221032,29906,"72.2,132.4,61.8","45:99,104:159,43:84",
gli,train,BraTS-GLI-02204-103,gli-02204,103,182x218x182,1.00x1.00x1.00,1734.0626220703125,0.21251754596849867,6d5dec9e5a6f8a6abc3addb9d67e14de,ce21ab935afa766ce19f644872f6ec0a,True,0,27457,0,0,7221032,27457,"69.1,131.4,67.9","47:95,104:159,48:88",
gli,train,BraTS-GLI-02204-104,gli-02204,104,182x218x182,1.00x1.00x1.00,7162.0771484375,0.206164991375194,07ddf2d973a33c2f0abd56000d696788,82e25b6ce9aa731897e3b2c39dd41e59,True,675,60012,311,0,7221032,60998,"71.8,124.0,70.2","42:103,83:164,43:92",
gli,train,BraTS-GLI-02205-100,gli-02205,100,182x218x182,1.00x1.00x1.00,7936.9150390625,0.20114133270701473,4a6e9a39fb6f9573abaecec18b85742b,55bacc5de715216f1a8d26c0a937699a,True,0,19763,0,23929,7221032,43692,"101.1,141.7,116.4","73:118,115:175,81:149",
gli,train,BraTS-GLI-02205-101,gli-02205,101,182x218x182,1.00x1.00x1.00,1321.9412841796875,0.19262772966523345,9e848e02904b2bb61b53512271b92c9d,fe1116787fe334454a2d6239d77d9d7d,True,0,13022,12,28516,7221032,41550,"100.2,146.0,116.6","89:116,115:178,77:149",
gli,train,BraTS-GLI-02205-102,gli-02205,102,182x218x182,1.00x1.00x1.00,5778.896484375,0.1933046412202577,dd81233e540c1f2470e9197de29ab14f,d35cbb11c1cbf9e6ff8671202d52ac8a,True,0,12811,0,28329,7221032,41140,"101.3,145.7,113.8","90:118,115:179,76:144",
gli,train,BraTS-GLI-02205-103,gli-02205,103,182x218x182,1.00x1.00x1.00,2034.36181640625,0.19613096853746112,ef4feb2809bda5c1eb9e67a7f37c9c5a,f6e6155e6a298cf347cf8be9fd84dbc3,True,0,27202,3,30822,7221032,58027,"102.7,141.5,116.5","89:125,108:177,77:151",
gli,train,BraTS-GLI-02205-104,gli-02205,104,182x218x182,1.00x1.00x1.00,2026.859619140625,0.1955062655864148,04c3bfe6235eff95169e8d9f37531c92,e0aeaac0fc5a4181a35c3f4a9f4ffb6f,True,0,30734,0,30252,7221032,60986,"103.8,139.1,116.8","89:128,107:176,77:151",
gli,train,BraTS-GLI-02205-105,gli-02205,105,182x218x182,1.00x1.00x1.00,1452.9820556640625,0.18898032857353353,5f48813d96eadef3ab161f54e90286f3,2ff6254452d75fc9bbf7009565b570be,True,0,24519,1,31362,7221032,55882,"100.8,144.3,116.2","86:117,110:181,75:149",
gli,train,BraTS-GLI-02206-100,gli-02206,100,182x218x182,1.00x1.00x1.00,8089.49755859375,0.22171678508002735,4f125dfce746ce03b90fae37f7144591,8a6a907c8dc117d6c1c37f61747b4068,True,0,41692,0,17192,7221032,58884,"72.1,80.7,89.5","49:99,48:118,40:125",
gli,train,BraTS-GLI-02206-101,gli-02206,101,182x218x182,1.00x1.00x1.00,8131.8427734375,0.22004458642476588,aeacc375559437f7bf3c31df449b8f0e,766745e40f0128bb077059c3408cd04f,True,0,46339,0,16984,7221032,63323,"72.1,78.5,91.2","48:103,45:123,38:135",
gli,train,BraTS-GLI-02206-102,gli-02206,102,182x218x182,1.00x1.00x1.00,1869.686767578125,0.2133725484113628,a165f5db5bf1c6263d6686fcbe760481,f2d8a2a34a6d937b604a5a9fc9ad518b,True,0,104735,0,14161,7221032,118896,"70.6,84.8,94.8","42:120,45:142,35:150",
gli,train,BraTS-GLI-02206-103,gli-02206,103,182x218x182,1.00x1.00x1.00,1926.6378173828125,0.21542280937129207,ce0aa0dd9782ffb733aebcf2627ba304,ff3c915690edaa4216354d1369f2ace3,True,0,44299,4,19062,7221032,63365,"75.4,80.2,99.8","52:118,45:131,43:140",
gli,train,BraTS-GLI-02206-104,gli-02206,104,182x218x182,1.00x1.00x1.00,2149.30908203125,0.21378537029056235,1764e203309b5279b53ef8fedbeff44a,bc3165bfa645a6c670ff6ce9b5c1d13a,True,0,21206,0,21941,7221032,43147,"76.4,74.2,101.8","54:97,44:115,57:131",
gli,train,BraTS-GLI-02207-100,gli-02207,100,182x218x182,1.00x1.00x1.00,1900.3377685546875,0.22433746312161476,c95d25788b53ed635bd501e2742f50cb,6030ace6bc304734ead464d3fdc30d93,True,0,133932,0,61045,7221032,194977,"112.3,156.5,85.5","61:150,112:197,49:134",
gli,train,BraTS-GLI-02207-101,gli-02207,101,182x218x182,1.00x1.00x1.00,2214.7001953125,0.22626821207827358,462d9578e3e43959203120f93d3a15a3,22e8ffa9c13c4b7deea48fa337472d54,True,0,59410,1,63818,7221032,123229,"115.1,160.6,74.7","68:148,122:197,50:104",
gli,train,BraTS-GLI-02208-100,gli-02208,100,182x218x182,1.00x1.00x1.00,8016.130859375,0.2103422336308716,eeedef10f692fbe4eb0ca5afa9e01f7f,f81801af0bac0bd2a066dd35ef7e2cca,True,2368,2026,0,0,7221032,4394,"103.3,45.5,96.8","93:155,32:105,76:112",
gli,train,BraTS-GLI-02208-101,gli-02208,101,182x218x182,1.00x1.00x1.00,10907.5859375,0.2128071167666893,e55e7c7dcc2ea577157cad8b85be1e7c,e07e0fff75f1cff2ed685a5bcb7fb919,True,1972,2146,0,0,7221032,4118,"117.6,62.7,93.2","93:156,32:108,70:112",
gli,train,BraTS-GLI-02208-102,gli-02208,102,182x218x182,1.00x1.00x1.00,2707.220703125,0.20958306236560093,6498905e3a05d0b517cab44d9ee50a3c,7333094c90066c5f6505b83189953133,True,1890,806,0,0,7221032,2696,"107.1,52.6,100.5","94:155,36:110,81:112",
gli,train,BraTS-GLI-02209-100,gli-02209,100,182x218x182,1.00x1.00x1.00,7311.19677734375,0.18860378959683324,b56605287cfcf677d08a423b06cde67b,85593998373dcda414a9de23f1d027be,True,0,24785,1424,10077,7221032,36286,"55.1,136.4,90.0","34:81,110:166,63:120",
gli,train,BraTS-GLI-02209-101,gli-02209,101,182x218x182,1.00x1.00x1.00,1314.8739013671875,0.1892424794683087,f3f2a04fc9922b7f220d8865ee5ad157,f595274630f253186c8c410e846b09ae,True,0,49469,0,16035,7221032,65504,"55.5,139.5,100.8","32:82,106:175,63:137",
gli,train,BraTS-GLI-02209-102,gli-02209,102,182x218x182,1.00x1.00x1.00,8536.337890625,0.19643660352149112,c4995879e6037cd8ebd04c3ee4125792,e19a38298702f3dfdd0a41b1f495faf3,True,0,105363,243,15176,7221032,120782,"62.5,131.0,96.8","31:118,95:167,46:142",
gli,train,BraTS-GLI-02209-103,gli-02209,103,182x218x182,1.00x1.00x1.00,6683.998046875,0.18667179428092825,4b909f368d2fd959ebcff218767f5dec,65c6cc2aa5e3012f94f70bfa8461bc8b,True,0,83451,273,15014,7221032,98738,"58.6,128.2,95.8","31:89,94:167,50:139",
gli,train,BraTS-GLI-02209-104,gli-02209,104,182x218x182,1.00x1.00x1.00,14552.484375,0.18964879258255607,1f6166b17242978892f9fbe422056479,97a804fc187a2c073c72f8385646b5a3,True,0,74723,218,15419,7221032,90360,"59.2,134.3,96.9","32:91,91:171,56:140",
gli,train,BraTS-GLI-02211-100,gli-02211,100,182x218x182,1.00x1.00x1.00,1082.34228515625,0.19462536656810273,e61bf97f735b30ab25d4ec07c74cb6b5,e850fb4a72040afeb36ef319e0cee8b8,True,0,9420,46,25322,7221032,34788,"65.0,138.0,123.5","40:84,116:162,98:147",
gli,train,BraTS-GLI-02215-100,gli-02215,100,182x218x182,1.00x1.00x1.00,1874.218505859375,0.1949801635001756,db3dfccb5f7522ffab4188e16b7993b4,f2b51532e2a6d938b985530bd24bebad,True,0,13136,0,294,7221032,13430,"141.5,87.8,111.4","119:155,72:105,91:133",
gli,train,BraTS-GLI-02215-101,gli-02215,101,182x218x182,1.00x1.00x1.00,9888.4658203125,0.19785163671896205,dd49d3a803361d898080c584d5563b8e,4fc2553ab4b67b26fd72205e58445723,True,0,16055,3,5056,7221032,21114,"127.2,83.7,106.4","103:153,59:119,80:127",
gli,train,BraTS-GLI-02215-102,gli-02215,102,182x218x182,1.00x1.00x1.00,1145.072509765625,0.1911366685537469,8e29c75093bd6d82aede58acd6a58a16,3fe614ea7b0c5faf8dbea9e19ebe3fab,True,0,46430,1191,882,7221032,48503,"125.8,88.7,105.9","100:149,54:131,75:132",
gli,train,BraTS-GLI-02215-103,gli-02215,103,182x218x182,1.00x1.00x1.00,7771.646484375,0.1888939143324666,58d3c057531c9515fa581ab9397bb305,49166904d9aa9b83b7b0a30bf08f0fad,True,0,27413,4,1836,7221032,29253,"123.3,91.2,107.7","99:149,62:141,79:130",
gli,train,BraTS-GLI-02216-100,gli-02216,100,182x218x182,1.00x1.00x1.00,8293.84765625,0.19110481715078953,72d34acdc03759133f02188a961c998b,2386d1c8b33b03042176b12a029c3dbb,True,0,36228,4202,1471,7221032,41901,"71.4,151.7,110.1","49:88,125:181,83:141",
gli,train,BraTS-GLI-02216-101,gli-02216,101,182x218x182,1.00x1.00x1.00,1693.560791015625,0.18419209331851735,5b5a639b9c3caad84508d88447455b62,5b0b9d8d6070b9e10ccfefe06d05ac59,True,0,24429,211,1738,7221032,26378,"71.8,153.9,117.2","49:87,128:181,90:143",
gli,train,BraTS-GLI-02216-102,gli-02216,102,182x218x182,1.00x1.00x1.00,2196.010009765625,0.18346546587800747,d4fbeb0cc13cfe09f47d34b4bd725c86,1839db6ae4bb62f4042341ea4daf8a0f,True,7,25111,682,2530,7221032,28330,"74.3,152.3,115.8","54:89,122:180,82:143",
gli,train,BraTS-GLI-02216-103,gli-02216,103,182x218x182,1.00x1.00x1.00,999.0227661132812,0.18351573570093582,20fb290a24b1722f25eada11969c9051,ca02c174e339e79475edea19b7dcd0ce,True,0,26480,38,3647,7221032,30165,"71.9,151.8,117.1","53:106,121:180,87:143",
gli,train,BraTS-GLI-02216-104,gli-02216,104,182x218x182,1.00x1.00x1.00,1936.4063720703125,0.18725135133039156,294a6de52ff0d42876eb0ebe19addc4f,0fbd084314dda73495a91fdaa6af642c,True,26956,117495,91122,3519,7221032,239092,"80.5,141.1,100.9","31:127,80:189,63:147",
gli,train,BraTS-GLI-02217-100,gli-02217,100,182x218x182,1.00x1.00x1.00,1135.5284423828125,0.19369918316384693,7d150a5efd476025ad0cfe86421c2608,e2379e6c5af7b8ad6bae2d56fa195f5e,True,0,26561,2,0,7221032,26563,"126.3,124.7,93.5","111:143,78:144,48:114",
gli,train,BraTS-GLI-02217-101,gli-02217,101,182x218x182,1.00x1.00x1.00,7526.765625,0.19628274739677098,fac9931b6f370866239f4f16a0f03c36,ecc770b2e22ae6e98d2bb0c518ee320d,True,0,18662,0,0,7221032,18662,"129.3,121.8,88.9","113:146,103:139,69:104",
gli,train,BraTS-GLI-02217-102,gli-02217,102,182x218x182,1.00x1.00x1.00,2061.7763671875,0.19282230019199473,630a2823997012e5d581942ea9495bea,6a5d40cb7c3e06e1919903e0b4a4136e,True,0,29677,1,0,7221032,29678,"129.7,125.9,90.6","113:148,104:147,68:110",
gli,train,BraTS-GLI-02217-103,gli-02217,103,182x218x182,1.00x1.00x1.00,2018.8558349609375,0.19150351362519927,216e78200826b8d9d86f17016da3b16e,454ef53e24306f790e741ce44f3c1762,True,0,35128,2,0,7221032,35130,"129.0,126.1,92.0","111:148,101:148,67:112",
gli,train,BraTS-GLI-02217-104,gli-02217,104,182x218x182,1.00x1.00x1.00,2371.844482421875,0.19236128575527708,26aa33c9298df759de2754f720734023,37ad95a21e2673ded262e365c92a741a,True,0,37826,152,0,7221032,37978,"129.9,123.9,94.6","110:151,100:147,69:115",
gli,train,BraTS-GLI-02218-100,gli-02218,100,182x218x182,1.00x1.00x1.00,1766.77978515625,0.20700088297628372,66961802bbe2da1d337305090f21b704,5922fbc0069beadbbbfffee4068daf13,True,0,22310,0,0,7221032,22310,"121.0,124.2,73.3","106:135,99:147,57:91",
gli,train,BraTS-GLI-02218-101,gli-02218,101,182x218x182,1.00x1.00x1.00,2230.9296875,0.20469359504292461,91beaebfcaf8e83ccaa2d2a30f27c049,970dfb72bbce8a002ea5d5ef05b51fec,True,0,10090,0,22666,7221032,32756,"122.5,128.6,75.3","103:145,98:153,53:102",
gli,train,BraTS-GLI-02218-102,gli-02218,102,182x218x182,1.00x1.00x1.00,7288.1435546875,0.19939033645052398,5bb92bc19547e8bcd7028bf8f928d964,9030aab0c37818f3622ff3738c118d60,True,0,14265,0,27734,7221032,41999,"122.5,128.7,77.9","98:145,98:156,45:105",
gli,train,BraTS-GLI-02218-103,gli-02218,103,182x218x182,1.00x1.00x1.00,8969.08203125,0.20734958659648647,ba26d4ea1b78704d585f7aa304edd219,0d1d4d7d0df2b1798f0c0d0e767f9efa,True,0,10665,0,30969,7221032,41634,"123.3,128.2,78.1","102:146,98:156,53:105",
gli,train,BraTS-GLI-02218-104,gli-02218,104,182x218x182,1.00x1.00x1.00,4561.59521484375,0.1999115915841392,c4b400e7ff6ee6afec1e442f1a12d12f,64a5f10ac1344322a8e108fc4103de66,True,0,8619,0,30516,7221032,39135,"123.1,127.7,78.8","104:145,97:153,53:106",
gli,train,BraTS-GLI-02219-100,gli-02219,100,182x218x182,1.00x1.00x1.00,8976.7861328125,0.23184373092377933,96f0031e2ea4290df800591f11b38ba6,4014db7bb578e6d78fe56479a89f9235,True,0,7496,44,6680,7221032,14220,"54.8,115.7,116.4","38:67,94:131,96:139",
gli,train,BraTS-GLI-02219-101,gli-02219,101,182x218x182,1.00x1.00x1.00,1979.2744140625,0.22803402616135754,8ccaeb9327dd26c6975fd686fd42030b,80f0497176a37d8a78f8bd02baae9477,True,0,7133,0,12357,7221032,19490,"54.8,118.2,117.0","36:70,97:135,98:140",
gli,train,BraTS-GLI-02219-102,gli-02219,102,182x218x182,1.00x1.00x1.00,11036.0966796875,0.23258116014442257,a59b7af602069c3c90fba0c243f397fe,d716e47cccdaaabc7835fe793b0d0fe8,True,0,12341,0,10332,7221032,22673,"54.2,117.6,116.1","34:69,97:134,97:140",
gli,train,BraTS-GLI-02219-103,gli-02219,103,182x218x182,1.00x1.00x1.00,7091.2197265625,0.22302089230459027,ceff39391fb9a4450393d6676ef419fe,97bf3420eec91473df10ed1a03a82f31,True,0,10110,0,10568,7221032,20678,"54.6,117.7,116.5","35:70,98:135,99:139",
gli,train,BraTS-GLI-02220-100,gli-02220,100,182x218x182,1.00x1.00x1.00,1003.12939453125,0.1855158653222974,1fad071052fef124fe690fafff18dd32,a71ab6bbf74c5cd74e546618ae5bdb68,True,0,74761,0,0,7221032,74761,"127.1,119.0,109.8","103:150,90:148,81:145",
gli,train,BraTS-GLI-02220-101,gli-02220,101,182x218x182,1.00x1.00x1.00,1102.1365966796875,0.1837506051766562,01e1b8ae06065d673088b36709aedf21,c74125f65fe90de0d7c7d047fef1081a,True,0,14144,0,11735,7221032,25879,"127.9,115.8,110.4","108:147,95:137,84:140",
gli,train,BraTS-GLI-02220-102,gli-02220,102,182x218x182,1.00x1.00x1.00,752.6614379882812,0.18133433005143862,4f65b73f95a2e51be50f4bc99efefc89,9125f87e3e10395237eda4b733c83184,True,0,19037,0,12330,7221032,31367,"130.0,117.1,109.7","112:148,93:142,83:140",
gli,train,BraTS-GLI-02221-100,gli-02221,100,182x218x182,1.00x1.00x1.00,8380.1337890625,0.225132778805024,3ab7317029e9808392d31f86f8d222e6,62c23a79de58bc86bdfd17e122e95470,True,3842,138470,6451,0,7221032,148763,"70.1,82.1,105.8","32:117,40:137,59:149",
gli,train,BraTS-GLI-02221-101,gli-02221,101,182x218x182,1.00x1.00x1.00,1841.279052734375,0.21994958615333654,99e3f759bbcb96a3e004716e4036e8b0,c1ecccf60f5d412097ebcb31ab92ff15,True,20914,160014,1885,0,7221032,182813,"70.7,82.6,110.7","34:121,37:138,67:154",
gli,train,BraTS-GLI-02221-102,gli-02221,102,182x218x182,1.00x1.00x1.00,2109.4912109375,0.21784351599605153,2ff013a02d3b4dce3016c14f75694548,3938e43f03fc7ada17606162f11fecef,True,12842,115261,5595,0,7221032,133698,"75.2,83.5,111.7","37:128,40:138,70:153",
gli,train,BraTS-GLI-02221-103,gli-02221,103,182x218x182,1.00x1.00x1.00,4486.09228515625,0.2172214442478582,90985cc073ebbad9f60785c6d618780f,201f94d1658a8c8b1e3fc09a6b97270c,True,27294,112550,7040,0,7221032,146884,"72.1,80.2,110.3","36:126,39:136,68:152",
gli,train,BraTS-GLI-02222-100,gli-02222,100,182x218x182,1.00x1.00x1.00,1936.9688720703125,0.20593081432127708,5191a2045c548fb2b78c09d465a3255a,f8b491e8e1d820fb41564201c6636624,True,0,20730,8264,46717,7221032,75711,"113.3,159.1,97.0","92:140,127:194,61:141",
gli,train,BraTS-GLI-02223-100,gli-02223,100,182x218x182,1.00x1.00x1.00,1650.062255859375,0.19770567420280094,a48cf123a99d4e724c6c85ae4313b790,099511f5026548d39a89578009b1e19f,True,0,14517,529,1200,7221032,16246,"51.9,66.1,90.3","29:77,44:100,66:115",
gli,train,BraTS-GLI-02224-100,gli-02224,100,182x218x182,1.00x1.00x1.00,6719.49072265625,0.2109181900869571,42cc216e893317841b56f22aac14a05c,989c32761651323d90ef1f30d076336f,True,2114,19165,0,1,7221032,21280,"94.7,98.1,49.2","66:117,70:115,30:66",
gli,train,BraTS-GLI-02225-100,gli-02225,100,182x218x182,1.00x1.00x1.00,1766.7095947265625,0.18830867942421525,e66c9f6d60100a6ec58609151eba0cb1,b2a787a299eb66d577e54389be0610c3,True,0,54718,37,180,7221032,54935,"79.1,127.9,83.7","32:139,102:150,38:135",
gli,train,BraTS-GLI-02225-101,gli-02225,101,182x218x182,1.00x1.00x1.00,6249.0126953125,0.18643983297678227,ba55e70dfe1c109d16873879d6981b9e,7a62dd845378b1336316bdff4d756710,True,0,41412,0,198,7221032,41610,"83.6,125.3,88.1","35:138,100:150,42:136",
gli,train,BraTS-GLI-02226-100,gli-02226,100,182x218x182,1.00x1.00x1.00,10404.0126953125,0.22345185563503941,adc58806139b34df3b99d464807a702c,fd1746814682bcfcff8abc9d77f25932,True,0,24630,0,7743,7221032,32373,"101.3,131.5,121.6","85:118,108:155,94:148",
gli,train,BraTS-GLI-02226-101,gli-02226,101,182x218x182,1.00x1.00x1.00,7535.3564453125,0.21723667752753345,7427c4fe896c8bb03b7bdefe193e45ad,b2dffaa7d138ee3e2a206f09c7d2368d,True,0,16960,0,9051,7221032,26011,"100.2,131.7,122.1","87:117,109:155,97:147",
gli,train,BraTS-GLI-02227-100,gli-02227,100,182x218x182,1.00x1.00x1.00,2020.3626708984375,0.1831562303005997,d702f84316c3ba5d3dd6f6b6f53801f2,7f6658ded9d84c3de660835f077aafad,True,0,42816,0,16418,7221032,59234,"72.0,153.7,108.8","46:90,113:187,74:143",
gli,train,BraTS-GLI-02227-101,gli-02227,101,182x218x182,1.00x1.00x1.00,2626.419677734375,0.18149704917524254,747955e0e66e27d4ec68c0e2004744e5,bb5bb4ea2a8fd79e527d2900c941613c,True,0,41237,0,18896,7221032,60133,"69.8,146.5,115.3","44:88,106:181,83:146",
gli,train,BraTS-GLI-02228-100,gli-02228,100,182x218x182,1.00x1.00x1.00,1244.2681884765625,0.16821169051736648,eb44420feb624a4090acb74004acda5b,89dc664a8760d1a5b4a35e3a6eac4f2c,True,0,51771,969,0,7221032,52740,"107.0,136.0,104.6","77:133,114:165,57:149",
gli,train,BraTS-GLI-02229-100,gli-02229,100,182x218x182,1.00x1.00x1.00,7867.67431640625,0.2180609364423257,d2989179a46fa3234998388835c2222c,f6fb5323a311fcafa65baf3df0899790,True,0,95785,0,353,7221032,96138,"78.6,136.4,117.2","39:130,92:173,84:148",
gli,train,BraTS-GLI-02230-100,gli-02230,100,182x218x182,1.00x1.00x1.00,1735.7259521484375,0.19935516142291018,fc2329a55c6d955b2a1741c23e345c5e,be0a4c7915f5a640c3959f5ca9674c45,True,0,34130,0,16534,7221032,50664,"103.7,132.1,121.9","53:146,109:159,93:151",
gli,train,BraTS-GLI-02230-101,gli-02230,101,182x218x182,1.00x1.00x1.00,9526.287109375,0.2030849607092172,1323f522df50ca7a1e4f049b80a8a5a0,55122f8eb6ad25c5956c6e734b665598,True,0,27497,0,25500,7221032,52997,"110.4,135.0,114.8","59:147,113:159,83:148",
gli,train,BraTS-GLI-02230-102,gli-02230,102,182x218x182,1.00x1.00x1.00,1593.79833984375,0.19809620009993031,42b2c668fe3d9a5cbe772311282edb4c,c1dfa4ce65e02b43594619de10aaf8a4,True,0,29951,0,24310,7221032,54261,"107.0,130.7,120.1","56:145,103:158,92:150",
gli,train,BraTS-GLI-02236-100,gli-02236,100,182x218x182,1.00x1.00x1.00,5532.9892578125,0.22238386424544304,30b3891d8f22c47b6a017ba20150108e,83ceb2edbd6655067d020b43158f0516,True,0,511,0,0,7221032,511,"136.6,138.1,86.0","132:141,132:143,82:90",
gli,train,BraTS-GLI-02236-101,gli-02236,101,182x218x182,1.00x1.00x1.00,1867.4034423828125,0.2236577818793768,40f26b9945963e541cd89a5444145188,f27bba471289f82b8197a341aa2b00ea,True,0,3523,0,0,7221032,3523,"134.8,131.0,90.0","125:144,120:140,76:100",
gli,train,BraTS-GLI-02236-102,gli-02236,102,182x218x182,1.00x1.00x1.00,2039.86767578125,0.22220605032632454,c9f31cfe9ef2aadec567de821766cd31,af2c1057ddb2facd9f669e4112079eae,True,0,23804,0,0,7221032,23804,"131.4,128.7,91.9","114:148,105:149,69:110",
gli,train,BraTS-GLI-02236-103,gli-02236,103,182x218x182,1.00x1.00x1.00,2276.419189453125,0.22235187435812498,b76f205499cfe93621b3f26521f1228d,d16a6396fabc64089e6254ca274f8484,True,0,28557,0,18,7221032,28575,"129.3,128.7,93.9","110:147,102:151,73:112",
gli,train,BraTS-GLI-02237-100,gli-02237,100,182x218x182,1.00x1.00x1.00,769.004638671875,0.20497596465435966,bc43f9f46f30ff0604d3925e845d78a0,5d4a54c46123ba0e246e7a7d9a1f4041,True,0,45965,569,5731,7221032,52265,"76.4,150.9,112.5","46:120,112:187,78:144",
gli,train,BraTS-GLI-02237-101,gli-02237,101,182x218x182,1.00x1.00x1.00,1752.986328125,0.20449002303271888,79ec2a6bfdc3b56cacd9f4eeba19d689,7ab9b0ccc5ce6a68200bf950c52571c2,True,0,53506,401,5521,7221032,59428,"76.1,152.2,110.8","52:133,108:192,75:145",
gli,train,BraTS-GLI-02237-102,gli-02237,102,182x218x182,1.00x1.00x1.00,1208.63330078125,0.1974354912151061,bdf157d0091a3504e3c45f89f2931156,f782f074c2bac7d271e801109e97bd7d,True,340,23749,2564,31856,7221032,58509,"75.8,154.7,110.8","51:135,111:190,70:140",
gli,train,BraTS-GLI-02238-100,gli-02238,100,182x218x182,1.00x1.00x1.00,7276.33544921875,0.21531811519461483,810697611b940b433e65d2aaf0b9ac1b,bd649dc34ee6e12ab20779306f572ee2,True,0,19059,127,16236,7221032,35422,"76.3,167.0,100.0","59:90,140:194,74:129",
gli,train,BraTS-GLI-02238-101,gli-02238,101,182x218x182,1.00x1.00x1.00,2026.44677734375,0.20656050270930804,04f80bfc5008b90603759bbb47ce8166,3a23874438adaf03ee32914878e82d00,True,0,8915,0,57771,7221032,66686,"75.6,163.6,99.8","54:91,131:200,71:134",
gli,train,BraTS-GLI-02238-102,gli-02238,102,182x218x182,1.00x1.00x1.00,5955.8515625,0.20799450826419272,d105a3903fc68853d96b8ebe97d113f1,8f622211e2be26a12e67604510c148ca,True,0,16133,26,63865,7221032,80024,"74.4,161.1,98.3","48:91,129:199,66:136",
gli,train,BraTS-GLI-02238-103,gli-02238,103,182x218x182,1.00x1.00x1.00,9140.7021484375,0.20467891570069208,a657a4b0b1f75a4085911c83017100f7,cf66bf9775537accdf759551b01fd0f1,True,0,15054,4,66561,7221032,81619,"74.2,160.4,101.6","53:92,126:197,69:137",
gli,train,BraTS-GLI-02239-100,gli-02239,100,182x218x182,1.00x1.00x1.00,14016.3095703125,0.21186916219177535,c1b637dc64b0e3fb1149d72013e2864a,c7846e122d9c75047ded5177baaf86da,True,376,10479,0,21125,7221032,31980,"52.7,132.1,47.7","31:73,108:155,29:71",
gli,train,BraTS-GLI-02239-101,gli-02239,101,182x218x182,1.00x1.00x1.00,11201.3740234375,0.20651771104185662,6d98a132f68fe92c6f63e84c579a3594,79459f131787095af473f5e41dbdf264,True,0,11700,0,8707,7221032,20407,"53.0,129.0,52.4","32:72,107:150,37:73",
gli,train,BraTS-GLI-02239-102,gli-02239,102,182x218x182,1.00x1.00x1.00,1510.2691650390625,0.1988009470114521,125c188cca2b53da3e878f5c6ce87793,33c8a655393c0268adb10f03f7c42d04,True,0,9650,0,9091,7221032,18741,"52.5,126.4,53.1","32:76,106:147,39:71",
gli,train,BraTS-GLI-02239-103,gli-02239,103,182x218x182,1.00x1.00x1.00,1297.4456787109375,0.1997671523959456,478700f0eaebfb887ebbef772a63dcc3,37e7a6f9e9fe7c2eb9839ed9ed5e03ee,True,0,10337,0,10153,7221032,20490,"52.2,128.3,52.3","32:75,107:149,38:71",
gli,train,BraTS-GLI-02240-100,gli-02240,100,182x218x182,1.00x1.00x1.00,8043.64794921875,0.2035985992029948,d6d835b685b37bfae07f90cee26cd9ab,7c722c472c9173f5cd961249c88e830d,True,9135,42978,454,0,7221032,52567,"97.6,161.7,78.2","63:123,131:195,49:105",
gli,train,BraTS-GLI-02240-101,gli-02240,101,182x218x182,1.00x1.00x1.00,14733.2373046875,0.20229656924384215,0089106fe2ed35cb51abd3a7597b70c4,c91a71e8b787d8b6338779e6f1b551cb,True,0,41112,1443,5897,7221032,48452,"96.0,162.8,80.7","61:121,132:196,51:109",
gli,train,BraTS-GLI-02241-100,gli-02241,100,182x218x182,1.00x1.00x1.00,6734.42529296875,0.18264453058787164,3f2b00532a9544d1043799269683dae9,fb66d95e4d93e0f332095797cc957c0e,True,0,21044,62,99987,7221032,121093,"109.2,159.2,87.7","85:141,121:196,46:133",
gli,train,BraTS-GLI-02241-101,gli-02241,101,182x218x182,1.00x1.00x1.00,7229.0537109375,0.17867584577938445,bea066e90293dfbed71593ac6e8e0ef4,fc5b8c913568be1c0e2203d1b1af82c1,True,0,11527,0,105210,7221032,116737,"109.1,156.5,93.9","86:138,115:195,56:132",
gli,train,BraTS-GLI-02241-102,gli-02241,102,182x218x182,1.00x1.00x1.00,1958.1849365234375,0.17810944474418616,4a825dc8bed334ffd24b756f7ae9e714,735fbb8b92ace4efef7948535ea05958,True,0,27111,0,105274,7221032,132385,"112.5,156.4,97.8","75:141,112:197,60:140",
gli,train,BraTS-GLI-02242-100,gli-02242,100,182x218x182,1.00x1.00x1.00,3544.517333984375,0.18356157402432227,696e082573d6da9595ca81f0fd2039dc,33c7cd888a6d9ed2549e4f9e76703642,True,0,20162,226,27903,7221032,48291,"113.5,103.6,66.1","88:143,59:143,41:100",
gli,train,BraTS-GLI-02242-101,gli-02242,101,182x218x182,1.00x1.00x1.00,4742.37109375,0.18474949287027118,7233fb6b5ad51a259397d812ca1223be,f6015b404876213653769c3e7b188b82,True,0,52535,0,16734,7221032,69269,"113.5,96.2,72.6","88:144,50:146,44:108",
gli,train,BraTS-GLI-02242-102,gli-02242,102,182x218x182,1.00x1.00x1.00,1343.53564453125,0.1795386033464469,eb513c0358e091c95a381bceb7d4ce4e,5e1e19a066b6877d413a20c631c94441,True,0,71656,0,10009,7221032,81665,"113.4,93.3,77.7","85:143,47:147,52:114",
gli,train,BraTS-GLI-02242-103,gli-02242,103,182x218x182,1.00x1.00x1.00,3523.9443359375,0.1859579074016013,966ddf9907133c7086ce69ca8bf65cb0,73041a42b75eb99c9c74899fdc9372fc,True,0,99546,0,8846,7221032,108392,"111.3,112.7,70.8","60:141,58:167,36:111",
gli,train,BraTS-GLI-02242-104,gli-02242,104,182x218x182,1.00x1.00x1.00,3886.3466796875,0.19187243596206194,3098e20281bb1eff2ae54f2a10c6e1b4,b7ac7e17a063e543ce57fe16da4276ff,True,0,218703,13,1828,7221032,220544,"108.5,109.8,80.4","48:148,45:173,49:125",
gli,train,BraTS-GLI-02243-100,gli-02243,100,182x218x182,1.00x1.00x1.00,951.125732421875,0.21646268843566957,cc6ce9190f175213c78ee8ff542bc595,0da6289ad046cb171c022e51cab229b6,True,0,21489,6705,6328,7221032,34522,"75.4,119.4,127.8","58:88,92:145,101:151",
gli,train,BraTS-GLI-02243-101,gli-02243,101,182x218x182,1.00x1.00x1.00,1984.0927734375,0.21443333861420363,ac2317ca58e5ba6abd1cb8c1b37431d2,997ae87f1f024201d7a62cee6108f362,True,0,13583,2,15105,7221032,28690,"77.4,114.5,130.9","63:88,88:141,106:152",
gli,train,BraTS-GLI-02244-100,gli-02244,100,182x218x182,1.00x1.00x1.00,8695.3857421875,0.20367711983550274,ed1f40de410cac5d6db67358429ae690,79fa83df8742a4313001c731efd7c1e5,True,0,22076,3,39485,7221032,61564,"73.3,145.4,100.6","51:90,114:176,58:142",
gli,train,BraTS-GLI-02244-101,gli-02244,101,182x218x182,1.00x1.00x1.00,11159.5,0.2015461224932946,64b4d216b39c2ff58ed40cbd70aa1607,f43704ec246afeb0d0c52481ee02341f,True,0,27199,3,40185,7221032,67387,"73.6,144.1,107.2","49:91,112:179,66:144",
gli,train,BraTS-GLI-02244-102,gli-02244,102,182x218x182,1.00x1.00x1.00,8341.431640625,0.19957327429098776,5d8b3dd4ae5924d332666b5c1e44ea29,54357f602e8762fa85348a56d1193564,True,0,34347,0,38888,7221032,73235,"71.4,142.4,105.9","46:89,107:181,64:142",
gli,train,BraTS-GLI-02244-103,gli-02244,103,182x218x182,1.00x1.00x1.00,7142.2451171875,0.1929336416179848,082f1004b5042a02e696353c54cae0a4,cb38d687439dc13c8c5878c82f1422fa,True,0,35795,42,40708,7221032,76545,"77.0,146.3,107.4","52:96,113:180,63:146",
gli,train,BraTS-GLI-02244-104,gli-02244,104,182x218x182,1.00x1.00x1.00,2216.9931640625,0.19248065927418684,8c34d03e41f326d9fb270a8bf65e1f98,34b1b85d1ebec2568db54d828b57886d,True,0,26670,208,43426,7221032,70304,"74.3,145.3,114.0","51:92,111:181,73:150",
gli,train,BraTS-GLI-02245-100,gli-02245,100,182x218x182,1.00x1.00x1.00,6750.4462890625,0.21118269521586389,b415da97a390f72f53546de556c1555b,6542c865b41b33043d2eb3c20fb5fcea,True,0,9811,0,7253,7221032,17064,"77.6,134.1,125.4","63:87,109:157,107:145",
gli,train,BraTS-GLI-02245-101,gli-02245,101,182x218x182,1.00x1.00x1.00,9783.439453125,0.21015375641598044,36b0ad3656587d1fdaef2a7bfaf6f717,9fc083545c9172af602e942d49c6a43a,True,0,23538,0,10320,7221032,33858,"77.9,131.5,119.7","58:89,103:163,91:144",
gli,train,BraTS-GLI-02245-102,gli-02245,102,182x218x182,1.00x1.00x1.00,8741.173828125,0.2042648474622464,a8f30bd0c4c63245b32e2565eaac9154,18582e2068adeaf0f783f993fe5e556e,True,0,89522,362,6637,7221032,96521,"75.4,124.7,121.0","36:107,79:170,83:153",
gli,train,BraTS-GLI-02245-103,gli-02245,103,182x218x182,1.00x1.00x1.00,2191.8232421875,0.2070885435765968,02ba913f9f5afd72858c2af63e4dcc70,3a61f9e840a0e0cfa499a0531478f1be,True,0,42250,1089,6569,7221032,49908,"79.0,134.9,122.8","57:93,95:170,84:154",
gli,train,BraTS-GLI-02245-104,gli-02245,104,182x218x182,1.00x1.00x1.00,1048.76025390625,0.2036451299481847,fa572674443606b36fea1d5207fd95dd,7b8ebb2ed90735995e029f51bf6c57d6,True,0,35908,376,9735,7221032,46019,"75.5,134.0,123.3","51:102,71:171,82:152",
gli,train,BraTS-GLI-02246-100,gli-02246,100,182x218x182,1.00x1.00x1.00,2287.2353515625,0.20615391262633928,49f61d31f0e3b8edefd4f4aca50ee3b7,7db1ad4d7ac079669ad083a51f985a34,True,0,10211,0,0,7221032,10211,"58.6,134.4,68.9","46:88,115:153,51:84",
gli,train,BraTS-GLI-02246-101,gli-02246,101,182x218x182,1.00x1.00x1.00,10300.8828125,0.20890199627975614,bae0361a8d514d35a97afe907b774d83,ac23d0c3cd2ef9d5040f76d1789ddd91,True,0,12644,0,0,7221032,12644,"62.4,130.1,66.6","47:87,106:151,48:83",
gli,train,BraTS-GLI-02247-100,gli-02247,100,182x218x182,1.00x1.00x1.00,7706.60302734375,0.21296097289140942,1c72f3cec9ff520e12cb7301814d5699,2e7e6d13f41e88371d3fb59f1066c408,True,0,5161,8,13560,7221032,18729,"42.1,121.6,100.6","29:59,100:143,74:126",
gli,train,BraTS-GLI-02247-101,gli-02247,101,182x218x182,1.00x1.00x1.00,2087.489013671875,0.2109514263335213,46f3da8237d62bd98a9af8aca92f9824,28ed3457ab17ded42d8acba30dbdb7c5,True,0,16653,12,12064,7221032,28729,"45.8,120.0,108.1","31:64,96:146,77:140",
gli,train,BraTS-GLI-02247-102,gli-02247,102,182x218x182,1.00x1.00x1.00,7409.05029296875,0.2035033219628441,7cfc4bb2bb3ebbcd7f77df194201be08,129603681b58d2a344d55773e386c3bd,True,0,12456,0,12374,7221032,24830,"44.9,117.0,98.2","30:61,91:141,71:129",
gli,train,BraTS-GLI-02247-103,gli-02247,103,182x218x182,1.00x1.00x1.00,2024.9825439453125,0.2089792705530179,a78721fc20951a4d88800db5bb5a1ded,aef055f311caf8f5e39f0f76539661ee,True,0,13476,18,12809,7221032,26303,"46.2,123.3,107.1","31:64,100:147,76:140",
gli,train,BraTS-GLI-02247-104,gli-02247,104,182x218x182,1.00x1.00x1.00,7220.427734375,0.2075262926407195,037db885fc40c6d3a80b72ee14cd9537,03bd277f424ff51bad63dbafdc974652,True,0,20090,0,13161,7221032,33251,"52.2,116.6,110.0","31:78,65:154,79:140",
gli,train,BraTS-GLI-02248-100,gli-02248,100,182x218x182,1.00x1.00x1.00,1613.822509765625,0.2231010747494264,469c2885ae6b0c23a603ba5e82299b75,586321d0673b17d9ae2967e7eee26f98,True,0,24245,0,9171,7221032,33416,"103.6,78.4,101.7","63:125,56:109,70:132",
gli,train,BraTS-GLI-02248-101,gli-02248,101,182x218x182,1.00x1.00x1.00,1072.832763671875,0.2286059665709832,fefb991eb456fc38ad6995ddd4aecd6f,3ab479aae891b5afc921507a0dae7808,True,0,22209,0,8676,7221032,30885,"103.5,82.7,103.3","62:126,55:114,73:133",
gli,train,BraTS-GLI-02248-102,gli-02248,102,182x218x182,1.00x1.00x1.00,1031.10595703125,0.22205385601393263,b60cdb8421674f2874dc017ff434b505,3b0a0e3aa4b0695e07c10712b8ed7ef7,True,0,21623,0,7474,7221032,29097,"103.7,81.5,105.4","63:124,53:125,74:143",
gli,train,BraTS-GLI-02248-103,gli-02248,103,182x218x182,1.00x1.00x1.00,7384.89599609375,0.21965959990206385,68e2474b293e7fe7e859470e2297865f,e5964049d90b24712572518c6c4759ed,True,0,26890,0,8115,7221032,35005,"106.5,77.3,105.1","63:128,44:111,73:141",
gli,train,BraTS-GLI-02248-104,gli-02248,104,182x218x182,1.00x1.00x1.00,1145.3653564453125,0.2240904070221542,26016235a1ac7625c73d36fadf7f398f,e117097788e8214323f379aa50481033,True,0,81609,0,55945,7221032,137554,"110.2,82.7,110.8","59:149,37:161,56:149",
gli,train,BraTS-GLI-02249-100,gli-02249,100,182x218x182,1.00x1.00x1.00,799.1082153320312,0.22726391463159282,92db72a2c751f8ecad24261246013e5b,454b15f4dd8bcfc98b5897af34bceb44,True,0,3582,0,153938,7221032,157520,"69.5,165.3,92.0","34:94,127:202,45:142",
gli,train,BraTS-GLI-02249-101,gli-02249,101,182x218x182,1.00x1.00x1.00,1205.2557373046875,0.22596576223453932,0305054cfc4a1f4566d9af279de9efda,a6df84aad16088f58d7ced034a4d45e3,True,0,12355,0,157756,7221032,170111,"68.6,165.1,92.0","34:93,127:204,45:143",
gli,train,BraTS-GLI-02251-100,gli-02251,100,182x218x182,1.00x1.00x1.00,4155.5419921875,0.22041946358913794,1a906f1c6abdb29b19fed69a877e985e,dfdac0e2f7fc1dd87387f54312a15206,True,351,95400,9614,6549,7221032,111914,"115.0,69.0,99.4","93:145,30:108,55:142",
gli,train,BraTS-GLI-02254-100,gli-02254,100,182x218x182,1.00x1.00x1.00,4215.26708984375,0.20642104895809907,d1f67412b51a861275f46a359462e472,c09e1e0e21b0fdf3b51f79dac77f407f,True,0,1509,1074,4004,7221032,6587,"41.1,91.1,88.4","24:64,75:110,78:97",
gli,train,BraTS-GLI-02254-101,gli-02254,101,182x218x182,1.00x1.00x1.00,3358.79150390625,0.2057423371063859,1fe33a3c988a6b704c8af61d93a546f6,0d654424d6a8765047dd768f850c9838,True,0,16582,0,1692,7221032,18274,"57.6,82.5,88.9","29:95,54:114,63:112",
gli,train,BraTS-GLI-02256-100,gli-02256,100,182x218x182,1.00x1.00x1.00,3510.45556640625,0.20547630864951158,fb5ced71743fbd978f7086bad4e4cb40,34337c5b00a30e1803ea8845bf39ad16,True,1927,22105,18665,15316,7221032,58013,"43.2,85.7,91.2","23:70,44:140,70:116",
gli,train,BraTS-GLI-02256-101,gli-02256,101,182x218x182,1.00x1.00x1.00,4370.978515625,0.20249377097345642,3b4f7ec7a4aebebb3bd7c3c616ee811e,89b3a39238c8bf5e91495c346a0d5176,True,0,36941,9903,14269,7221032,61113,"47.3,79.6,90.7","26:71,43:136,66:117",
gli,train,BraTS-GLI-02258-100,gli-02258,100,182x218x182,1.00x1.00x1.00,3738.478271484375,0.2526381270710336,25183dd29f09d43613fc96d1d0633620,7331de0668d853348a93933cfa24fcb3,True,4,34361,22173,26115,7221032,82653,"100.9,148.6,117.9","57:128,105:183,81:154",
gli,train,BraTS-GLI-02258-101,gli-02258,101,182x218x182,1.00x1.00x1.00,4130.685546875,0.26224894170251567,6853af00b2b2fa84e11ce3f359a2fe5e,c1ce092d34d5ffd576bccb234b67a0ae,True,917,76986,32212,14551,7221032,124666,"112.3,173.0,88.4","75:147,138:210,47:124",
gli,train,BraTS-GLI-02259-100,gli-02259,100,182x218x182,1.00x1.00x1.00,4652.58251953125,0.2248254820086658,20f9fe8c46446974901655a643983382,4bae70ff73bc2a88b2ca8dada4f0db0a,True,0,15511,652,1719,7221032,17882,"104.9,66.4,115.9","65:124,44:150,91:139",
gli,train,BraTS-GLI-02260-100,gli-02260,100,182x218x182,1.00x1.00x1.00,4293.86669921875,0.20466949876416557,0d7d8aa838039cf232e045f98b41a05d,f9149149ddb8b1379f20ea5eb5687abc,True,562,52599,5313,8694,7221032,67168,"55.1,121.3,77.7","26:85,41:161,41:120",
gli,train,BraTS-GLI-02261-100,gli-02261,100,182x218x182,1.00x1.00x1.00,4761.16552734375,0.2327542655952778,b75f89534748b5d543ddd9588b89851a,bd4a136dfca04b8f64ad989feaff43de,True,0,82729,5069,5686,7221032,93484,"71.0,148.3,117.3","39:120,93:192,89:149",
gli,train,BraTS-GLI-02265-100,gli-02265,100,182x218x182,1.00x1.00x1.00,3637.496337890625,0.2078799816979069,caaf39ae210ee6331ee19aad01c6cc29,c09fbde4896c29e5e9ee4459905232b0,True,10026,154234,20812,2678,7221032,187750,"114.1,127.7,106.9","58:150,58:182,60:151",
gli,train,BraTS-GLI-02267-100,gli-02267,100,182x218x182,1.00x1.00x1.00,5363.0009765625,0.21675281317130293,8b4478f684119edc6b614461865c1b23,aafae2b6db9bfb779f2143196a4ea9cb,True,5037,134189,23177,1,7221032,162404,"115.3,123.1,113.1","81:148,78:173,61:156",
gli,train,BraTS-GLI-02267-101,gli-02267,101,182x218x182,1.00x1.00x1.00,5108.3837890625,0.21490335453436574,3b4f51b99e53025afa13b2b43cf2d9c4,e7b289d8288cc11cfec5fd362927e13c,True,124,63788,6415,1040,7221032,71367,"119.5,128.7,106.9","71:146,88:166,59:139",
gli,train,BraTS-GLI-02268-100,gli-02268,100,182x218x182,1.00x1.00x1.00,5706.9169921875,0.24573218897243496,c08ab29bdea04eb72f8f8c0edeb8aa63,1600f711cefcc2cb1a5b5d8eb58edcd2,True,4554,122852,27517,80726,7221032,235649,"94.3,154.8,112.8","41:141,86:198,70:150",
gli,train,BraTS-GLI-02268-101,gli-02268,101,182x218x182,1.00x1.00x1.00,4857.5908203125,0.25211714890613973,41f96c09d3265bf27620beb78c4cf908,d0239a987b616e2db85e39fa752ea976,True,6423,200441,41413,73602,7221032,321879,"106.7,142.9,116.4","45:154,65:198,71:156",
gli,train,BraTS-GLI-02269-100,gli-02269,100,182x218x182,1.00x1.00x1.00,4135.96875,0.23356426062091956,77ddb9f54efce6ed441f58f85c815e11,b91e95652152d670b6e6b26e7337c597,True,2998,119799,15234,1870,7221032,139901,"123.3,115.3,78.4","85:158,50:167,47:115",
gli,train,BraTS-GLI-02269-101,gli-02269,101,182x218x182,1.00x1.00x1.00,4467.4287109375,0.23188735349739484,00db8e2c613cb5ce629d68f4f2fd9e63,7df32661b537f9c048984c059d88e2b3,True,496,33374,8577,213,7221032,42660,"121.1,119.9,74.6","83:149,62:158,51:104",
gli,train,BraTS-GLI-02270-100,gli-02270,100,182x218x182,1.00x1.00x1.00,3787.4833984375,0.24406331394182992,87159c53a521773733e128f7ad497130,beefddd116ac24bc7661352941071ef7,True,0,77482,791,4726,7221032,82999,"124.7,81.5,92.0","84:154,41:161,40:125",
gli,train,BraTS-GLI-02271-100,gli-02271,100,182x218x182,1.00x1.00x1.00,5829.01416015625,0.19924686665285515,89c5164482231894b313db2aa0625844,144516940623f1634be2d3c7312a9db2,True,115,15042,7769,788,7221032,23714,"126.1,75.2,64.4","104:147,45:98,48:85",
gli,train,BraTS-GLI-02273-100,gli-02273,100,182x218x182,1.00x1.00x1.00,39474.6015625,0.21182207750914273,a092c989a227e198dc49a7d1c30f7e41,d33bee313deca1b712847087d4bbab01,True,5805,168791,66220,25273,7221032,266089,"116.4,124.8,114.0","78:152,61:195,68:156",
gli,train,BraTS-GLI-02274-100,gli-02274,100,182x218x182,1.00x1.00x1.00,4782.8486328125,0.18902159691301743,b93ecf607d0e3f7ca11f568a6c87f103,bea6502ba7b7978195f321960b8ecbcd,True,1335,43515,7146,3,7221032,51999,"107.5,108.4,118.6","71:130,65:145,82:148",
gli,train,BraTS-GLI-02278-100,gli-02278,100,182x218x182,1.00x1.00x1.00,4860.49609375,0.24692730900513943,cbe4efd744a1ab6c23893302b7ab4e22,141ecccc26a826dbd5ffcea07aeb5e3f,True,18459,87831,72842,0,7221032,179132,"47.3,91.8,72.1","17:87,37:152,33:114",
gli,train,BraTS-GLI-02281-100,gli-02281,100,182x218x182,1.00x1.00x1.00,4908.025390625,0.21613932745347203,645bc727e96e496ab598f5132e6185bb,2d3d169e1c6faae6f085363a3e5ce74f,True,840,28881,4498,51,7221032,34270,"136.9,111.5,62.8","114:158,80:143,45:83",
gli,train,BraTS-GLI-02284-100,gli-02284,100,182x218x182,1.00x1.00x1.00,4316.416015625,0.23474165465545646,bf10618eeafa5f6fd596a693171c61a8,b29d23dd6f319adfa34d6a8695ee0504,True,10139,20475,38285,16800,7221032,85699,"126.2,89.3,76.1","100:155,49:156,44:107",
gli,train,BraTS-GLI-02285-100,gli-02285,100,182x218x182,1.00x1.00x1.00,5215.72509765625,0.18778867064984617,4f1ed6f3538603a2a67555783b3cd785,9d7e330f8b7f529d35956a4f6ef90cf6,True,1470,5769,8920,1810,7221032,17969,"107.8,56.1,95.4","91:138,36:77,77:114",
gli,train,BraTS-GLI-02285-101,gli-02285,101,182x218x182,1.00x1.00x1.00,5357.7578125,0.18903599928652856,30776606009d1e0ce49b8f2ccd65f066,336054af98e295601c64a5cc12fe1d27,True,1253,26881,5595,1392,7221032,35121,"108.9,56.9,94.3","92:130,34:83,57:123",
gli,train,BraTS-GLI-02285-102,gli-02285,102,182x218x182,1.00x1.00x1.00,5054.7783203125,0.18935672906587314,d7dd7c80cbeda3b7f344e3dae2101680,dfae4493b14f6576834c124953a2d063,True,1276,29116,6471,1587,7221032,38450,"107.8,57.7,95.4","88:129,34:85,60:126",
gli,train,BraTS-GLI-02285-103,gli-02285,103,182x218x182,1.00x1.00x1.00,5109.01904296875,0.18842556022463272,e83400521652e969e472726eeef7dc90,84f5094ca3a099e5fa12a5330708c78a,True,1455,53294,10030,906,7221032,65685,"110.0,62.8,94.9","68:138,34:96,54:132",
gli,train,BraTS-GLI-02287-100,gli-02287,100,182x218x182,1.00x1.00x1.00,4593.4609375,0.21301844390109337,225710820b890ebd368965103402523b,7c115ea19d775f090929acea03ced5f5,True,1583,60662,17078,5989,7221032,85312,"47.9,103.6,91.6","26:76,65:153,58:126",
gli,train,BraTS-GLI-02287-101,gli-02287,101,182x218x182,1.00x1.00x1.00,3963.351318359375,0.2144765457347371,aed6c494dbac67ec991c1251ed846f27,f71009a1201accf5207c615af199eea5,True,2642,55983,29627,23033,7221032,111285,"46.0,94.6,90.8","22:86,53:147,57:127",
gli,train,BraTS-GLI-02288-100,gli-02288,100,182x218x182,1.00x1.00x1.00,4133.44482421875,0.21030788950942192,121adedccdcc5c5253cae52c26270177,a6bccb409094c3a8855621b6d2276138,True,853,51026,5168,5235,7221032,62282,"58.5,72.9,78.3","26:110,37:117,49:105",
gli,train,BraTS-GLI-02289-100,gli-02289,100,182x218x182,1.00x1.00x1.00,3922.401611328125,0.1897028014832229,af80bda1f147ae597e4168163f75eca8,168614379506eb6c091734734f6216f4,True,57,26766,2266,644,7221032,29733,"116.4,121.1,103.5","86:139,79:156,73:127",
gli,train,BraTS-GLI-02289-101,gli-02289,101,182x218x182,1.00x1.00x1.00,4627.84814453125,0.19010482158228906,7de543ac7a5732131bfe714ad8a274d5,5c1b90fd7a484f731429c4abc3e5b570,True,2829,53700,8366,0,7221032,64895,"117.2,128.6,101.3","97:141,77:165,63:130",
gli,train,BraTS-GLI-02289-102,gli-02289,102,182x218x182,1.00x1.00x1.00,4274.720703125,0.19063992515197273,d412a9b5929eafd2526a6f2ac03668af,147e03124f1985d348a9d0f51fbf04d6,True,2179,58196,8447,1,7221032,68823,"116.4,130.8,102.6","86:141,77:169,63:131",
gli,train,BraTS-GLI-02290-100,gli-02290,100,182x218x182,1.00x1.00x1.00,5699.53759765625,0.22147665319860096,ab60ffc7fc065acb646d421e337bd8a4,4e2d0c6e3fe98cdfe70832ed8b250a51,True,15000,22300,40338,0,7221032,77638,"97.9,117.2,119.8","63:124,68:157,85:149",
gli,train,BraTS-GLI-02290-101,gli-02290,101,182x218x182,1.00x1.00x1.00,6011.28271484375,0.21879891960041167,9d0005d79d4c5c1e35bf53e4da0de271,02d873369d74af93ff43c2d9fcaa4128,True,19181,32957,25100,4294,7221032,81532,"96.8,115.4,120.9","66:123,72:157,88:154",
gli,train,BraTS-GLI-02290-102,gli-02290,102,182x218x182,1.00x1.00x1.00,6319.7119140625,0.22287105222632997,cb78403baa7209f2e31ac4e6e20dc499,2a41d505e0fcae4138074683aa61b4e6,True,22433,49197,48566,8814,7221032,129010,"99.9,115.9,119.6","63:131,60:165,83:152",
gli,train,BraTS-GLI-02292-100,gli-02292,100,182x218x182,1.00x1.00x1.00,6620.4384765625,0.21920190909000264,bbd300f06c0343da7bd927b1e072e9f9,4d19b4f0a66c82a5e046cc1dd15fbe25,True,5829,116155,39764,18264,7221032,180012,"113.8,68.1,94.6","53:149,30:132,37:151",
gli,train,BraTS-GLI-02300-100,gli-02300,100,182x218x182,1.00x1.00x1.00,5851.34814453125,0.18269950887906328,e5381f0aee5371cb812bd1a4fcd36ae9,1e7d9af07bcd785fcec967a6a602b9b6,True,2465,80542,12060,1228,7221032,96295,"94.0,149.6,119.3","55:130,116:185,94:147",
gli,train,BraTS-GLI-02300-101,gli-02300,101,182x218x182,1.00x1.00x1.00,5629.73291015625,0.1826396836352477,e03cf1fb5232db7c3bab40e40e56759d,e92065e0b101fd5f3dc1aaa1d921f1ea,True,1258,47203,12673,448,7221032,61582,"91.9,149.1,122.4","58:120,121:179,95:148",
gli,train,BraTS-GLI-02300-102,gli-02300,102,182x218x182,1.00x1.00x1.00,5260.52978515625,0.1828314844747953,0ca579f74047463e83d7eb47ebbe14d2,b77ad676b23a776c13e3e94893496ce2,True,9622,45576,4294,30296,7221032,89788,"99.1,145.8,122.0","59:128,92:183,82:149",
gli,train,BraTS-GLI-02302-100,gli-02302,100,182x218x182,1.00x1.00x1.00,4239.169921875,0.2426132442011059,e486af0b34cfb54e6650bfeef9a47c74,96f4fe6b8e079dfe8f3ac5f96d5ec7b9,True,0,64583,2488,1769,7221032,68840,"125.0,79.9,127.0","100:154,33:144,79:159",
gli,train,BraTS-GLI-02303-100,gli-02303,100,182x218x182,1.00x1.00x1.00,3567.267578125,0.2256885165444496,494a26ae2a2f1b8baf91900423efb7b7,c57732344d98477facb33e57c4bf3bb1,True,24839,31960,47614,37892,7221032,142305,"51.0,106.6,85.8","18:83,54:152,59:116",
gli,train,BraTS-GLI-02303-101,gli-02303,101,182x218x182,1.00x1.00x1.00,4330.1513671875,0.22470472364614918,7bd7110b06dd42ecf6665bdc8c9ef0f8,c6ce65d47963e54b0e535906f4f8e8b3,True,332,39625,42176,108061,7221032,190194,"51.2,107.1,78.8","15:95,47:167,44:111",
gli,train,BraTS-GLI-02303-102,gli-02303,102,182x218x182,1.00x1.00x1.00,4282.16064453125,0.22195996361738876,9fa90525acfe1fd8246dfaeea6e6cf9c,1d9c68090518c0fdeeb3db3c4adbb50b,True,12401,79003,25217,22608,7221032,139229,"52.5,102.4,83.5","18:95,45:160,47:123",
gli,train,BraTS-GLI-02303-103,gli-02303,103,182x218x182,1.00x1.00x1.00,3730.792236328125,0.21533833391127474,39fc02fd65c46a06f40f0d3e14a93fa0,735d5bc1c663d5beedec65d5af5d75f9,True,13822,146477,31410,7125,7221032,198834,"53.2,100.0,88.2","18:96,47:157,48:128",
gli,train,BraTS-GLI-02306-100,gli-02306,100,182x218x182,1.00x1.00x1.00,5522.39111328125,0.22541390205721287,c198a6815e06d418c8564be6fed47d24,6284a058e61677fe545b0d32728fee9a,True,2058,90409,31760,0,7221032,124227,"51.0,99.4,77.9","25:83,53:153,43:113",
gli,train,BraTS-GLI-02307-100,gli-02307,100,182x218x182,1.00x1.00x1.00,6254.75634765625,0.22526558530692012,7b98e6dcce3d439f1e4d1eb51acb9dbd,d4b3c9ebce156ee4be9481b8249cd073,True,110,21790,15919,0,7221032,37819,"55.4,72.5,85.4","27:89,46:107,55:109",
gli,train,BraTS-GLI-02307-101,gli-02307,101,182x218x182,1.00x1.00x1.00,6239.18017578125,0.2261849829775024,e4e7f6d695d04e5b24cba4a6bd367051,417445607a0aaa48c5c14613c55b0f3f,True,531,18830,10974,30280,7221032,60615,"53.7,72.6,82.3","29:88,41:109,50:112",
gli,train,BraTS-GLI-02307-102,gli-02307,102,182x218x182,1.00x1.00x1.00,6216.71044921875,0.22498695477322356,44539dd11cd02f4ef8a548720a7544d3,4fc26907bc354ece8354056242f76b31,True,855,48690,6985,33517,7221032,90047,"63.6,78.7,83.9","23:129,40:149,47:122",
gli,train,BraTS-GLI-02314-100,gli-02314,100,182x218x182,1.00x1.00x1.00,5708.16552734375,0.1936523754499357,b7d2856d6ebc379fa1c67946ee2c8eb0,495609719de70e1ad9107557eed28fc6,True,0,15309,3336,17158,7221032,35803,"55.1,130.2,71.0","34:78,105:153,47:97",
gli,train,BraTS-GLI-02315-100,gli-02315,100,182x218x182,1.00x1.00x1.00,5514.447265625,0.22681300955320513,05680837e0322bacfec0bdb8b9d63266,c681b8ef9113bac1b57afe129b83dfd5,True,34263,24536,36267,1563,7221032,96629,"64.1,61.7,63.3","27:122,27:114,35:92",
gli,train,BraTS-GLI-02317-100,gli-02317,100,182x218x182,1.00x1.00x1.00,5073.9306640625,0.22242582500673033,e0486ca6a8c8b6ae8ab77a1ac40a00db,dce22708d07812c555497a93b136c5a2,True,0,2045,3558,1064,7221032,6667,"48.1,96.5,124.1","33:93,81:108,64:140",
gli,train,BraTS-GLI-02318-100,gli-02318,100,182x218x182,1.00x1.00x1.00,5498.3388671875,0.21821479256704582,a78bcb656676c3f7cbc6912826f1ce55,4a3ff8f2d9635a5109d901e8f1a8e873,True,8683,90303,59778,18663,7221032,177427,"69.1,79.4,87.8","32:119,29:135,50:117",
gli,train,BraTS-GLI-02319-100,gli-02319,100,182x218x182,1.00x1.00x1.00,5885.84912109375,0.19028554367298192,1d5c8eb075cc726b811e53eb39ec5243,c0a35e889f371813688120d9cdbba99d,True,1522,65731,12954,3604,7221032,83811,"86.4,115.6,116.2","40:126,72:159,87:150",
gli,train,BraTS-GLI-02326-100,gli-02326,100,182x218x182,1.00x1.00x1.00,5842.94677734375,0.2256184434579434,454bd5a37240c21faa3ea44583f89bad,a7d7a45b526ffd1bf59ee70d28c6f5c2,True,2594,18570,30951,11336,7221032,63451,"50.0,120.0,72.6","25:76,84:150,49:135",
gli,train,BraTS-GLI-02327-100,gli-02327,100,182x218x182,1.00x1.00x1.00,4084.864013671875,0.17997704483237298,5ed2b7939d507ea6279e7c1ccc31e140,b9045e39b994a0fabe65fe0f39ba4ab4,True,56,4129,14617,20641,7221032,39443,"58.1,83.5,102.7","35:100,58:110,78:129",
gli,train,BraTS-GLI-02329-100,gli-02329,100,182x218x182,1.00x1.00x1.00,4488.2236328125,0.2581185071607493,a8808b103118870fd692f7a34a0f1cc2,c7925c8d8d7a6172198b5f683ca4518e,True,0,2049,3218,5244,7221032,10511,"75.9,162.3,124.6","63:90,144:183,109:141",
gli,train,BraTS-GLI-02330-100,gli-02330,100,182x218x182,1.00x1.00x1.00,3993.600341796875,0.2551092420030821,9037db4b9868cb7e90b8f19bb14cf75e,62df2ea5bbbfa251fed903cec128923f,True,3192,24824,17964,5299,7221032,51279,"80.7,64.6,97.7","45:119,30:96,71:126",
gli,train,BraTS-GLI-02331-100,gli-02331,100,182x218x182,1.00x1.00x1.00,5801.60595703125,0.17834597603223473,d13f59ee3dffe03ef8d9317f2efb58c6,8ca07707fdb6bfe33471fcc72ff35bdc,True,339,8700,2420,7716,7221032,19175,"98.9,92.4,34.8","73:120,74:126,17:59",
gli,train,BraTS-GLI-02332-100,gli-02332,100,182x218x182,1.00x1.00x1.00,4545.64599609375,0.21902367971780212,9fe97c6373444f6d6173898583499c4e,045d90055638c144b74061a2ce7c8cc9,True,4584,36935,18369,0,7221032,59888,"61.0,86.9,73.2","37:83,37:142,45:112",
gli,train,BraTS-GLI-02333-100,gli-02333,100,182x218x182,1.00x1.00x1.00,4458.69189453125,0.18227948581310816,a8304b5b71a139ae8a7a528607ded5ec,fcb065145ecf0f35952a9029ee374db4,True,6289,66878,11269,3867,7221032,88303,"123.5,94.7,78.4","95:148,39:150,48:108",
gli,train,BraTS-GLI-02334-100,gli-02334,100,182x218x182,1.00x1.00x1.00,3906.179443359375,0.22932774705886916,137258d0c26e0f9e0edf4667965f20ce,b2605e1ae34a581a064693ba4faac000,True,0,21884,436,1852,7221032,24172,"120.2,124.2,67.0","97:141,88:159,52:92",
gli,train,BraTS-GLI-02335-100,gli-02335,100,182x218x182,1.00x1.00x1.00,5031.88671875,0.19430574466364364,b2349f1aed3bdc76c1b59f23c81c5f73,407901b1b4ca3837a5c7c2ea0abe1bee,True,0,22640,5613,6850,7221032,35103,"110.1,95.3,121.6","91:137,62:120,99:146",
gli,train,BraTS-GLI-02335-101,gli-02335,101,182x218x182,1.00x1.00x1.00,4713.62255859375,0.1940014945232205,857bd5212a35c7db22519e640d7bf206,4f90612542aee898c192eb6ee48ab470,True,0,31712,6151,2136,7221032,39999,"111.6,94.1,119.4","94:136,64:122,97:147",
gli,train,BraTS-GLI-02336-100,gli-02336,100,182x218x182,1.00x1.00x1.00,4125.05419921875,0.21870544265694986,ca84ae2a0238f125ce5cf670108bd99d,77c0b52b912c259156241bff62d59cbd,True,0,28334,8108,25862,7221032,62304,"108.9,148.6,111.7","88:132,114:179,61:148",
gli,train,BraTS-GLI-02337-100,gli-02337,100,182x218x182,1.00x1.00x1.00,4975.36376953125,0.21210832468267693,595c7eace13aba8f3e96d3fc227567cf,eece770586d32cdc735bd0263149cc10,True,0,50978,183,28625,7221032,79786,"113.5,152.7,110.5","68:144,114:192,75:141",
gli,train,BraTS-GLI-02338-100,gli-02338,100,182x218x182,1.00x1.00x1.00,4364.0263671875,0.18824816175859627,aafaa5a01fd860de23521cc692d73076,67aa35415a5f5325eb8f6aae1c1765ae,True,3261,10012,12503,0,7221032,25776,"46.0,99.5,101.9","26:137,79:129,38:125",
gli,train,BraTS-GLI-02339-100,gli-02339,100,182x218x182,1.00x1.00x1.00,4359.96533203125,0.2319830461906276,8888393d946c05077afb449770bb693e,d033cf7de6eac990ec2f8a0d683b3cf0,True,0,46978,1915,0,7221032,48893,"109.9,136.3,79.4","67:150,105:161,47:106",
gli,train,BraTS-GLI-02340-100,gli-02340,100,182x218x182,1.00x1.00x1.00,4475.0576171875,0.19178408293994542,7893749bbf4ad2e5ed8125b8cde83f76,61611282ecdda7a64495083c3a5ad844,True,0,108299,233,27959,7221032,136491,"78.0,143.8,107.3","40:128,95:184,61:146",
gli,train,BraTS-GLI-02341-100,gli-02341,100,182x218x182,1.00x1.00x1.00,4746.86865234375,0.22442650856553467,a919d4f540b9eba35b85c1fedaafb6e1,24ebcc16a49dcb1e211a02a5332f9044,True,27224,65680,28893,0,7221032,121797,"112.1,92.0,82.6","78:144,53:133,51:115",
gli,train,BraTS-GLI-02342-100,gli-02342,100,182x218x182,1.00x1.00x1.00,5033.44873046875,0.21548346552127176,48811cb943ac9fd703498505413dad84,aaf424e809d49dbe5f8f1522d42dca28,True,370,16562,6035,32880,7221032,55847,"48.3,117.4,68.3","27:87,71:159,47:98",
gli,train,BraTS-GLI-02343-100,gli-02343,100,182x218x182,1.00x1.00x1.00,4402.994140625,0.23781573049392385,12151e92cd45634296badb741339d20f,157419a66466fb72505e0459cdde12da,True,732,31896,4184,10999,7221032,47811,"93.8,107.8,94.5","22:154,64:149,63:116",
gli,train,BraTS-GLI-02344-100,gli-02344,100,182x218x182,1.00x1.00x1.00,4273.859375,0.16900575984152957,18fbb755431712f4bfc548f4ccd216be,bbc531cd9d74ffc69ab17eee9284fa4a,True,1082,8848,5435,0,7221032,15365,"80.9,130.3,86.0","59:100,110:149,70:101",
gli,train,BraTS-GLI-02345-100,gli-02345,100,182x218x182,1.00x1.00x1.00,4540.45556640625,0.21805775130202995,577e68fbb372be6dae3f411cdfd00c5c,163ee260a3b70ff8c27cb77011dfaf96,True,1846,42760,9058,0,7221032,53664,"64.1,122.9,81.1","36:91,96:156,52:114",
gli,train,BraTS-GLI-02346-100,gli-02346,100,182x218x182,1.00x1.00x1.00,4674.38037109375,0.22092022303737194,16c5b5be9982f17ec12d2d6b565df193,407043a1cd02b55511b2a3709ed02dfe,True,0,687,5288,24373,7221032,30348,"42.3,120.1,68.0","27:59,94:148,49:89",
gli,train,BraTS-GLI-02347-100,gli-02347,100,182x218x182,1.00x1.00x1.00,4256.84619140625,0.203455129405326,696550977939ea3dc1eca14b552fabe6,660f0dad4beb1fb0f91a88fa2ea369eb,True,10304,46887,24083,0,7221032,81274,"83.2,86.8,82.3","38:136,57:131,59:108",
gli,train,BraTS-GLI-02348-100,gli-02348,100,182x218x182,1.00x1.00x1.00,4049.233642578125,0.226086936050138,206e8bd62a3d571a5cee72ee2da45117,76b0c1b96881e2e1a819d9cbc9d67cbc,True,175,11940,16379,28215,7221032,56709,"99.0,134.2,121.8","46:132,104:173,89:155",
gli,train,BraTS-GLI-02352-100,gli-02352,100,182x218x182,1.00x1.00x1.00,5017.02978515625,0.20897331572550848,a3a9a04362797e577e6b40b14bf1cc78,e27064aab83460da5c5215f3d2bb298a,True,126,69084,1647,443,7221032,71300,"68.5,121.5,76.2","36:132,76:156,37:112",
gli,train,BraTS-GLI-02354-100,gli-02354,100,182x218x182,1.00x1.00x1.00,3813.595703125,0.22244992128548938,004013906f837a2b4d61b1f6f9ab5932,6efc36cde076adf2977c29bf5482b13d,True,0,23922,13388,26198,7221032,63508,"60.1,63.8,105.6","26:89,35:97,74:141",
gli,train,BraTS-GLI-02355-100,gli-02355,100,182x218x182,1.00x1.00x1.00,4708.115234375,0.1893018892590422,ab2d3a02e7016c132196011d17a04e0d,d48a148d12d9119c58053885826f730d,True,379,125760,37084,5654,7221032,168877,"56.9,102.8,104.3","22:89,55:147,62:148",
gli,train,BraTS-GLI-02358-100,gli-02358,100,182x218x182,1.00x1.00x1.00,4213.52294921875,0.2253382895962793,fdfe29757ae4ef2ffae2da5ce39e7c9b,70026cdd937fc3ac3eb8456eb0cfad1e,True,11387,58365,28280,0,7221032,98032,"112.7,106.4,115.7","53:153,66:148,72:155",
gli,train,BraTS-GLI-02358-101,gli-02358,101,182x218x182,1.00x1.00x1.00,4400.94189453125,0.22477064220183487,3336a8b66887bddf70c5ea0b52e40051,dc26bad2affa30b023ef7f89ba4b0847,True,10511,14583,14067,0,7221032,39161,"107.8,108.7,111.2","66:152,69:144,71:139",
gli,train,BraTS-GLI-02360-100,gli-02360,100,182x218x182,1.00x1.00x1.00,4347.31005859375,0.20087308850036947,bc8ad300635e5dc7e1ca71ecceca1238,110d378dba024a569870b895f32dd248,True,0,67197,2451,4061,7221032,73709,"50.9,116.8,98.1","29:78,65:158,55:132",
gli,train,BraTS-GLI-02361-100,gli-02361,100,182x218x182,1.00x1.00x1.00,4597.75390625,0.22913179168850104,396e1115aa484812676a0dd48f53ffa7,c86900ae7612436560c3aa81474ce2cd,True,0,12992,2698,310,7221032,16000,"86.1,95.8,102.2","35:154,79:121,54:128",
gli,train,BraTS-GLI-02362-100,gli-02362,100,182x218x182,1.00x1.00x1.00,4871.14453125,0.23233064193594488,2fb702488defa1ef6ca5c3389ad3e949,612ae26e1adaa9778afb41df25d7a3f1,True,0,49617,31577,5518,7221032,86712,"132.6,115.9,75.0","103:155,58:160,49:100",
gli,train,BraTS-GLI-02363-100,gli-02363,100,182x218x182,1.00x1.00x1.00,4770.4130859375,0.22866080637781414,c5da547b9251aa3fabcb1ef47e116ca8,b8d55a76750da0f33764ee1d09325455,True,0,6775,4556,14856,7221032,26187,"73.7,139.2,132.7","57:90,115:174,109:155",
gli,train,BraTS-GLI-02365-100,gli-02365,100,182x218x182,1.00x1.00x1.00,4928.8203125,0.22330381585346804,25bcf515a43b15b03a6d8a86ecb10840,e9dff23042553c462ef7f34f0a2fa580,True,28947,79861,61909,0,7221032,170717,"74.3,126.5,118.4","36:113,70:183,83:153",
gli,train,BraTS-GLI-02368-100,gli-02368,100,182x218x182,1.00x1.00x1.00,4308.1318359375,0.22638647772229786,ecc1f3aa80b5c0fd82bf37d2ad7da082,705c028dbb7b2ad6328184322c5ea01f,True,0,10873,688,9542,7221032,21103,"127.3,69.8,75.4","109:145,49:95,49:102",
gli,train,BraTS-GLI-02369-100,gli-02369,100,182x218x182,1.00x1.00x1.00,4440.16455078125,0.2021010293265561,5456800d46a72827cba5ce6c57688a25,1a7dc0d138ba93b60ad67b71108eca8a,True,0,4919,4806,33682,7221032,43407,"47.7,118.6,67.7","20:77,72:156,51:84",
gli,train,BraTS-GLI-02372-100,gli-02372,100,182x218x182,1.00x1.00x1.00,6600.95068359375,0.21382206864614364,418c6b1ad50e6dfafe52fae4c7c7f022,2ed42b3d7ee60febc9deaa81fcaf64d6,True,3256,127756,20063,9850,7221032,160925,"63.0,88.9,87.2","26:122,42:152,49:127",
gli,train,BraTS-GLI-02375-100,gli-02375,100,182x218x182,1.00x1.00x1.00,7031.90283203125,0.18758482167091906,9e1be5c4c0aada2f476ceebb3aa777ca,5046385d54a59f8d49e02d29de40b03a,True,74,79133,18056,0,7221032,97263,"59.8,92.5,78.9","29:97,51:141,51:114",
gli,train,BraTS-GLI-02375-101,gli-02375,101,182x218x182,1.00x1.00x1.00,7289.322265625,0.1840281278354673,298d2b3e30260b968932d729462a2ae9,c61551c32a1fd31bb0391875c5325aaf,True,5174,48588,10910,2932,7221032,67604,"62.6,85.5,72.4","28:96,46:134,46:103",
gli,train,BraTS-GLI-02377-100,gli-02377,100,182x218x182,1.00x1.00x1.00,5513.55419921875,0.2598262962967066,ff3a6a1d2055e6fd564974cde5083b41,cefba48ddbce480ace449688138b2978,True,334,181435,39819,0,7221032,221588,"128.9,90.8,80.0","91:160,29:159,40:124",
gli,train,BraTS-GLI-02378-100,gli-02378,100,182x218x182,1.00x1.00x1.00,6111.38330078125,0.21646019571717726,a406349226074683c1243f74eaea6c5b,4ef894dc523e40ef3abade101b0351bd,True,2229,46176,26515,8923,7221032,83843,"93.2,118.9,127.7","59:127,65:152,87:157",
gli,train,BraTS-GLI-02378-101,gli-02378,101,182x218x182,1.00x1.00x1.00,6412.38134765625,0.21577788327208633,c646d9e52c23eb2e7a07ab7a79e01396,3a95e4536b0acbc60c1c3a6e7176a7b6,True,4309,40708,12982,3290,7221032,61289,"92.2,119.7,124.3","53:135,80:153,99:151",
gli,train,BraTS-GLI-02378-102,gli-02378,102,182x218x182,1.00x1.00x1.00,6423.64306640625,0.21359384641973614,93e6eacd7cc4907ec7d0af18c2bea1fc,6b84c75d14298f3f2b8fed14f66cc605,True,2939,132109,2437,7111,7221032,144596,"86.5,117.3,115.4","42:151,66:176,73:151",
gli,train,BraTS-GLI-02379-100,gli-02379,100,182x218x182,1.00x1.00x1.00,6695.48193359375,0.21568828389072364,6a0640f47dbbdc41d25a30e89fbc367c,d6e92574efd6e7229cd8423780739a3a,True,8016,31090,21246,14104,7221032,74456,"114.6,98.3,105.7","68:150,67:145,58:148",
gli,train,BraTS-GLI-02379-101,gli-02379,101,182x218x182,1.00x1.00x1.00,8074.36669921875,0.21927392095755843,fbb048598bbe2f1ffc80c274ba56be01,3865227c9d9ae8eba4f60bb939ab0c31,True,12053,162626,29286,3905,7221032,207870,"125.9,95.2,84.9","67:156,37:155,41:149",
gli,train,BraTS-GLI-02380-100,gli-02380,100,182x218x182,1.00x1.00x1.00,5888.57177734375,0.20476006753605303,37f9b3be61bd139819a0d9e21a77304e,22426f6622590bd6148bc8421c0c8246,True,0,42609,21451,20631,7221032,84691,"71.0,138.5,107.3","32:113,66:188,79:144",
gli,train,BraTS-GLI-02381-100,gli-02381,100,182x218x182,1.00x1.00x1.00,5686.64306640625,0.20617191559322823,ed6dd0b002839523ac8d3147889243db,7a5a490d35cdc0feea052bc489f20703,True,13913,62320,64554,4691,7221032,145478,"124.0,98.7,72.6","95:153,39:160,44:109",
gli,train,BraTS-GLI-02382-100,gli-02382,100,182x218x182,1.00x1.00x1.00,5828.24072265625,0.2106545158642144,bd0724599d59d0821358d421ce3d6b7a,d56fdea1c224eebc722631af31318bfb,True,1072,57797,23526,4920,7221032,87315,"67.3,57.9,79.3","36:92,31:91,42:116",
gli,train,BraTS-GLI-02383-100,gli-02383,100,182x218x182,1.00x1.00x1.00,7546.09716796875,0.21321799986483927,ae85899b32fef7d922cb315c361ce2de,24d011260dc0618e493e8fd612eb939d,True,9533,63305,23521,0,7221032,96359,"55.3,112.4,75.3","24:86,40:159,46:121",
gli,train,BraTS-GLI-02384-100,gli-02384,100,182x218x182,1.00x1.00x1.00,5707.49267578125,0.18953523540679504,19e00e98002a19608d292855e7577dff,c6394a1744011c8495171a559c1a55e0,True,0,61808,5665,3071,7221032,70544,"127.1,115.6,71.9","94:154,45:159,48:101",
gli,train,BraTS-GLI-02385-100,gli-02385,100,182x218x182,1.00x1.00x1.00,6248.96875,0.22559351627302027,14aec6777fe2cd1f6e8795a75e53091f,048a05e05d114c8e6f746b37d1178d9a,True,17436,83777,109010,0,7221032,210223,"120.4,73.4,72.9","46:157,33:133,32:121",
gli,train,BraTS-GLI-02386-100,gli-02386,100,182x218x182,1.00x1.00x1.00,5450.30712890625,0.2202685156359922,ab3aa7633d71e3435fe173a3605cf2b7,31979504d2f1599c47883fc972710d9c,True,0,16087,4164,86,7221032,20337,"45.2,115.5,76.8","25:71,87:140,62:90",
gli,train,BraTS-GLI-02387-100,gli-02387,100,182x218x182,1.00x1.00x1.00,6374.4677734375,0.22100414455994655,9fd0182c78cb0169fcf93d5997088266,f95eab27817f7a8bf749d5e189a5bf8f,True,2342,58586,21841,5710,7221032,88479,"61.1,109.7,117.7","2:98,62:159,46:148",
gli,train,BraTS-GLI-02388-100,gli-02388,100,182x218x182,1.00x1.00x1.00,5793.6083984375,0.22073728519690813,27a0bf3c9c219bb22deb32040250b05c,53a650c2f2f9299323ec988abbeea648,True,5639,79696,26349,0,7221032,111684,"73.9,139.0,118.0","46:111,67:194,79:152",
gli,train,BraTS-GLI-02388-101,gli-02388,101,182x218x182,1.00x1.00x1.00,6231.86572265625,0.21996024944910922,1ca59318778fe681f29d6aecef0306ed,cd0971baf947a7b42e49e9cbf21b318b,True,342,69183,7504,5927,7221032,82956,"68.7,130.5,90.7","40:116,65:175,55:124",
gli,train,BraTS-GLI-02389-100,gli-02389,100,182x218x182,1.00x1.00x1.00,5601.5546875,0.2358799961002804,07a6da768a04f4b50b611cc84ce43b16,f2aea84fd9da1ea6d1e09b6e5cd83a01,True,0,13698,233,4089,7221032,18020,"122.9,135.3,98.5","94:142,32:167,79:118",
gli,train,BraTS-GLI-02390-100,gli-02390,100,182x218x182,1.00x1.00x1.00,6173.3515625,0.22535740043805372,2adeb06bfb762fc8d504424e0c7878ef,44f18c9d7696a291eacb05aa1a16e423,True,0,8929,424,2929,7221032,12282,"47.3,73.4,99.2","31:71,55:104,79:118",
gli,train,BraTS-GLI-02390-101,gli-02390,101,182x218x182,1.00x1.00x1.00,5371.00830078125,0.22409497700605674,c7f9d0a8a594320c66bb6c42d5025342,61da2305e38744f1b0645bcd9cc0b1ae,True,0,13758,159,3031,7221032,16948,"54.1,73.2,98.1","32:79,55:113,71:117",
gli,train,BraTS-GLI-02390-102,gli-02390,102,182x218x182,1.00x1.00x1.00,6052.1435546875,0.22437665419568836,977cb96261cbfccb2860f401f27d09a4,f93a4ddc88af8b5c675cb0fbe52431a1,True,0,16614,78,3075,7221032,19767,"54.6,71.9,97.9","32:80,50:111,69:117",
gli,train,BraTS-GLI-02393-100,gli-02393,100,182x218x182,1.00x1.00x1.00,6167.65380859375,0.18570475799027064,512efe601d5ecf71212f3ab5df4ac5fb,da127a2d59afa44c416be2df0715a789,True,504,9924,7537,8444,7221032,26409,"124.1,130.8,76.2","100:144,103:156,54:101",
gli,train,BraTS-GLI-02394-100,gli-02394,100,182x218x182,1.00x1.00x1.00,6284.8369140625,0.21750893778063857,fea33f8ef31f3e221b1e360e3e0c83dd,3745c45ce7fb89500f21381b9e8557c5,True,530,32927,20871,24158,7221032,78486,"134.2,105.7,74.8","106:158,41:162,45:101",
gli,train,BraTS-GLI-02403-100,gli-02403,100,182x218x182,1.00x1.00x1.00,6978.0146484375,0.17603148691212003,9a20dc7161079c64d4051a1789b4e86b,d03d5d2c563c7d0b885497b63929c341,True,464,83277,32130,13525,7221032,129396,"57.6,85.2,103.4","26:91,41:139,63:138",
gli,train,BraTS-GLI-02498-100,gli-02498,100,182x218x182,1.00x1.00x1.00,1288.04833984375,0.26427607577421064,38332a411c80cd56a939f5eaf3de77ab,d6a7e4f4f979b71ff908922149a41464,True,4578,32116,13344,1,7221032,50039,"106.8,117.8,124.4","91:127,91:147,93:152",
gli,train,BraTS-GLI-02498-101,gli-02498,101,182x218x182,1.00x1.00x1.00,992.4303588867188,0.26487225094695604,907e28718d6724f23aca125bdc9705c6,91fe33151018bfe13823a8cc44e964e1,True,0,34738,404,10167,7221032,45309,"106.7,117.4,123.4","91:126,91:145,93:150",
gli,train,BraTS-GLI-02498-102,gli-02498,102,182x218x182,1.00x1.00x1.00,715.4849853515625,0.2608057961798258,e5645560c6393d472c1d6d7ae364bc7e,33d784753e67b7645ed3c130b3c0fbd0,True,584,56923,2379,4397,7221032,64283,"105.1,126.0,112.1","64:135,89:160,77:151",
gli,train,BraTS-GLI-02514-100,gli-02514,100,182x218x182,1.00x1.00x1.00,912.5995483398438,0.18749508380519572,00cbf2235bec7a895c0997b01f74491e,4fe07d55cc0898724ea06c11b4e2c701,True,0,72853,1865,46984,7221032,121702,"59.2,107.4,81.9","31:91,67:147,48:119",
gli,train,BraTS-GLI-02514-101,gli-02514,101,182x218x182,1.00x1.00x1.00,790.5357055664062,0.18517076229547244,768065570822a80e23ccd73a3307967a,b971335d8f44f26c79485ca8047eb3a0,True,821,65967,11272,91670,7221032,169730,"52.8,106.9,95.0","29:87,51:157,59:134",
gli,train,BraTS-GLI-02514-102,gli-02514,102,182x218x182,1.00x1.00x1.00,1469.6611328125,0.14855300461208315,51a708876af387821a911fd9e7b0b905,de34f59267e11c9816b0395c6f903f8d,True,0,62326,5185,88830,7221032,156341,"54.4,107.9,95.2","31:108,51:161,56:135",
gli,train,BraTS-GLI-02514-103,gli-02514,103,182x218x182,1.00x1.00x1.00,989.4261474609375,0.13499524721674133,201560cae84ba396e1dd0a52f1abed3e,48971600bd744885e5ca4b541e2b8d91,True,0,68355,132,93026,7221032,161513,"57.3,107.4,97.4","33:83,39:165,56:138",
gli,train,BraTS-GLI-02514-104,gli-02514,104,182x218x182,1.00x1.00x1.00,1475.615234375,0.1491101271951156,263d0c26fe580151037c11037752d926,c9a9fea3750d6026814af9f746c40af3,True,260,81461,5450,98197,7221032,185368,"60.7,107.3,99.5","34:102,38:166,21:143",
gli,train,BraTS-GLI-02514-105,gli-02514,105,182x218x182,1.00x1.00x1.00,735.070556640625,0.16667908409767468,c3c3ec2f06fe566cf242a4ca71d0d692,d6974e46e6e94c7465f87e8396250d25,True,0,84855,2022,103115,7221032,189992,"61.0,109.5,99.9","32:124,37:169,31:141",
gli,train,BraTS-GLI-02515-100,gli-02515,100,182x218x182,1.00x1.00x1.00,678.3706665039062,0.24632393264563845,105bb6518ae69420a4717f8856ceb354,147ecbf2ce6da648494d854e1c6c743c,True,234,64935,5666,14261,7221032,85096,"110.2,57.7,98.6","90:140,23:103,64:141",
gli,train,BraTS-GLI-02515-101,gli-02515,101,182x218x182,1.00x1.00x1.00,731.5764770507812,0.2292924335468947,6d0893bb8a40334e901d41e68d7ed603,eaac61318229e7e65f3d75ced6c77fe5,True,29,146410,7255,1939,7221032,155633,"118.5,68.5,98.8","73:149,16:151,46:146",
gli,train,BraTS-GLI-02517-100,gli-02517,100,182x218x182,1.00x1.00x1.00,1433.57470703125,0.19617431414235528,6cd7b5cd4131a43cd62dc9afb05f6482,93df2e43a210f78347efd00cd4679f6d,True,0,7930,620,943,7221032,9493,"57.1,118.8,107.3","36:71,103:137,96:120",
gli,train,BraTS-GLI-02517-101,gli-02517,101,182x218x182,1.00x1.00x1.00,1197.9400634765625,0.19032404232525213,d8dc9e7f92fc0d9d8a48ff066704559a,ff7e5d49835254085e277ee7c61c69d9,True,183,31416,4166,563,7221032,36328,"70.2,132.1,92.7","34:97,69:172,64:129",
gli,train,BraTS-GLI-02518-100,gli-02518,100,182x218x182,1.00x1.00x1.00,801.3997192382812,0.18875806117463542,c9ad51f2d8f7c289a851753df25a3efa,1ee74451855b9606f4493620f2c57fe8,True,6214,15033,6999,0,7221032,28246,"112.0,83.2,88.6","78:130,51:121,63:113",
gli,train,BraTS-GLI-02518-101,gli-02518,101,182x218x182,1.00x1.00x1.00,833.080810546875,0.19826044255170175,3142a77cab1d66a62c5e223a4f7ca268,5ce3ecfb45d50941696ddd0fcb9ddbdf,True,6582,63152,8979,0,7221032,78713,"115.7,86.0,91.2","78:145,47:142,59:126",
gli,train,BraTS-GLI-02518-102,gli-02518,102,182x218x182,1.00x1.00x1.00,1001.5064697265625,0.19476343547570485,44b21497bea73d7253810bef19cb717d,f4aa2fc0b74041323ad4340639cdedf3,True,6025,117918,11344,0,7221032,135287,"115.9,89.0,97.0","76:147,43:152,55:140",
gli,train,BraTS-GLI-02518-103,gli-02518,103,182x218x182,1.00x1.00x1.00,1154.4288330078125,0.19873308967471687,23254f6c2f8d4e7ce3ec56b103b55ed3,583ed19327125018b971960d9586f6b7,True,6307,120732,67277,0,7221032,194316,"111.3,103.6,101.0","69:147,43:171,41:141",
gli,train,BraTS-GLI-02520-100,gli-02520,100,182x218x182,1.00x1.00x1.00,790.2515869140625,0.16809661001363793,31bb924f86dfc963a279270a4acc7697,a12302c7e432cb050722a580988ea5a6,True,14358,61665,12209,2810,7221032,91042,"50.5,98.0,69.9","25:77,42:143,38:107",
gli,train,BraTS-GLI-02520-101,gli-02520,101,182x218x182,1.00x1.00x1.00,780.5189819335938,0.20240084796743735,81b60f19feb3459bb6245dce7b66ac7c,54a3144401f176a93dd11ed4e021cfd7,True,36917,209795,61573,8,7221032,308293,"58.2,100.5,86.2","24:97,32:162,40:131",
gli,train,BraTS-GLI-02520-102,gli-02520,102,182x218x182,1.00x1.00x1.00,1062.5340576171875,0.1943693089851977,6f5ff3973bf4130cdd9f66476f5e9331,f5903c8016b394f3666021afe1b575c4,True,5383,133327,29160,24701,7221032,192571,"60.3,104.0,86.7","26:101,42:157,38:129",
gli,train,BraTS-GLI-02520-103,gli-02520,103,182x218x182,1.00x1.00x1.00,852.5841064453125,0.16175734991895896,9078988f4d4106c91a83adae1eb33a13,1836a556eb5e2a7303267d26435b7d8e,True,1,70588,3467,23974,7221032,98030,"54.4,100.1,85.2","27:89,41:150,42:129",
gli,train,BraTS-GLI-02520-104,gli-02520,104,182x218x182,1.00x1.00x1.00,721.3674926757812,0.14990710469085305,b2a7cf4199d22a3febb94639fed9b83d,b395006e705b85c8684812d47395f1eb,True,161,70943,9058,20766,7221032,100928,"54.9,99.3,88.6","28:88,45:150,42:132",
gli,train,BraTS-GLI-02524-100,gli-02524,100,182x218x182,1.00x1.00x1.00,1102.0799560546875,0.17848681462705054,b4d933efc29e07a0f54f9c4802836ad3,7a3bf3bcb511e105f57ad88aeac8a06f,True,0,19246,209,15624,7221032,35079,"106.5,106.8,123.1","88:129,85:130,101:141",
gli,train,BraTS-GLI-02524-101,gli-02524,101,182x218x182,1.00x1.00x1.00,997.2801513671875,0.1618497189875353,7b29fe51cbac2f7825718b5e2995d3af,ec20de3347394503368fc6058c3d44b0,True,0,5147,4596,6878,7221032,16621,"106.9,108.9,126.5","91:127,91:129,106:141",
gli,train,BraTS-GLI-02524-102,gli-02524,102,182x218x182,1.00x1.00x1.00,1031.9249267578125,0.16659433166893597,126ba37dacbe0241690dd381a33d3e94,1c228a8f8d963a13dd01e030dae792d3,True,0,21282,7056,3784,7221032,32122,"109.7,109.3,123.8","90:132,87:133,101:143",
gli,train,BraTS-GLI-02524-103,gli-02524,103,182x218x182,1.00x1.00x1.00,712.2316284179688,0.18817379565690887,a905ee9a069a84a41cde19180c6e6e30,3c1ce09c4b4645aacda8a2391629977b,True,0,116046,368,23732,7221032,140146,"113.6,101.7,110.0","77:150,51:152,76:145",
gli,train,BraTS-GLI-02524-104,gli-02524,104,182x218x182,1.00x1.00x1.00,1469.82177734375,0.17124976042205603,717654e52571e24e97da9bb4b1786930,586005d7d712592d5e7f1d048d69951b,True,3966,40315,3809,23742,7221032,71832,"110.3,110.0,115.5","70:140,71:146,84:149",
gli,train,BraTS-GLI-02524-105,gli-02524,105,182x218x182,1.00x1.00x1.00,994.1082153320312,0.16580220112582245,545f14013e1c877504754c51d73b54d0,f40ef321187029d50874a2f6a122819e,True,13531,49750,6581,22356,7221032,92218,"110.1,108.5,109.9","68:138,66:149,72:146",
gli,train,BraTS-GLI-02531-100,gli-02531,100,182x218x182,1.00x1.00x1.00,748.8687744140625,0.23117291268062515,40bb20b0869ee6135ac1584c18f8c464,873a2beab8234cade03e40bb45678cbc,True,6,76486,8090,13904,7221032,98486,"68.2,59.8,91.7","40:96,25:96,58:130",
gli,train,BraTS-GLI-02546-100,gli-02546,100,182x218x182,1.00x1.00x1.00,757.625732421875,0.1983281614040763,8b0655096d386107a2bf7277b5273a6b,95d200678428f807b9b93a617349ddd3,True,193,190758,4837,0,7221032,195788,"61.0,74.7,84.8","25:108,21:130,48:136",
gli,train,BraTS-GLI-02547-100,gli-02547,100,182x218x182,1.00x1.00x1.00,992.5339965820312,0.1930797426185066,c17dda593ddd4cd38badcfdfd72f495e,bcbe26d58a8c9b5e1edc86afdf3e7d6e,True,1119,6317,419,2420,7221032,10275,"80.0,82.9,121.7","67:93,67:101,99:146",
gli,train,BraTS-GLI-02547-101,gli-02547,101,182x218x182,1.00x1.00x1.00,1253.431884765625,0.1927122051252508,2eca0573b37b1949a7860ff40b2566cc,3a1d071795815603a015aebf1ec6f2e3,True,49,12902,2509,369,7221032,15829,"76.5,92.1,115.4","63:91,72:113,96:143",
gli,train,BraTS-GLI-02547-102,gli-02547,102,182x218x182,1.00x1.00x1.00,993.1915893554688,0.1729795685713621,9dcfda3ac02b3b0e49ee409ad0864b26,29ab9f5fa5cc21c3ab1fdab844687d6e,True,440,75651,11776,0,7221032,87867,"71.8,92.2,115.3","41:109,51:137,86:144",
gli,train,BraTS-GLI-02548-100,gli-02548,100,182x218x182,1.00x1.00x1.00,828.2962646484375,0.19107850512225955,47526d8e4d614c4f5ce2c54e8acbd2d5,a508379a3594062599582973b5efe36c,True,1974,27243,1234,11333,7221032,41784,"126.1,91.3,64.1","103:148,64:128,42:86",
gli,train,BraTS-GLI-02548-101,gli-02548,101,182x218x182,1.00x1.00x1.00,1471.9991455078125,0.17944775760583806,517b3924a76d6b0c63e059a034713de0,aa97aed0f0bbe9068d420a4326ad231b,True,789,40965,21787,1001,7221032,64542,"125.7,79.6,67.9","101:149,36:122,44:93",
gli,train,BraTS-GLI-02548-102,gli-02548,102,182x218x182,1.00x1.00x1.00,818.7763671875,0.19359158081559533,da50915d768a59f4b5be935bc2f14b1d,796dc29c306eb8604a371f818b0598d2,True,2295,109646,38741,1197,7221032,151879,"126.2,83.8,75.7","97:152,27:141,43:110",
gli,train,BraTS-GLI-02549-100,gli-02549,100,182x218x182,1.00x1.00x1.00,790.483154296875,0.2024371308699366,7c0da3d6e5f0226dbea572463408f4df,e0f96ece6a703aa110584e6874f600a3,True,8285,163084,669,4503,7221032,176541,"61.6,82.4,84.1","33:100,30:138,41:126",
gli,train,BraTS-GLI-02549-101,gli-02549,101,182x218x182,1.00x1.00x1.00,906.4247436523438,0.19990812947512213,c4319516fa6997e373a2b67ce354fb1b,ae4c3ee11597af644396026cb58aaba7,True,0,6538,2705,3108,7221032,12351,"43.1,73.5,79.3","31:75,35:94,62:97",
gli,train,BraTS-GLI-02549-102,gli-02549,102,182x218x182,1.00x1.00x1.00,886.6994018554688,0.18810496892964884,6aa6d567f2e845590ff7da432d2e046f,5fb70c5f59111b7e6dea3ccca51982d6,True,416,27624,4065,1422,7221032,33527,"44.5,77.4,73.4","30:75,37:109,52:101",
gli,train,BraTS-GLI-02552-100,gli-02552,100,182x218x182,1.00x1.00x1.00,754.7774658203125,0.17298496946142877,ffe69000551c512d746d0fc127d5c2bb,934a979126336f46aa9879ea000ede35,True,17053,49956,33439,1493,7221032,101941,"106.4,109.9,86.3","45:152,70:138,45:139",
gli,train,BraTS-GLI-02553-100,gli-02553,100,182x218x182,1.00x1.00x1.00,955.202880859375,0.19260252551158893,efdc54d4350cf3e430aa5660f92a87a9,d922d555b61629ff2b85399eaed39ec5,True,27400,107307,15275,5545,7221032,155527,"61.2,64.1,85.9","32:88,17:116,54:128",
gli,train,BraTS-GLI-02553-101,gli-02553,101,182x218x182,1.00x1.00x1.00,1771.04443359375,0.17935649641214718,5c5e848b34aec0d857437fb4dbf22947,801fedaa4abc260d7328663fd9aadf71,True,5074,25883,21553,35313,7221032,87823,"64.5,62.3,87.0","31:101,23:110,59:122",
gli,train,BraTS-GLI-02556-100,gli-02556,100,182x218x182,1.00x1.00x1.00,728.4661254882812,0.18731436171450286,d6d09bd0b3f29f338e69f9fc31810205,fa4031e86c23ffc62719bc04e051735f,True,0,81912,0,17541,7221032,99453,"51.8,94.9,78.9","21:83,45:146,45:109",
gli,train,BraTS-GLI-02556-101,gli-02556,101,182x218x182,1.00x1.00x1.00,1444.1131591796875,0.1839982152135595,ce54eeb7e42d25b8de07a3364774fc29,2072ef510bd5b9b2243360ce44d918c6,True,444,64262,15086,7042,7221032,86834,"57.6,102.7,81.6","22:88,63:144,48:116",
gli,train,BraTS-GLI-02558-100,gli-02558,100,182x218x182,1.00x1.00x1.00,1032.7706298828125,0.16283531218252462,f5f9015026e5efe045a6bed39f5af724,c1c42ea39bfb9648ca2762539c3a511e,True,0,48565,10317,28413,7221032,87295,"65.9,85.2,74.3","40:98,42:126,51:103",
gli,train,BraTS-GLI-02558-101,gli-02558,101,182x218x182,1.00x1.00x1.00,650.7965087890625,0.1608211956407339,a2ad4a1e95b403a168090c463add3ccf,32031d6f33f59f17241a275cad9368b9,True,0,19217,4525,25176,7221032,48918,"65.4,75.7,72.7","38:88,35:119,55:101",
gli,train,BraTS-GLI-02561-100,gli-02561,100,182x218x182,1.00x1.00x1.00,940.5708618164062,0.14577791650833288,e0878cc4cd5b9edcdc56c1c89d63ecd4,37506513429fc6336029b853473f7d40,True,0,15547,1406,11872,7221032,28825,"72.6,132.5,96.4","45:122,91:170,68:127",
gli,train,BraTS-GLI-02561-101,gli-02561,101,182x218x182,1.00x1.00x1.00,892.2001953125,0.1290343263954515,216d81235d1be90729b9725de066b219,f62fca64f085a17489fc1f6922989994,True,0,15858,299,5035,7221032,21192,"70.9,134.4,99.0","44:98,91:170,68:118",
gli,train,BraTS-GLI-02598-100,gli-02598,100,182x218x182,1.00x1.00x1.00,1108.4661865234375,0.15807865136174443,262fa9b1e6ba0207bbcccd4885d65b46,9052a3a979587164621a8d4cd684888d,True,0,55399,719,532,7221032,56650,"77.8,106.7,117.8","51:96,63:166,71:146",
gli,train,BraTS-GLI-02598-101,gli-02598,101,182x218x182,1.00x1.00x1.00,1502.2930908203125,0.1734303351653891,122096a01c21527219ab5de2e88e7bd6,5a087c6433df7943f009165a8623600e,True,0,51782,627,888,7221032,53297,"78.6,104.5,122.3","55:97,64:164,75:150",
gli,train,BraTS-GLI-02598-102,gli-02598,102,182x218x182,1.00x1.00x1.00,853.0121459960938,0.17499659328472716,df952657567929e4745e65bcc83df5cb,f7033f5012d5b09d665e6c6989669e5f,True,0,36331,902,1819,7221032,39052,"81.9,107.8,127.9","61:96,72:163,83:155",
gli,train,BraTS-GLI-02599-100,gli-02599,100,182x218x182,1.00x1.00x1.00,1437.3282470703125,0.19683128394944102,8b3f69a788390d3f2d98776648714687,5ed3d3b188f043625cfeb69cd2ae4322,True,1710,62573,30944,0,7221032,95227,"80.9,81.2,44.2","43:126,49:117,14:88",
gli,train,BraTS-GLI-02602-100,gli-02602,100,182x218x182,1.00x1.00x1.00,1006.5509033203125,0.18846198161149266,1567e7112abcc7874ddbcb31ea266439,0a1b3b5fb470d9c548e6461a95a4232c,True,0,33745,5685,3775,7221032,43205,"114.2,122.7,65.2","87:137,92:150,33:95",
gli,train,BraTS-GLI-02605-100,gli-02605,100,182x218x182,1.00x1.00x1.00,623.0306396484375,0.2028869280734388,c072eb0cbf1f7faa60d7ed2909600df4,315d7b2befa7f750a32a761bfc31869d,True,2,31140,5656,17646,7221032,54444,"73.9,65.2,108.0","44:95,34:96,77:138",
gli,train,BraTS-GLI-02608-100,gli-02608,100,182x218x182,1.00x1.00x1.00,832.1730346679688,0.16731417337577234,20e5de933516055cda2c1c8a0e3198e6,061adb9d66b6664868719d103daa8e6e,True,1936,149725,10129,3346,7221032,165136,"117.7,67.6,97.6","65:154,27:106,56:143",
gli,train,BraTS-GLI-02608-101,gli-02608,101,182x218x182,1.00x1.00x1.00,1199.8717041015625,0.1727976001214231,d7e95660b95c191feef8776357217842,176086fed1448ae1dc1417a4fb4c0be9,True,458,111472,18454,833,7221032,131217,"114.4,65.1,97.2","60:155,26:127,56:141",
gli,train,BraTS-GLI-02608-102,gli-02608,102,182x218x182,1.00x1.00x1.00,894.1216430664062,0.1542843183633586,56df35447fd183be531ffcc947ac4f3b,e2ce24972e9feb01d42a3664fc1dd502,True,372,86910,15064,1234,7221032,103580,"112.1,63.8,101.9","62:146,28:101,63:137",
gli,train,BraTS-GLI-02608-103,gli-02608,103,182x218x182,1.00x1.00x1.00,845.4130859375,0.15290238292809116,494d72050d69a519009ab42c2c665ae9,a46072f7a14efb18da725697d1c5fbcf,True,2,73738,13221,3802,7221032,90763,"112.2,62.0,101.0","64:146,29:98,63:136",
gli,train,BraTS-GLI-02608-104,gli-02608,104,182x218x182,1.00x1.00x1.00,869.5473022460938,0.15498920375924105,42193630ece544f30229d2076b3bebc6,67d6cc539c4710fd6f7e340646e1ebd2,True,0,68467,9563,7972,7221032,86002,"111.7,62.1,101.3","67:145,29:99,64:135",
gli,train,BraTS-GLI-02608-105,gli-02608,105,182x218x182,1.00x1.00x1.00,597.4263305664062,0.17890323709962785,b120681dfa9e264862019accad76aaef,8a5f1bf0b1a3971f0ca3f975c1a7fc19,True,0,32442,11490,13986,7221032,57918,"110.3,60.9,104.6","66:138,32:97,71:138",
gli,train,BraTS-GLI-02609-100,gli-02609,100,182x218x182,1.00x1.00x1.00,1460.8673095703125,0.1729874621799211,b18fffcabd6768a434f81b604b2c9dd7,7314133e082fc2e8ebfb8848aa3a19e7,True,255,10747,7690,0,7221032,18692,"108.2,93.6,88.4","91:123,57:152,63:122",
gli,train,BraTS-GLI-02609-101,gli-02609,101,182x218x182,1.00x1.00x1.00,1121.643798828125,0.18370822896228683,0e33ac929c040082186a9683058b624f,3cfd50d6119749757747e16815dfc34c,True,430,18203,9484,0,7221032,28117,"107.2,92.7,82.8","87:124,56:154,53:124",
gli,train,BraTS-GLI-02609-102,gli-02609,102,182x218x182,1.00x1.00x1.00,1092.96484375,0.16555763774485419,4e875176663f9660c9244fb9a5b6b5db,f9be788222dc2d33ff2543b0962df00d,True,349,18563,6822,0,7221032,25734,"107.6,91.0,83.6","86:124,52:155,49:118",
gli,train,BraTS-GLI-02609-103,gli-02609,103,182x218x182,1.00x1.00x1.00,1012.6231079101562,0.17302471447294515,794ebd0237f960d75db391025eee8fc0,9d9f7a3115ba4b773a11a36a6a272ff4,True,133,20026,5506,0,7221032,25665,"110.0,89.4,78.2","89:126,52:154,43:113",
gli,train,BraTS-GLI-02609-104,gli-02609,104,182x218x182,1.00x1.00x1.00,623.9353637695312,0.19361415376638685,38a68e85cf571a20850ef0175775f55d,a614e0421b8865464ba4175af1212660,True,1119,27973,9723,0,7221032,38815,"114.9,92.5,89.8","92:134,48:155,59:122",
gli,train,BraTS-GLI-02610-100,gli-02610,100,182x218x182,1.00x1.00x1.00,639.5399169921875,0.15937458800902696,db788f5c2d46fc1166dd1126673b5b58,4050ccf1623222a4f22fa150aa5e2854,True,0,83450,0,8556,7221032,92006,"117.0,91.5,91.1","90:148,40:135,58:127",
gli,train,BraTS-GLI-02610-101,gli-02610,101,182x218x182,1.00x1.00x1.00,958.8497314453125,0.15392301266633357,0af6a9dc1d1e0ce064c4db7f5cb6d66d,714ed34d9dfdf57388f20334a63d78f4,True,0,71850,2172,1693,7221032,75715,"120.2,96.6,92.4","74:150,45:141,47:128",
gli,train,BraTS-GLI-02610-102,gli-02610,102,182x218x182,1.00x1.00x1.00,1316.0548095703125,0.16030021747584003,2749d8c1c3c250541c9457b0f578475f,63c4e6f4eac817f2f5dfa6dc97cf20a5,True,0,86214,476,4863,7221032,91553,"119.1,100.8,94.1","98:144,41:150,48:136",
gli,train,BraTS-GLI-02623-100,gli-02623,100,182x218x182,1.00x1.00x1.00,1000.4578857421875,0.1740107231210165,70dbd733caf1446b9bd1edeb3a007874,ca2f368921c212ba68f06d3f17a72c31,True,0,9608,9,2982,7221032,12599,"85.0,76.4,99.8","74:92,45:109,80:121",
gli,train,BraTS-GLI-02623-101,gli-02623,101,182x218x182,1.00x1.00x1.00,1693.0880126953125,0.17964302055440276,dea92df8ea01193fcd269e03d77fd2d0,0fed716994a5f33554d16f785fb08f78,True,0,801,0,150,7221032,951,"87.3,81.9,106.0","81:90,67:98,97:111",
gli,train,BraTS-GLI-02623-102,gli-02623,102,182x218x182,1.00x1.00x1.00,985.4761352539062,0.14372100829909076,22d2379de1d34d65d28dfd0559997e6d,f62b4483e3335f9c4cba34f7cd66415b,True,0,1550,0,0,7221032,1550,"86.3,83.4,107.4","65:89,54:109,54:125",
gli,train,BraTS-GLI-02625-100,gli-02625,100,182x218x182,1.00x1.00x1.00,1145.2218017578125,0.16620519061541342,b0e7ed895b5bc60d7180702f215e3b54,93470ae07e612b5b3befff54b2e5b186,True,0,294,0,173,7221032,467,"42.0,80.8,53.3","36:47,75:87,50:56",
gli,train,BraTS-GLI-02631-100,gli-02631,100,182x218x182,1.00x1.00x1.00,622.8571166992188,0.17168917129850692,f215f1a6e28e2bea6acd73bfc40ed9ae,8dbf8e26babc05c2cb2f5e2a4d473321,True,0,10012,0,76,7221032,10088,"63.9,119.2,99.5","43:90,75:156,80:117",
gli,train,BraTS-GLI-02631-101,gli-02631,101,182x218x182,1.00x1.00x1.00,759.6390991210938,0.16482948697637678,039269e090a7365a221d1f84a5e5dfaf,35e5170cb1566191456e9c0a663ae11f,True,0,5151,0,105,7221032,5256,"72.6,93.1,92.0","38:85,73:140,77:112",
gli,train,BraTS-GLI-02632-100,gli-02632,100,182x218x182,1.00x1.00x1.00,1082.19580078125,0.17461299160563198,7f9df81dbf28c10279a3673e9a8e68bd,647a55de02747e9fb9d2d6d353d2406f,True,0,15241,1966,17915,7221032,35122,"119.2,53.3,84.5","100:140,29:84,64:110",
gli,train,BraTS-GLI-02632-101,gli-02632,101,182x218x182,1.00x1.00x1.00,1400.2158203125,0.1669013514965728,e6ddf935fb479a905f1fd97c50091fff,761ac0f669819405e7999c8e68c1b260,True,45,8738,6998,2899,7221032,18680,"121.8,51.6,89.8","103:140,31:81,70:107",
gli,train,BraTS-GLI-02632-102,gli-02632,102,182x218x182,1.00x1.00x1.00,898.6237182617188,0.15207535432608524,6a5f62bd228f859afd2e733590328f14,4255ad66d8edcb8539eee4c4fd13f066,True,71,35312,9471,2751,7221032,47605,"122.1,59.2,87.0","98:147,29:98,57:115",
gli,train,BraTS-GLI-02632-103,gli-02632,103,182x218x182,1.00x1.00x1.00,711.3092651367188,0.16106146600652096,aee1eaab89e182893fe3fd75b2b3c9e3,682192691aa0516868b1b9e5489f4273,True,0,46338,5731,19213,7221032,71282,"119.8,68.0,97.0","91:151,32:105,68:128",
gli,train,BraTS-GLI-02632-104,gli-02632,104,182x218x182,1.00x1.00x1.00,1314.1593017578125,0.17604201172353204,2a138886a428a1b6b2c39363734dc323,8d131ce227ebd7ee5444afb9535da8ad,True,0,226666,12746,25203,7221032,264615,"115.0,76.4,92.3","63:153,17:138,50:144",
gli,train,BraTS-GLI-02633-100,gli-02633,100,182x218x182,1.00x1.00x1.00,1100.828857421875,0.19771176751467104,5e8b084a2a9ff96c6ffbbf3921e4a7b7,4400e5b66ad018190a3946d444456273,True,0,32691,5212,4994,7221032,42897,"113.9,120.3,67.7","88:136,90:144,35:96",
gli,train,BraTS-GLI-02634-100,gli-02634,100,182x218x182,1.00x1.00x1.00,752.3652954101562,0.1928793557485966,9aff4ee7809f90a4f9f9e9ffb76234a9,d0d90f392c5658c01b4214ed56ad6506,True,0,20202,3421,5667,7221032,29290,"124.3,117.6,61.6","102:149,90:141,42:80",
gli,train,BraTS-GLI-02634-101,gli-02634,101,182x218x182,1.00x1.00x1.00,1048.2462158203125,0.19891311934360628,518e905cc79e40ce03c7804181c45648,664cc40d79fc4d9a6e16bb657c4fd4f1,True,0,83994,31738,2306,7221032,118038,"128.5,101.6,76.2","96:157,62:140,42:107",
gli,train,BraTS-GLI-02635-100,gli-02635,100,182x218x182,1.00x1.00x1.00,1031.0257568359375,0.14337452042865895,5ee11fac04a36042af295e0f8ad6d329,0d3245c2356e01afb2c67d1c507d3613,True,0,9080,0,0,7221032,9080,"125.9,109.0,78.3","118:136,89:131,60:93",
gli,train,BraTS-GLI-02635-101,gli-02635,101,182x218x182,1.00x1.00x1.00,986.314208984375,0.18225358923766022,e0a6824ee0127671ce07569c0a74e21b,6da041121304682a7b0fc80736579c23,True,0,31233,0,0,7221032,31233,"119.6,91.1,96.2","100:140,36:152,62:124",
gli,train,BraTS-GLI-02636-100,gli-02636,100,182x218x182,1.00x1.00x1.00,1182.4254150390625,0.15724954549432824,b60e269c7deaed7c62625639844e255e,e9da2a7082e394104e59f45dfc66d80a,True,0,5364,0,3680,7221032,9044,"83.5,68.3,48.5","56:99,41:85,29:65",
gli,train,BraTS-GLI-02637-100,gli-02637,100,182x218x182,1.00x1.00x1.00,1037.0526123046875,0.22747551873471825,9f2734d7829fe2707f7f1ec2ea3294d4,a5ff356666416b8d3903d2d19c1e75d3,True,0,13286,5943,6546,7221032,25775,"63.1,124.5,120.5","38:85,106:145,103:138",
gli,train,BraTS-GLI-02637-101,gli-02637,101,182x218x182,1.00x1.00x1.00,969.5921630859375,0.1774132838630268,cb503ef4ab33fcfe7f67805af3642aba,aa6bc3c305fe120b31013289c5009521,True,0,45327,0,2917,7221032,48244,"67.2,126.5,118.7","38:90,98:157,94:147",
gli,train,BraTS-GLI-02638-100,gli-02638,100,182x218x182,1.00x1.00x1.00,726.7653198242188,0.19938493556045728,ced93132ad871238872b930b82342ada,26ac7713a7c889a00593e7ecd1c09d80,True,0,64865,6204,34130,7221032,105199,"115.0,112.6,82.3","77:154,73:153,57:111",
gli,train,BraTS-GLI-02638-101,gli-02638,101,182x218x182,1.00x1.00x1.00,957.63623046875,0.2161526219520977,560c24aedfe06340504b36152a8755da,a94ee7980198d6bd922f543a6d272790,True,0,73286,652,10728,7221032,84666,"127.3,113.9,85.2","94:157,42:160,45:128",
gli,train,BraTS-GLI-02647-100,gli-02647,100,182x218x182,1.00x1.00x1.00,4062.93017578125,0.2573551813646581,1f22e3d8e1d39247420941716848cb68,dbef4d86b881a2a40062f67cfe11c121,True,0,42430,0,104333,7221032,146763,"122.1,155.9,70.4","67:155,100:198,0:112",
gli,train,BraTS-GLI-02648-100,gli-02648,100,182x218x182,1.00x1.00x1.00,11864.0,0.2571305597316284,d8883ee36bb631522f245d34ba183307,a2ebc7c4bc1c4f1927e580822c5f4c37,True,0,21267,0,20114,7221032,41381,"59.4,154.4,104.1","33:110,132:179,81:132",
gli,train,BraTS-GLI-02649-100,gli-02649,100,182x218x182,1.00x1.00x1.00,15132.0,0.2551043950504582,b0487d935282ad6df2efb297f38415af,513e79060d5e65688b69f9e79d642548,True,0,18746,770,9103,7221032,28619,"120.7,169.6,80.4","107:139,150:192,55:108",
gli,train,BraTS-GLI-02650-100,gli-02650,100,182x218x182,1.00x1.00x1.00,4349.8759765625,0.25887283147339607,abcf45949462c949bf94a236479c6ff0,7a2c76bb0ce324222dd3ffeeb109be9a,True,0,58240,3430,2008,7221032,63678,"101.2,104.2,114.3","58:181,49:148,74:150",
gli,train,BraTS-GLI-02651-100,gli-02651,100,182x218x182,1.00x1.00x1.00,3084.474853515625,0.2600986950341724,85c29773b43f8230b46a5f04da4b6c2d,533e0e148d94b75202bd87c6676fd6fb,True,0,18246,335,60982,7221032,79563,"118.9,153.7,97.8","95:147,101:192,66:131",
gli,train,BraTS-GLI-02652-100,gli-02652,100,182x218x182,1.00x1.00x1.00,4245.18017578125,0.2591345669150891,fcc7175762a429fda6ef16cef07655f7,53c0a0e773312fe0c2b6dc45b160738a,True,0,57718,98,42891,7221032,100707,"113.6,161.3,71.1","19:142,50:198,40:108",
gli,train,BraTS-GLI-02653-100,gli-02653,100,182x218x182,1.00x1.00x1.00,3722.1689453125,0.2568625924937045,38a8ec53d021c374ce4d8bed5ffa63cd,cef70fae3c03a0af06d45bf913bc21fa,True,0,7223,0,17863,7221032,25086,"137.8,100.4,104.3","114:157,74:121,82:129",
gli,train,BraTS-GLI-02654-100,gli-02654,100,182x218x182,1.00x1.00x1.00,4751.80859375,0.2589505211997399,fa7b611a00038b78721953b8fda6a186,3be761bcff0a7138ab6b0e2d731f84ab,True,172,65282,2374,36949,7221032,104777,"110.1,160.8,83.4","51:146,101:197,46:136",
gli,train,BraTS-GLI-02655-100,gli-02655,100,182x218x182,1.00x1.00x1.00,3450.671875,0.25978752067571503,034c28c3be6c45fe0d85ae1217c3407e,7c6c684c9d3a383999dee099cc93fdfe,True,0,37788,0,23345,7221032,61133,"67.4,69.6,121.7","16:88,39:179,91:153",
gli,train,BraTS-GLI-02656-100,gli-02656,100,182x218x182,1.00x1.00x1.00,5954.0,0.25985413165320415,dc41dba25d6836cadb201362ed83dc22,13765d52fc1f677be9cfb3a5ee59e5bf,True,0,122101,11,66202,7221032,188314,"50.0,118.8,76.9","23:78,80:155,18:134",
gli,train,BraTS-GLI-02657-100,gli-02657,100,182x218x182,1.00x1.00x1.00,4075.39404296875,0.2617617537216287,254be90af921ef28a37ae613c26a53cf,5a5b5acbca46bc63630a40fa4f6f0e57,True,0,3117,0,30786,7221032,33903,"60.0,77.9,117.4","40:81,54:100,94:144",
gli,train,BraTS-GLI-02658-100,gli-02658,100,182x218x182,1.00x1.00x1.00,3898.323486328125,0.26352313630517077,4f7f8621a55c68c5a999dff28a580099,34bd9cc906da1ce265eb56e2048150c6,True,0,33924,0,0,7221032,33924,"52.9,126.5,73.0","31:93,80:156,37:115",
gli,train,BraTS-GLI-02659-100,gli-02659,100,182x218x182,1.00x1.00x1.00,4823.17431640625,0.2602828792338824,ff047a2598ea5a372a8653dc108dfe30,45b7c590a977f8a79f85db60942ed37c,True,0,22615,2,11718,7221032,34335,"54.3,160.6,80.6","33:76,138:189,53:108",
gli,train,BraTS-GLI-02660-100,gli-02660,100,182x218x182,1.00x1.00x1.00,4093.13427734375,0.2576923907829241,412fff7db0e55c9ae31c21a5673c7213,697b2772b97bef9de4f4f2ca2613a0d3,True,13036,78149,23998,78356,7221032,193539,"63.0,75.6,108.0","26:181,32:158,59:154",
gli,train,BraTS-GLI-02661-100,gli-02661,100,182x218x182,1.00x1.00x1.00,4007.24609375,0.2603281636198261,3234fe47b295ec4bafeb335a7956f2fa,1fd8ac52b6b758c5c977d40232c898dc,True,0,2125,0,50558,7221032,52683,"131.5,126.0,43.3","106:157,99:154,21:65",
gli,train,BraTS-GLI-02662-100,gli-02662,100,182x218x182,1.00x1.00x1.00,9889.0,0.2579280911648086,4b8c9d6341242ead3e21f921ccdd2367,2cbce41851c5451ad2451a807daf15bd,True,0,10855,0,33443,7221032,44298,"129.4,88.2,116.9","108:156,64:109,83:147",
gli,train,BraTS-GLI-02663-100,gli-02663,100,182x218x182,1.00x1.00x1.00,3849.348388671875,0.2575471206885664,79e905c6f1993b116e84250131ea74cc,15099655f516f98ee66dfb8b1c27c9c9,True,1000,108222,18996,37219,7221032,165437,"72.6,154.1,95.7","34:121,97:196,49:149",
gli,train,BraTS-GLI-02664-100,gli-02664,100,182x218x182,1.00x1.00x1.00,3833.89599609375,0.25752496319085694,ff036857cacb256a481d1aaf56ac9660,7069cf283b038c586913e4531db95d7b,True,0,37590,0,94832,7221032,132422,"107.3,160.3,99.5","59:143,117:197,61:142",
gli,train,BraTS-GLI-02665-100,gli-02665,100,182x218x182,1.00x1.00x1.00,3538.226318359375,0.25842428062913997,0fa321de9ba51bcdf92df495f3efea5c,ef77fb99cead84e41ddd1e4545592acd,True,0,32254,0,29347,7221032,61601,"107.4,167.2,98.9","70:132,133:195,63:138",
gli,train,BraTS-GLI-02666-100,gli-02666,100,182x218x182,1.00x1.00x1.00,15521.0,0.2588646608961157,8fff8ca1201beaf5a32a230bfeaaa85b,5879e2b00ff6e73de1ff9f94eaa883cf,True,0,30810,0,60260,7221032,91070,"110.7,169.6,90.0","69:144,137:198,49:132",
gli,train,BraTS-GLI-02675-100,gli-02675,100,182x218x182,1.00x1.00x1.00,11207.0,0.26217623741315643,6a3997556407b4e0416953b0849c6af8,15983f6826c0fc0be944dbc51da4910a,True,0,89281,8500,17911,7221032,115692,"70.4,160.9,84.2","33:116,99:201,40:123",
gli,train,BraTS-GLI-02685-100,gli-02685,100,182x218x182,1.00x1.00x1.00,3792.32470703125,0.2577213340143071,259f159519f99172a19e4afc53178a9e,f693cfbc0694feaa21af3b907217f617,True,1277,93018,4177,7975,7221032,106447,"109.2,162.2,84.8","62:145,93:195,48:135",
gli,train,BraTS-GLI-02688-100,gli-02688,100,182x218x182,1.00x1.00x1.00,3674.135986328125,0.2643885250750862,8e969cc4388b122a39b7a429c03255b9,618da22b44abd053dace3a7aaa7434b3,True,0,13334,0,6601,7221032,19935,"105.7,148.2,123.5","90:120,127:174,91:144",
gli,train,BraTS-GLI-02689-100,gli-02689,100,182x218x182,1.00x1.00x1.00,18300.0,0.2540935977018243,55a7ce38d72375a0bc625816ee2fd776,035a242e1ed2da8438ecd47db6fac37f,True,2732,28925,11232,0,7221032,42889,"120.1,76.9,90.5","91:148,36:121,40:132",
gli,train,BraTS-GLI-02693-100,gli-02693,100,182x218x182,1.00x1.00x1.00,7759.0,0.25783392179954334,8347db63b0344cbb084198fe210b1369,07506218dd273c6392b6d55fbbb2134d,True,0,61747,0,0,7221032,61747,"118.1,130.6,62.2","86:142,100:159,28:92",
gli,train,BraTS-GLI-02694-100,gli-02694,100,182x218x182,1.00x1.00x1.00,4959.0,0.2545112665336478,1c6d2c836a0a09d4f513242b422e1bff,64697ad1a9a1f08c95b446e54da4e2eb,True,0,35894,1010,42235,7221032,79139,"128.4,113.6,68.0","102:155,58:169,25:114",
gli,train,BraTS-GLI-02698-100,gli-02698,100,182x218x182,1.00x1.00x1.00,4127.0,0.25458369385428564,45368b295fd79e0926b5f0ef3961db6b,39bb4c45d43c2ff30f23643b1f016c43,True,0,16296,0,41137,7221032,57433,"135.5,120.7,51.7","108:158,60:150,22:90",
gli,train,BraTS-GLI-02699-100,gli-02699,100,182x218x182,1.00x1.00x1.00,3798.0,0.24629152730523837,179b401cc8c8ca149103c8ad1de425a2,fa81f1262854dbce018a7b1e1d0058c1,True,459,132750,14387,0,7221032,147596,"72.2,126.0,95.0","38:121,67:174,56:145",
gli,train,BraTS-GLI-02701-100,gli-02701,100,182x218x182,1.00x1.00x1.00,4070.8896484375,0.2603918664257408,bd47248c5ea11fecee8865412d55c249,8386d1d8fc31713c461bf9fbf1341ed5,True,0,24210,0,12870,7221032,37080,"112.1,164.6,104.4","90:133,134:193,74:134",
gli,train,BraTS-GLI-02707-100,gli-02707,100,182x218x182,1.00x1.00x1.00,10289.0,0.25473159515149635,53d8c771e17aac42fa864f048e0c72f6,5aaa1de20a510a85562edc16c1107359,True,0,62406,0,22635,7221032,85041,"51.9,99.4,102.2","23:79,57:158,71:131",
gli,train,BraTS-GLI-02708-100,gli-02708,100,182x218x182,1.00x1.00x1.00,9810.0,0.2532236389480063,15e4af47b1f06bff60e212ace952bfa6,8c4c711f555e172cb142e243aa1b845a,True,0,44061,0,191,7221032,44252,"77.7,157.0,73.9","48:110,115:185,35:107",
gli,train,BraTS-GLI-02709-100,gli-02709,100,182x218x182,1.00x1.00x1.00,9751.0,0.2564954704535307,0d528ea9e1975817666095c6ea7247d5,8be5aea97bbadea21747bfd91e1e2660,True,0,11708,0,2908,7221032,14616,"132.3,101.0,108.2","101:154,71:125,88:130",
gli,train,BraTS-GLI-02710-100,gli-02710,100,182x218x182,1.00x1.00x1.00,4221.66650390625,0.2574035124065369,6ef90b47736cf24f90f50e98dbd7e6ca,fcf53f431566448109e333223b651835,True,0,117214,0,16887,7221032,134101,"80.5,118.7,115.9","34:137,68:168,71:156",
gli,train,BraTS-GLI-02717-100,gli-02717,100,182x218x182,1.00x1.00x1.00,16074.0,0.25771177859341987,d8490573c836739dc96985d8ee28c1be,37162f1509424447b52ff7f057ecea89,True,0,11553,0,4861,7221032,16414,"69.8,63.1,35.8","53:88,41:101,17:57",
gli,train,BraTS-GLI-02718-100,gli-02718,100,182x218x182,1.00x1.00x1.00,12325.0,0.25389390325371775,7a06d0129e3a50af1f0c34691868c56b,26c2ad2d12ca866347f2f1c159c4e220,True,0,89982,550,12770,7221032,103302,"113.1,69.3,90.3","51:145,25:127,53:130",
gli,train,BraTS-GLI-02719-100,gli-02719,100,182x218x182,1.00x1.00x1.00,12202.0,0.25685262161973527,8f575e11d706b1342a39de2e35ee2619,2567c45f83cf5dc166780dff58d5d5e9,True,0,22332,0,13382,7221032,35714,"58.8,142.2,114.5","33:81,104:166,84:138",
gli,train,BraTS-GLI-02720-100,gli-02720,100,182x218x182,1.00x1.00x1.00,3946.240478515625,0.2626642563002075,c41bc060c076e1c835bc862503d233aa,6581d22b8cf4eebcd537826dbda38ad3,True,0,10678,0,19753,7221032,30431,"117.6,176.8,62.3","94:141,150:198,49:78",
gli,train,BraTS-GLI-02721-100,gli-02721,100,182x218x182,1.00x1.00x1.00,14683.0,0.25970733823087894,2af48a8bda553331b3c55636a2da0d3a,0d71810aea873a233acb5df4619c9e2f,True,0,34373,1,11792,7221032,46166,"109.8,167.1,99.0","93:131,140:194,67:138",
gli,train,BraTS-GLI-02722-100,gli-02722,100,182x218x182,1.00x1.00x1.00,11403.0,0.25590026467131016,c4755ffe88c89a7a19a4b0da290a357b,bca09a3f0762b8bbbe6b59168d6daaee,True,0,23766,0,688,7221032,24454,"108.9,67.9,88.3","91:131,40:106,62:106",
gli,train,BraTS-GLI-02723-100,gli-02723,100,182x218x182,1.00x1.00x1.00,5652.0,0.2553763783348419,ff049f83696d0f3d4496d6c2b6a64e75,63d2ef0c6bf09876d44b6b606476dcce,True,0,107087,608,11401,7221032,119096,"110.8,81.0,113.1","64:146,43:123,63:157",
gli,train,BraTS-GLI-02724-100,gli-02724,100,182x218x182,1.00x1.00x1.00,13121.0,0.25186399949480903,ae2e807522a836428da23b55a4693bdc,ed9fbc8900785667690b8e625de2cac1,True,371,149159,93,3666,7221032,153289,"96.4,139.7,101.6","40:142,78:195,59:139",
gli,train,BraTS-GLI-02725-100,gli-02725,100,182x218x182,1.00x1.00x1.00,7381.0,0.2625040298948959,cce6c37c2670596b0ace617f83a5b4a0,534a24a1d13c6984ac1f83cca2b612eb,True,0,22036,0,844,7221032,22880,"102.9,115.8,123.7","89:126,76:141,102:151",
gli,train,BraTS-GLI-02726-100,gli-02726,100,182x218x182,1.00x1.00x1.00,3737.24755859375,0.2620938392185494,1fe4681dab0d56bac96642f69d87c7a2,9fb926e93cff7088dbe8e0558a7f6c17,True,0,26119,582,10897,7221032,37598,"71.2,132.5,121.1","49:110,96:164,86:151",
gli,train,BraTS-GLI-02727-100,gli-02727,100,182x218x182,1.00x1.00x1.00,4692.7734375,0.2557649654509217,f6a8b4c158552a0937a7104802d88a4a,a2844178fa641ef7fb68548bcbcc3f77,True,13132,136898,42981,4904,7221032,197915,"50.7,99.0,91.9","21:94,49:156,29:143",
gli,train,BraTS-GLI-02735-100,gli-02735,100,182x218x182,1.00x1.00x1.00,7480.146484375,0.18133917700406257,c2de621bc5ee904e5a55e2d3de4d2633,18c236041655429b969fc2c996860a58,True,0,21178,847,28445,7221032,50470,"62.8,157.3,93.4","41:80,120:191,63:126",
gli,train,BraTS-GLI-02735-101,gli-02735,101,182x218x182,1.00x1.00x1.00,10550.294921875,0.17700835559238623,5741dd9dfb238b0db4d091dafb643106,bc761b0efe1364711ae5ae98d6be6457,True,0,18069,302,29948,7221032,48319,"63.2,155.7,93.8","42:81,121:189,64:126",
gli,train,BraTS-GLI-02736-100,gli-02736,100,182x218x182,1.00x1.00x1.00,9026.990234375,0.20914545178583893,da5611e362dadb5b206bcb977f1bc429,2288347f06dd7bd6d390607a1d014dd9,True,0,8137,0,0,7221032,8137,"71.0,129.7,95.9","51:86,116:147,86:112",
gli,train,BraTS-GLI-02736-101,gli-02736,101,182x218x182,1.00x1.00x1.00,8015.9931640625,0.19706366070666909,49f4c548b8d0648d579bd17325b5ffab,ba84f627bdbff2ee6bc161f6cd825d0f,True,0,8365,0,0,7221032,8365,"70.9,128.5,96.4","50:85,114:144,85:117",
gli,train,BraTS-GLI-02737-100,gli-02737,100,182x218x182,1.00x1.00x1.00,10015.533203125,0.2171515096457127,ef61262ee70f4dc12456735b25696fc6,88377365303b3717fadfc9b3512b48f3,True,0,70913,9727,7123,7221032,87763,"70.8,148.4,105.2","33:114,91:188,74:139",
gli,train,BraTS-GLI-02737-101,gli-02737,101,182x218x182,1.00x1.00x1.00,7342.0400390625,0.20731067249113422,a1ac69b02278e47677deb30d839b165a,768bade7c3a7db82b35ac2ba63b195e8,True,0,69559,6422,9091,7221032,85072,"71.6,147.9,106.1","34:114,90:190,75:139",
gli,train,BraTS-GLI-02739-100,gli-02739,100,182x218x182,1.00x1.00x1.00,6832.3291015625,0.19116602723821194,2ba78e8deb5b1c0493a15750d3399600,3fdc3d74189cc6f94b7bc151bdf032ab,True,0,9346,2555,14393,7221032,26294,"75.2,167.6,79.0","58:89,142:190,49:107",
gli,train,BraTS-GLI-02739-101,gli-02739,101,182x218x182,1.00x1.00x1.00,8312.6796875,0.1837006123224492,9189fffeab52a2b7483f706a00f8fb9b,20a829cfa60206a5f9eea59da3d34cc8,True,0,9405,2713,18750,7221032,30868,"74.2,167.4,78.7","56:90,141:189,50:111",
gli,train,BraTS-GLI-02740-100,gli-02740,100,182x218x182,1.00x1.00x1.00,5945.392578125,0.2128474157156484,fd0d36ef4abec6202d48a0690b4cc064,d5a188acc64da4ea9a4451cc30cabd1f,True,7213,56092,13581,0,7221032,76886,"74.1,130.8,101.0","42:117,30:189,69:136",
gli,train,BraTS-GLI-02740-101,gli-02740,101,182x218x182,1.00x1.00x1.00,6530.3828125,0.20598994714328922,e90dbe2ce4b1b50371851a5ea65766c2,76b2cd677f0acaf849951f9eb4e5e9d4,True,6805,74189,10517,0,7221032,91511,"74.3,125.7,105.4","42:127,31:189,70:142",
gli,train,BraTS-GLI-02741-100,gli-02741,100,182x218x182,1.00x1.00x1.00,7565.36474609375,0.211776793123199,5cf0e2352a3153f8455ea58e8527f71f,bbdd5f87d930baf60d256915194aa611,True,0,3200,0,0,7221032,3200,"84.0,68.8,84.1","76:90,57:82,74:94",
gli,train,BraTS-GLI-02741-101,gli-02741,101,182x218x182,1.00x1.00x1.00,9200.216796875,0.20949027784394253,55f6785bdb287e4f699aa0fe0de3b1b3,132a98557e3f65404fe0e1669a5febab,True,0,3218,0,0,7221032,3218,"84.0,68.7,84.0","76:90,57:81,74:94",
gli,train,BraTS-GLI-02742-100,gli-02742,100,182x218x182,1.00x1.00x1.00,8134.51171875,0.22846305071075712,7eb134f551568f63e4b52e7460de5b5b,cff9baa6f682831a02ebd9b3623912fc,True,5798,43482,33685,3876,7221032,86841,"61.9,110.1,90.9","33:90,57:155,49:138",
gli,train,BraTS-GLI-02742-101,gli-02742,101,182x218x182,1.00x1.00x1.00,7393.41796875,0.21049124280296777,251f6aace5bb2242e5a2c4477914b9dd,16bc97e1943010c17289cfc4ca5cf81c,True,9227,72260,33954,4374,7221032,119815,"63.7,105.6,96.3","33:99,45:160,51:140",
gli,train,BraTS-GLI-02743-100,gli-02743,100,182x218x182,1.00x1.00x1.00,6990.55810546875,0.22218777039071425,8add36fcfe8db5ced7269c5861c1c409,e32f45a63a7e71a7b8e485ccae2a1f6e,True,0,34856,616,70166,7221032,105638,"103.8,117.3,129.5","85:137,66:179,91:160",
gli,train,BraTS-GLI-02743-101,gli-02743,101,182x218x182,1.00x1.00x1.00,6526.01708984375,0.21381860653712656,a89fb4399130a6612d4ecbeaac1fb438,eb6d5e7515ce7a4060f3effd78edff74,True,0,37438,1340,65655,7221032,104433,"104.5,117.4,127.7","86:138,65:179,90:155",
gli,train,BraTS-GLI-02744-100,gli-02744,100,182x218x182,1.00x1.00x1.00,8037.73046875,0.19256707351525376,0726ebf4c0bbf57bb702de6071f89f96,641defeb5b78362e691a7d8459cfc575,True,0,70729,68,22237,7221032,93034,"100.9,118.4,123.3","56:135,65:170,91:151",
gli,train,BraTS-GLI-02744-101,gli-02744,101,182x218x182,1.00x1.00x1.00,10334.77734375,0.19221006083340997,dd179d82983cf41e9eb10384b4f02aaf,28413c4342bf89744f77906e66bb16a7,True,0,68564,51,22666,7221032,91281,"98.9,117.5,123.9","55:135,64:170,91:151",
gli,train,BraTS-GLI-02745-100,gli-02745,100,182x218x182,1.00x1.00x1.00,5377.3662109375,0.26669304332123167,3b23a4b5e1afcf759d90cd08138e5108,d1220e708b4711bf6c451cffeb71c86c,True,106,8491,8380,0,7221032,16977,"62.4,70.2,49.6","42:90,46:102,29:67",
gli,train,BraTS-GLI-02745-101,gli-02745,101,182x218x182,1.00x1.00x1.00,6880.97216796875,0.2580078581565627,e84dc04e34666b0743e3c341e7d1f8e5,41ffd0a4b9ae824e4dc391939ee52947,True,183,8473,10218,0,7221032,18874,"62.1,70.3,49.4","40:92,46:103,28:67",
gli,train,BraTS-GLI-02746-100,gli-02746,100,182x218x182,1.00x1.00x1.00,9757.3173828125,0.22825573962281293,d9317431ab5f657b8e46600b98d73537,ef94c3b53eb19d3aa34bc1c5f2b4b3ab,True,0,18093,120,13040,7221032,31253,"70.2,50.8,111.0","44:90,29:78,88:139",
gli,train,BraTS-GLI-02746-101,gli-02746,101,182x218x182,1.00x1.00x1.00,8919.2646484375,0.22298211668359869,271bdbef9aee3811bf8ba7bc2320303f,a5ad8c46a4c160f3a6e7f68d2c8d83d3,True,0,18696,68,11391,7221032,30155,"70.8,51.6,111.4","45:90,30:79,88:140",
gli,train,BraTS-GLI-02747-100,gli-02747,100,182x218x182,1.00x1.00x1.00,8414.923828125,0.2160765940380821,1c946bd45715d35c0755492813f9725c,56fb98bc9ca9f76e3298fe7583dbb262,True,0,14262,5405,7530,7221032,27197,"76.4,156.5,103.2","55:97,100:195,67:136",
gli,train,BraTS-GLI-02747-101,gli-02747,101,182x218x182,1.00x1.00x1.00,8606.76953125,0.20755662071570932,70419d5a4656f3f9e50e088ad2ad67da,425f4388f756e35b92ff6929100fd8a7,True,0,14064,6692,4366,7221032,25122,"76.5,155.6,103.9","56:97,126:194,65:135",
gli,train,BraTS-GLI-02748-100,gli-02748,100,182x218x182,1.00x1.00x1.00,6557.8037109375,0.2406356875305358,f0971085c895107dd0a3faf81c62b312,d1a9b7af1c2bb3e021bedf15eabdd9e7,True,2688,47488,11638,0,7221032,61814,"121.0,126.7,86.8","97:139,83:165,55:117",
gli,train,BraTS-GLI-02748-101,gli-02748,101,182x218x182,1.00x1.00x1.00,7966.724609375,0.2317413909812337,374aebad547375e73d877ebe07df10ce,48a0d05e4222ef8700977708bf8424c9,True,3263,23883,9748,0,7221032,36894,"121.5,129.8,90.9","101:139,79:173,61:121",
gli,train,BraTS-GLI-02750-100,gli-02750,100,182x218x182,1.00x1.00x1.00,9091.2265625,0.15528334454133425,4e899ab84666dccafbfd8b08674b6376,4a8ad8ec54a4d5517d43127e13fc7d54,True,0,7680,1351,2325,7221032,11356,"124.1,62.7,40.1","101:139,45:83,26:51",
gli,train,BraTS-GLI-02750-101,gli-02750,101,182x218x182,1.00x1.00x1.00,7594.28515625,0.1548926801598442,8f1c8b1ab9c197ab460b5614542dc259,20f8b06e8dce17256f55d6c62d61731d,True,0,9231,1587,1647,7221032,12465,"123.7,62.0,40.2","101:139,44:85,25:52",
gli,train,BraTS-GLI-02751-100,gli-02751,100,182x218x182,1.00x1.00x1.00,5307.52685546875,0.2205422992170648,b419ad6cd4d1f88257b67ed7233bc9a5,1838ff16aae15a201435124d71b2881e,True,0,4974,0,1667,7221032,6641,"53.9,115.0,118.4","37:75,90:145,98:131",
gli,train,BraTS-GLI-02751-101,gli-02751,101,182x218x182,1.00x1.00x1.00,7566.1279296875,0.2125710009317228,fb69d283e98d11d2a2efb27f1d365b81,7caf1b638cb025573bd17a7712b0f869,True,0,15703,0,1282,7221032,16985,"68.4,91.1,112.2","38:90,61:138,85:137",
gli,train,BraTS-GLI-02752-100,gli-02752,100,182x218x182,1.00x1.00x1.00,6342.2255859375,0.16593971609598185,15bcb142df3ccc0cdc8bc87802670617,0166e702aea7048c6f918757db65efd2,True,0,15096,0,41846,7221032,56942,"68.2,163.8,92.9","44:88,133:192,67:127",
gli,train,BraTS-GLI-02752-101,gli-02752,101,182x218x182,1.00x1.00x1.00,6543.4853515625,0.1665782674830966,d6ee7404691fb78f73a3fefeb05d2b9a,297003d5dc011d66c9ee605cc81b5482,True,0,14065,0,38728,7221032,52793,"67.9,164.4,93.3","44:88,134:190,68:125",
gli,train,BraTS-GLI-02753-100,gli-02753,100,182x218x182,1.00x1.00x1.00,8987.5087890625,0.24515207798552893,9d4e30e54f54cc49409a816ac2888f10,495fa4c8f4ae51eb34aac3e36feaff1a,True,262,115578,6097,4797,7221032,126734,"100.1,123.4,111.8","55:142,63:177,65:146",
gli,train,BraTS-GLI-02753-101,gli-02753,101,182x218x182,1.00x1.00x1.00,9470.16796875,0.23812981302395558,7ec34931f7d1da13b30b837006106038,fb81224e2a3aabaa6e18993421bca615,True,16636,126291,64286,2381,7221032,209594,"106.6,131.5,102.2","55:151,63:181,56:148",
gli,train,BraTS-GLI-02754-100,gli-02754,100,182x218x182,1.00x1.00x1.00,8266.5751953125,0.2435836041164199,d32c03ae1fe27b3e467ef92998bc55f2,f274518ecdb68283a8c81fa238f3173f,True,2649,39319,20802,0,7221032,62770,"110.0,68.3,107.2","84:139,29:134,59:139",
gli,train,BraTS-GLI-02754-101,gli-02754,101,182x218x182,1.00x1.00x1.00,10391.083984375,0.24091030201777253,0f830c59c4f25882a4b35411766b542d,2a8529eec67219642014fa2ba802d681,True,9541,52210,43850,0,7221032,105601,"109.7,68.4,108.9","83:140,24:134,66:146",
gli,train,BraTS-GLI-02755-100,gli-02755,100,182x218x182,1.00x1.00x1.00,8194.287109375,0.22547261942614297,c0cbc0f135fea8413a9611087850f08f,28aed3b98d0f4f1cd66583f3fc6858e5,True,0,21109,2494,23159,7221032,46762,"68.3,128.8,129.9","45:85,84:175,103:153",
gli,train,BraTS-GLI-02755-101,gli-02755,101,182x218x182,1.00x1.00x1.00,9149.0927734375,0.21891510797902572,fd7304cba6fd9518ec8bc1145926bbe4,b4acd90fcb55b13aba1f52457d4c6559,True,0,19962,705,23603,7221032,44270,"67.3,129.6,129.8","44:84,88:174,98:154",
gli,train,BraTS-GLI-02756-100,gli-02756,100,182x218x182,1.00x1.00x1.00,4789.19775390625,0.24846157723715945,281e454fd5d4bdada8963031e800a5af,f0da2b83cf5f64c223f381eb7e8d33ee,True,0,9146,3076,5657,7221032,17879,"54.7,133.4,90.3","35:86,80:161,69:119",
gli,train,BraTS-GLI-02756-101,gli-02756,101,182x218x182,1.00x1.00x1.00,4916.6337890625,0.23702249207592488,3268c4ca2904f81931b08c2a2c175def,e97b6319f918684802685a61ff3db287,True,158,34488,12018,139,7221032,46803,"60.1,129.6,101.2","32:89,79:168,72:132",
gli,train,BraTS-GLI-02757-100,gli-02757,100,182x218x182,1.00x1.00x1.00,3068.556640625,0.20679232552909335,397102749c3d24238a2d33cfa518b76b,8b4c8f71c55d9a5efa7377be42a07d2a,True,0,66006,11057,14687,7221032,91750,"66.4,69.3,104.8","29:94,25:112,59:143",
gli,train,BraTS-GLI-02757-101,gli-02757,101,182x218x182,1.00x1.00x1.00,3481.5263671875,0.19136045928061252,c1b917d87c155eb818131ebb711e53b0,81a5d144aa45c3ede64bc4f194d12dfd,True,0,26459,7732,15231,7221032,49422,"65.1,66.2,108.4","36:100,28:101,64:138",
gli,train,BraTS-GLI-02758-100,gli-02758,100,182x218x182,1.00x1.00x1.00,8778.35546875,0.20179788706101842,481a956aa5f3f598aefcd0b4152527c0,080dd468c338ac9cc2aaf68017f387a6,True,0,15607,0,14921,7221032,30528,"104.6,170.8,84.8","85:132,142:190,66:116",
gli,train,BraTS-GLI-02758-101,gli-02758,101,182x218x182,1.00x1.00x1.00,8475.9326171875,0.191264212649937,82447c00aa4f69925213c9a76bc924fa,dd7b5ef2bb9c1bb30d86bcec422ac1f2,True,0,15018,0,17482,7221032,32500,"104.4,170.2,84.6","85:132,141:191,64:115",
gli,train,BraTS-GLI-02759-100,gli-02759,100,182x218x182,1.00x1.00x1.00,2892.1005859375,0.24443500596590625,e9e33c2403c655f6786e6f9705a6f992,cbee0e20c434c063c071fd12aa3af3f8,True,0,5513,0,115846,7221032,121359,"65.9,157.4,100.9","33:96,89:193,67:134",
gli,train,BraTS-GLI-02759-101,gli-02759,101,182x218x182,1.00x1.00x1.00,2904.5146484375,0.23013552633473996,b0268fe52dec57a3939d4f95a6f983ef,4adf99d2426fd6d7cd168b764b32074b,True,0,6491,0,112962,7221032,119453,"66.1,156.1,100.9","33:96,89:193,68:133",
gli,train,BraTS-GLI-02760-100,gli-02760,100,182x218x182,1.00x1.00x1.00,8578.9775390625,0.17263155737296276,3e9dbab85c8ebbfe0c15deb1fdd865f6,bc4e11bcc315cde996ce5661e4e506f9,True,0,12505,5743,5380,7221032,23628,"66.4,131.5,105.6","52:79,102:174,82:129",
gli,train,BraTS-GLI-02760-101,gli-02760,101,182x218x182,1.00x1.00x1.00,9976.421875,0.17135251581768368,6a2dfe19b6da065178bd54859c7a7c5e,000e88ac35b00f8b1374d732224dda05,True,810,29235,8552,197,7221032,38794,"64.5,129.3,103.9","40:80,98:175,81:130",
gli,train,BraTS-GLI-02761-100,gli-02761,100,182x218x182,1.00x1.00x1.00,9076.59765625,0.18882370276159974,cac6ff42ac6faf4ccc952075a0653e56,57bb9f05a8445f6be86d7742c17cc9a0,True,0,6289,2580,1233,7221032,10102,"137.8,79.5,66.5","124:151,59:101,56:78",
gli,train,BraTS-GLI-02761-101,gli-02761,101,182x218x182,1.00x1.00x1.00,13602.595703125,0.1865927197109776,6c963ef33f20d0a4b63c67c92ff83729,a7e7b2878a0dce01a730756177be5152,True,0,7449,3264,405,7221032,11118,"137.8,82.4,65.5","124:151,59:106,54:79",
gli,train,BraTS-GLI-02763-100,gli-02763,100,182x218x182,1.00x1.00x1.00,9424.36328125,0.1896136175549423,ea9b90f2704d3ddc923d0472eb186a78,071a5d35b037614cf7d3002f37f1a867,True,39,22254,3723,2325,7221032,28341,"108.3,122.8,127.3","83:130,83:156,105:151",
gli,train,BraTS-GLI-02763-101,gli-02763,101,182x218x182,1.00x1.00x1.00,8176.275390625,0.18208616164559305,bb41d085ebf39447df6eaa120449ea88,aa9c894fc06ffd6a1d519dc410c453f0,True,60,26915,4593,1512,7221032,33080,"109.2,121.3,126.0","81:132,81:160,102:152",
gli,train,BraTS-GLI-02764-100,gli-02764,100,182x218x182,1.00x1.00x1.00,9780.72265625,0.2378873269083976,30ecfc1710b2ed6a10500f74e74a0e8b,335303712187cdba9b577c3f11448d27,True,0,30709,0,33879,7221032,64588,"69.2,172.2,98.3","36:109,89:198,63:134",
gli,train,BraTS-GLI-02764-101,gli-02764,101,182x218x182,1.00x1.00x1.00,8889.736328125,0.2325904385965884,1739f4b9c14a4f13c8178b51ed2db51e,271aa7b240edf07f0436a12e28698659,True,0,31809,0,33357,7221032,65166,"69.6,171.0,98.6","35:113,142:197,67:135",
gli,train,BraTS-GLI-02765-100,gli-02765,100,182x218x182,1.00x1.00x1.00,7891.69921875,0.20318439248018844,269a7a7e934401d436d1a3dbf1a5a914,5d95aa855ee07340f438e7fea500e364,True,0,27167,573,24610,7221032,52350,"98.8,137.0,103.2","80:119,103:177,68:135",
gli,train,BraTS-GLI-02765-101,gli-02765,101,182x218x182,1.00x1.00x1.00,8429.6533203125,0.19840308144320645,d667ecdb6155ff34ceec7bfbc0fa59cd,8cb261a77065b69fe217cd73fa3c2c97,True,0,26723,409,25427,7221032,52559,"98.5,137.7,103.0","80:119,104:177,68:135",
gli,train,BraTS-GLI-02766-100,gli-02766,100,182x218x182,1.00x1.00x1.00,6612.05810546875,0.19097062580528656,2ea23d0d5232693f393e52f6f87442e0,66da9d70d47ee06272b2e4eb6064de56,True,0,28996,34,26993,7221032,56023,"51.9,111.6,85.7","23:81,51:160,50:125",
gli,train,BraTS-GLI-02766-101,gli-02766,101,182x218x182,1.00x1.00x1.00,7418.4443359375,0.1823501128370571,98d62d0c5680ecde6a6c406c12ac1d77,4d70be0d828d1a37ab7b97c5cf42c2d0,True,0,26326,37,27451,7221032,53814,"51.7,111.7,85.5","22:82,51:156,51:124",
gli,train,BraTS-GLI-02767-100,gli-02767,100,182x218x182,1.00x1.00x1.00,6070.3408203125,0.21683922741236986,30ee65e00eaae3811b4abe0b19c861fe,dc994ecc90611713b3ff81657df7dacf,True,0,803,0,0,7221032,803,"97.2,90.2,23.3","90:102,85:95,17:32",
gli,train,BraTS-GLI-02767-101,gli-02767,101,182x218x182,1.00x1.00x1.00,8520.353515625,0.21737350007588943,048f9e966892f0332f6fa8b70efba2f7,3f2d80aa193dddde500de52e3f9ae20b,True,0,1076,0,0,7221032,1076,"96.8,90.8,23.5","90:103,84:96,16:32",
gli,train,BraTS-GLI-02768-100,gli-02768,100,182x218x182,1.00x1.00x1.00,8223.0166015625,0.1920801625030882,8c982adaaec5f89c8bdcc7e08f87a58f,2d149c0a5124bd456ea28889bb60ea8e,True,0,38615,10719,0,7221032,49334,"84.5,75.5,75.7","56:117,40:141,34:130",
gli,train,BraTS-GLI-02768-101,gli-02768,101,182x218x182,1.00x1.00x1.00,15958.3974609375,0.18297010731984015,bc8a805622b2e4bfd7fc5bac1abf1784,5f18a38f7182e6bb2b7145792da34338,True,87,27820,917,0,7221032,28824,"76.6,92.5,109.2","54:121,55:138,49:133",
gli,train,BraTS-GLI-02769-100,gli-02769,100,182x218x182,1.00x1.00x1.00,7190.283203125,0.1995547173866561,0978764bbf21163e1ce36a5d6b4d2dfb,31cceefe6eb8f4c38abdcf392867311f,True,0,23917,4357,4307,7221032,32581,"55.1,65.3,104.4","31:78,32:127,62:140",
gli,train,BraTS-GLI-02769-101,gli-02769,101,182x218x182,1.00x1.00x1.00,7796.78662109375,0.19353812585237123,01dc2f9d46e751b523ac08b0a3f33d9d,314c0f645bed77061fbb949ae4f7fe07,True,0,21630,425,9290,7221032,31345,"54.2,64.2,106.1","31:78,33:128,63:140",
gli,train,BraTS-GLI-02770-100,gli-02770,100,182x218x182,1.00x1.00x1.00,7873.5166015625,0.21603297146446657,41de98826f16449f57a73aa77cd1e529,c654ede4de35eaea1a914dd7fe0efe74,True,6702,54099,14297,3600,7221032,78698,"93.0,90.5,119.7","42:138,49:132,91:152",
gli,train,BraTS-GLI-02770-101,gli-02770,101,182x218x182,1.00x1.00x1.00,8998.65234375,0.21296512742222995,a8b77d5b0a482b754a08cc98e7ce68fb,f91386964e6f888cddfe49fe729f3c94,True,6134,53598,13852,1794,7221032,75378,"94.3,90.6,119.9","43:138,47:132,91:151",
gli,train,BraTS-GLI-02771-100,gli-02771,100,182x218x182,1.00x1.00x1.00,13153.095703125,0.21197967271160134,ed6cb56677464a91169ad2ed607275ea,376ec24b42623f91490294d174eb2f2f,True,0,71193,67,18248,7221032,89508,"64.6,71.9,99.8","26:124,23:137,48:138",
gli,train,BraTS-GLI-02771-101,gli-02771,101,182x218x182,1.00x1.00x1.00,11493.416015625,0.20570134573562338,64996bfbd6efe79d87eb0a222b93bb11,9a866f7ad53427993380c28781cd1473,True,0,68533,65,16515,7221032,85113,"66.2,72.7,100.1","26:126,22:139,49:138",
gli,train,BraTS-GLI-02772-100,gli-02772,100,182x218x182,1.00x1.00x1.00,9161.23828125,0.1967011086503979,19c110f15210348a42d9e3416e1fbc34,bd3973df274cf8dab75d7577b8f39eb2,True,3467,30322,9553,0,7221032,43342,"132.2,60.6,84.1","108:155,34:83,56:115",
gli,train,BraTS-GLI-02772-101,gli-02772,101,182x218x182,1.00x1.00x1.00,7812.02197265625,0.19237485722262412,265c6e03b15ac7aba451e8d635072dd8,de9e0f9148d0d0cce3ab2bade246806f,True,1920,64634,12220,0,7221032,78774,"128.7,66.0,87.1","103:155,30:100,54:125",
gli,train,BraTS-GLI-02773-100,gli-02773,100,182x218x182,1.00x1.00x1.00,3318.087646484375,0.20059916643493617,13dd396193a2ac05af34d8df8b1b74b5,4bb21a7723fa98120655816ee91d8c1a,True,10625,53105,20596,0,7221032,84326,"129.4,86.8,101.5","101:154,46:133,67:140",
gli,train,BraTS-GLI-02773-101,gli-02773,101,182x218x182,1.00x1.00x1.00,3562.48486328125,0.19161416262938594,365c1d96b3029bb78379683c7062dce0,203917dbe550078ded9928222bff92a4,True,9309,41826,13503,0,7221032,64638,"128.1,91.4,101.9","105:152,53:134,74:130",
gli,train,BraTS-GLI-02774-100,gli-02774,100,182x218x182,1.00x1.00x1.00,7708.17333984375,0.1911024629166579,a3daee418dd47e9d7de6e06b9a08d278,5abf906a12679d492ee7622afa695458,True,0,28006,1341,44683,7221032,74030,"61.3,72.5,112.5","35:106,35:135,67:140",
gli,train,BraTS-GLI-02774-101,gli-02774,101,182x218x182,1.00x1.00x1.00,7451.9462890625,0.18860974442434267,7aec5bc3811b9d99b113010eb3447395,0775ad14d078c5f0c3bff8278b05eef1,True,0,29030,5280,50341,7221032,84651,"59.6,76.0,108.2","33:100,36:126,65:140",
gli,train,BraTS-GLI-02775-100,gli-02775,100,182x218x182,1.00x1.00x1.00,7334.94921875,0.18726104523563944,4a5da3394c4d13b5ea422e0d7395562c,5a7a3d695bf337666d0c609f632128a2,True,0,16225,487,29059,7221032,45771,"128.7,112.4,71.6","103:151,72:143,50:93",
gli,train,BraTS-GLI-02775-101,gli-02775,101,182x218x182,1.00x1.00x1.00,7414.5146484375,0.17943972551291837,ca55530bd7d54c9a79d34c860826bffc,f3224aa3a81f571541447f0341694a51,True,0,17723,646,29335,7221032,47704,"128.3,112.1,72.0","102:151,71:142,50:96",
gli,train,BraTS-GLI-02776-100,gli-02776,100,182x218x182,1.00x1.00x1.00,7323.6982421875,0.186972720796695,640a0b44d3a123683bb98af6b25677e9,9da28107227e008e513857ba254d7a5f,True,0,18899,0,6120,7221032,25019,"115.1,108.8,120.9","98:139,76:147,92:143",
gli,train,BraTS-GLI-02776-101,gli-02776,101,182x218x182,1.00x1.00x1.00,10955.4443359375,0.18430703533788523,f61a13aaacb379aab4534587b83afcdd,17f9b43be5bf1d41767944f6aaba6d79,True,0,20071,0,5742,7221032,25813,"114.6,108.5,119.8","97:139,73:149,92:141",
gli,train,BraTS-GLI-02777-100,gli-02777,100,182x218x182,1.00x1.00x1.00,9908.53125,0.1797493765434082,88d479ab56100fb5329ebd852e13fa10,a77a82b5c3337c28d57a5c795ef352f7,True,0,58322,3061,41949,7221032,103332,"123.0,108.3,83.9","94:151,45:146,52:118",
gli,train,BraTS-GLI-02777-101,gli-02777,101,182x218x182,1.00x1.00x1.00,12916.4814453125,0.17632285800699957,b2b56d027374fc4a2da8a4c39e3d308d,305073fab98def9a92e758cbe28e5267,True,0,33320,1110,43671,7221032,78101,"125.7,109.7,80.2","96:150,46:146,53:114",
gli,train,BraTS-GLI-02778-100,gli-02778,100,182x218x182,1.00x1.00x1.00,8152.609375,0.23953584473798206,45b61f25472bf0e62a40cfb2178e1a0c,1bb4904350810808456bfcf52037a417,True,3611,64938,12652,80082,7221032,161283,"51.5,109.0,87.6","22:93,62:154,35:128",
gli,train,BraTS-GLI-02778-101,gli-02778,101,182x218x182,1.00x1.00x1.00,8262.3134765625,0.22686687996951127,0f47761bbaeffdfd3201b5310e2b7b92,adcc7fefc192845c2e701cf30a46b9e2,True,8384,60932,13614,82179,7221032,165109,"52.1,106.5,88.1","22:94,60:152,37:130",
gli,train,BraTS-GLI-02779-100,gli-02779,100,182x218x182,1.00x1.00x1.00,6643.2841796875,0.21379423328964614,3cd25e5a326cf1439e673453a81b2e2a,63cc879e1dcc6b88063b9b49686685e7,True,0,8489,0,6459,7221032,14948,"75.3,122.8,133.0","54:104,102:150,110:154",
gli,train,BraTS-GLI-02779-101,gli-02779,101,182x218x182,1.00x1.00x1.00,7549.86474609375,0.20747560736470907,2f3326f2e483dfd7579aba80386eb82c,10f5c8e8a890619b4dcc54e8f1936985,True,0,9129,0,5069,7221032,14198,"73.8,122.3,131.6","56:104,99:147,109:152",
gli,train,BraTS-GLI-02780-100,gli-02780,100,182x218x182,1.00x1.00x1.00,7074.51611328125,0.20112803820838904,d4de5a5df291e3aec74ef654a9a39f1e,d68a3e113323912c4801b33bf5132a3a,True,0,10603,0,14202,7221032,24805,"50.4,116.4,60.9","32:73,90:140,45:79",
gli,train,BraTS-GLI-02780-101,gli-02780,101,182x218x182,1.00x1.00x1.00,7851.13232421875,0.19185041694871316,3cb1e010cb2f9bf649daf59c81aad7e1,2d2193af458bb81fa114eaa81dfb602c,True,0,10731,0,12090,7221032,22821,"50.4,116.0,61.5","31:72,90:140,46:80",
gli,train,BraTS-GLI-02781-100,gli-02781,100,182x218x182,1.00x1.00x1.00,7410.80615234375,0.22754697666483129,d274aa705148c28fbf9eea00737f49ef,611df243f82859f0f7926269b500740e,True,0,38592,626,15773,7221032,54991,"64.2,102.2,124.1","42:81,54:149,97:151",
gli,train,BraTS-GLI-02781-101,gli-02781,101,182x218x182,1.00x1.00x1.00,8007.193359375,0.21879864263169033,b0fd33bb32e3079f9540ea31606d579f,e35d143f4984ab40a84e361335e2a4dd,True,0,37661,361,15051,7221032,53073,"64.1,101.7,123.7","42:81,54:148,97:152",
gli,train,BraTS-GLI-02782-100,gli-02782,100,182x218x182,1.00x1.00x1.00,2836.16943359375,0.2035767186740067,e7a4139b7ba2bfa83790bdab7e6c7262,09589434cd576fe85d49c3df19d4aba6,True,0,35708,0,15058,7221032,50766,"95.0,144.5,115.1","55:131,89:182,83:144",
gli,train,BraTS-GLI-02782-101,gli-02782,101,182x218x182,1.00x1.00x1.00,2961.417724609375,0.19539187750448966,f109017119bac01d17213da5bf346ca0,07c48d68a321bcd23a2a32ad0e5ed5f3,True,0,38474,0,16952,7221032,55426,"95.0,141.9,114.0","54:131,83:182,82:143",
gli,train,BraTS-GLI-02786-100,gli-02786,100,182x218x182,1.00x1.00x1.00,2265.107666015625,0.2350414732963377,1553bae3376dd22619c6df5cd02efedf,668ddc0148ef158b5b6c97c07c54751a,True,0,18591,0,49740,7221032,68331,"49.7,115.3,55.5","26:77,68:150,30:82",
gli,train,BraTS-GLI-02786-101,gli-02786,101,182x218x182,1.00x1.00x1.00,2690.5146484375,0.2270602041370264,ac69df2642d7c845286078fd6b95cf82,7562206b9aa0923b628f31dc6e935392,True,0,17123,0,47855,7221032,64978,"49.9,115.1,55.5","26:75,68:150,31:82",
gli,train,BraTS-GLI-02787-100,gli-02787,100,182x218x182,1.00x1.00x1.00,6131.86572265625,0.23136928350407532,ee886da9af8598e08fbb3686fef2e6f6,9a88e56b2e8fc9cda724d7e263d04eac,True,0,30115,0,118843,7221032,148958,"49.4,106.7,77.2","23:127,38:172,40:117",
gli,train,BraTS-GLI-02787-101,gli-02787,101,182x218x182,1.00x1.00x1.00,7916.08935546875,0.22578822528414222,f227f062136da85d2e6813091bb79144,5c768f86ab5d5c6383af8660c401d841,True,0,26184,0,118548,7221032,144732,"49.1,107.2,77.5","23:78,38:173,41:117",
gli,train,BraTS-GLI-02788-100,gli-02788,100,182x218x182,1.00x1.00x1.00,2520.93798828125,0.2370398026210104,c612cb89c9518c406835412c897826e6,2e35b64be07b0eab502f2b0a565413df,True,0,15092,0,6253,7221032,21345,"44.8,79.7,105.8","23:72,63:101,86:127",
gli,train,BraTS-GLI-02788-101,gli-02788,101,182x218x182,1.00x1.00x1.00,2468.2724609375,0.22707917649444012,4db5f24ae03016a181be596a266701ba,b63fa3a6e392afc39a6b55746ae690ef,True,0,14275,0,6446,7221032,20721,"45.5,80.9,105.4","23:72,64:102,86:123",
gli,train,BraTS-GLI-02789-100,gli-02789,100,182x218x182,1.00x1.00x1.00,8467.9208984375,0.28292077919056446,4829d17b526d214775a868efa7a41582,dc677fdd885b8ff4e14ba822e201e79f,True,0,43244,0,34430,7221032,77674,"58.1,124.6,100.8","26:106,91:156,61:135",
gli,train,BraTS-GLI-02789-101,gli-02789,101,182x218x182,1.00x1.00x1.00,7816.2451171875,0.27530109269699954,6fb2511857739c2b1110dd6849fa8c77,e848c79d5f3c585d128a7b9dda308e01,True,0,41544,0,37304,7221032,78848,"57.9,123.7,101.7","26:109,93:155,62:135",
gli,train,BraTS-GLI-02790-100,gli-02790,100,182x218x182,1.00x1.00x1.00,7229.33203125,0.21845173930817646,c3a502dc09e40324f1141ac7c01afd23,3a2668d222db507dc2ceb06003423abe,True,0,30311,0,95234,7221032,125545,"49.6,103.4,68.3","24:82,39:149,39:104",
gli,train,BraTS-GLI-02790-101,gli-02790,101,182x218x182,1.00x1.00x1.00,7260.296875,0.2138638909230703,e2f1b05734babf270bf418e81dee0f6f,bfeada6eb74b1d11a879cd93ecb5a3ff,True,0,34001,0,93124,7221032,127125,"49.6,103.4,68.9","24:84,37:150,40:104",
gli,train,BraTS-GLI-02791-100,gli-02791,100,182x218x182,1.00x1.00x1.00,7742.82470703125,0.2595165067818561,4def17215dfd886ec3bc913f6eebce98,ef8e634aeb964c44d195b2238895ea0c,True,23261,77424,22833,0,7221032,123518,"93.6,133.6,106.7","52:142,52:189,69:148",
gli,train,BraTS-GLI-02791-101,gli-02791,101,182x218x182,1.00x1.00x1.00,8861.9072265625,0.24986857834171072,71599ca54353df4a45a65fe2a8c6d7a6,c1a6c44427fc456be93f693ccf72617a,True,29051,101756,24067,0,7221032,154874,"97.3,132.2,104.2","50:141,61:196,58:149",
gli,train,BraTS-GLI-02792-100,gli-02792,100,182x218x182,1.00x1.00x1.00,6787.115234375,0.22057248880769398,78a84df88e9de06cc8d63174bc7a69f0,bf7f4d31f091fc36dc5c88d1bf353071,True,0,62233,0,88108,7221032,150341,"113.6,117.5,123.9","60:157,59:173,70:155",
gli,train,BraTS-GLI-02792-101,gli-02792,101,182x218x182,1.00x1.00x1.00,5349.96533203125,0.21399988256526215,d5d183512e2cc3e41f0f58e4226a6490,3c4140cfc814e02ec4358c638cf86670,True,0,54292,0,126450,7221032,180742,"111.8,113.4,122.8","59:155,38:172,70:154",
gli,train,BraTS-GLI-02793-100,gli-02793,100,182x218x182,1.00x1.00x1.00,10252.232421875,0.24028753784777576,2361717512f555b3fb07f48e84301701,e0a01f327d291914707cf4a24ac7c4c1,True,0,23087,0,165848,7221032,188935,"71.5,141.2,114.3","37:125,84:190,66:153",
gli,train,BraTS-GLI-02793-101,gli-02793,101,182x218x182,1.00x1.00x1.00,7155.59326171875,0.22694498514893716,359325e05c6a15be3488b1ea2111f3d6,aa9c3fe42267f2b55d10f77458639a86,True,0,19441,0,151324,7221032,170765,"73.7,141.8,113.3","39:129,83:193,69:149",
gli,train,BraTS-GLI-02794-100,gli-02794,100,182x218x182,1.00x1.00x1.00,2304.25244140625,0.24241133400322834,a788ecaf99494d35c877e91e53de8a44,8a5a5977ee203d5649bb0f5ac18a5d21,True,0,23181,359,7876,7221032,31416,"125.1,126.5,108.6","99:152,96:154,85:126",
gli,train,BraTS-GLI-02794-101,gli-02794,101,182x218x182,1.00x1.00x1.00,2484.1572265625,0.2344542996070368,d7abd3a6da942c293500ad665f683d10,ffd7e3acf2db681316367267e79168d6,True,0,23543,471,7669,7221032,31683,"124.7,126.1,108.9","99:152,94:155,84:126",
gli,train,BraTS-GLI-02795-100,gli-02795,100,182x218x182,1.00x1.00x1.00,2722.1591796875,0.21053098781448412,a14ab12ef6de866b553acd3e3f90b2fd,755bed4e46a6e990bb87f53faa46e857,True,0,25926,2165,28555,7221032,56646,"72.4,57.9,112.5","44:95,17:102,75:143",
gli,train,BraTS-GLI-02795-101,gli-02795,101,182x218x182,1.00x1.00x1.00,2763.416015625,0.20246358138282727,caaf5cd66c4c62c5dfe0d21008a18b8a,6fe1fb78f55e8c33e4caf7aac5cd0729,True,28,37919,3723,28027,7221032,69697,"71.7,63.1,113.0","43:105,18:106,74:145",
gli,train,BraTS-GLI-02796-100,gli-02796,100,182x218x182,1.00x1.00x1.00,7947.74609375,0.21692093318517353,9df07c3724d32148c94aa814ae8d1fa3,75c9349fcaf7b8dfd8b42bd65e785f28,True,0,48117,0,8180,7221032,56297,"119.3,86.7,120.1","95:150,46:135,90:148",
gli,train,BraTS-GLI-02796-101,gli-02796,101,182x218x182,1.00x1.00x1.00,7353.08349609375,0.20883026138092173,e64e26029ad656a27018ea3742db4a4d,11cc44c4aa3c9273344f9de6ae8ceadd,True,0,48396,0,7513,7221032,55909,"119.4,86.7,119.3","95:150,43:136,89:149",
gli,train,BraTS-GLI-02797-100,gli-02797,100,182x218x182,1.00x1.00x1.00,8191.0,0.18538001216446623,fd2b01f8db8484b5834f79a3e865f1a7,f30e3ba7bdd9e553383aebe8af342baa,True,0,2572,0,5531,7221032,8103,"56.8,88.9,110.8","40:77,75:110,100:122",
gli,train,BraTS-GLI-02797-101,gli-02797,101,182x218x182,1.00x1.00x1.00,7911.5537109375,0.17539805944635062,19e3d49ca4cadd818e03c6658aed101f,0ba7a5f26406cde21169ef431104657d,True,0,9764,46,5517,7221032,15327,"59.9,83.9,109.6","37:75,44:121,83:130",
gli,train,BraTS-GLI-02798-100,gli-02798,100,182x218x182,1.00x1.00x1.00,9128.9892578125,0.21923791502378054,a1e3f73bff2ee3a24f4fb8d4db34d9e2,e80718395a667d713c078c4c64de14e1,True,0,1614,0,1483,7221032,3097,"131.9,78.7,109.4","114:146,70:89,104:119",
gli,train,BraTS-GLI-02798-101,gli-02798,101,182x218x182,1.00x1.00x1.00,8031.49072265625,0.20267144640821422,2ce743e62ce40d890f0f76c847442693,c88b88f06601107bc43006a4f70b6b94,True,0,1789,0,1912,7221032,3701,"132.6,78.6,109.7","114:146,66:89,104:119",
gli,train,BraTS-GLI-02799-100,gli-02799,100,182x218x182,1.00x1.00x1.00,9354.982421875,0.199242989090756,fb4d94a744ce265cab79e0cc444d4ecc,de1fe84d664ff1bdb93c9182acd00ffd,True,0,15021,225,51282,7221032,66528,"128.3,110.3,71.6","97:154,67:145,48:96",
gli,train,BraTS-GLI-02799-101,gli-02799,101,182x218x182,1.00x1.00x1.00,6556.40625,0.19472521379215602,d7cf024c340c01f14ca3a0dd9074b8c9,aeae9e7c6e7d3bac6d696c4fc6fe8b14,True,0,12053,74,50288,7221032,62415,"129.5,108.1,70.9","100:156,62:142,50:95",
gli,train,BraTS-GLI-02800-100,gli-02800,100,182x218x182,1.00x1.00x1.00,9626.0517578125,0.1741051694550031,0e163de2954e6ea447241ec4ec5c74ac,ccc0078a5afef170360af9c914c3b137,True,0,31468,0,23145,7221032,54613,"66.6,138.8,96.8","38:94,102:174,72:127",
gli,train,BraTS-GLI-02800-101,gli-02800,101,182x218x182,1.00x1.00x1.00,12051.6669921875,0.16828328693184022,a97290c23ef042a1361aebd3f0fc8eae,fd448c1bf87899b008ace8bb36195709,True,0,38110,0,21972,7221032,60082,"67.1,138.1,97.9","39:95,101:174,72:129",
gli,train,BraTS-GLI-02801-100,gli-02801,100,182x218x182,1.00x1.00x1.00,6808.84423828125,0.22326323993578756,9ec8ffaccfbf43c0609dd2c550c3b327,32528d9ded3a7876b77cd09cf83358c7,True,5423,52952,13195,0,7221032,71570,"123.3,79.5,90.0","93:156,34:133,48:130",
gli,train,BraTS-GLI-02801-101,gli-02801,101,182x218x182,1.00x1.00x1.00,7096.2734375,0.21496262584073855,b5c69d68c19934da12743b0e1541c2ef,dde738b02781c4eb45cc8174657b27b4,True,4719,59722,11347,0,7221032,75788,"123.5,78.4,89.7","96:156,35:133,49:129",
gli,train,BraTS-GLI-02802-100,gli-02802,100,182x218x182,1.00x1.00x1.00,7583.70068359375,0.21449676445139698,75c8e11a972371bec675c223fd163cf9,234ae1c02c2961f37826b722c63c80ab,True,0,83055,689,90,7221032,83834,"109.3,88.8,123.5","85:142,48:130,92:155",
gli,train,BraTS-GLI-02802-101,gli-02802,101,182x218x182,1.00x1.00x1.00,13270.388671875,0.21643720731330368,368b101fc253e8b474eb6d5fbb4b1e16,55a7a1bfbfce891f12621f94db860e6e,True,0,41799,0,0,7221032,41799,"108.4,90.2,126.9","86:139,49:131,99:155",
gli,train,BraTS-GLI-02803-100,gli-02803,100,182x218x182,1.00x1.00x1.00,6401.8505859375,0.21771029404107337,2fd72a059874d32406a373541452669c,12bad8e96ed4b41458188e35646d09b3,True,0,15732,0,48208,7221032,63940,"46.4,80.4,77.0","25:79,41:122,50:106",
gli,train,BraTS-GLI-02803-101,gli-02803,101,182x218x182,1.00x1.00x1.00,8768.5283203125,0.21544496686900155,b6fcb80ba1698d532ff3419f78caabba,99fea60c448ba5f33cd7a2b89cede5da,True,0,13180,0,47619,7221032,60799,"46.4,80.1,76.7","25:79,41:122,51:106",
gli,train,BraTS-GLI-02804-100,gli-02804,100,182x218x182,1.00x1.00x1.00,6780.9970703125,0.19283407136265288,70844f3452116ca61b9eeac358153ac5,e8f7eecadf656dc38f3d08c0a9374b84,True,1711,77564,11398,88,7221032,90761,"121.6,73.6,93.2","87:150,32:123,57:132",
gli,train,BraTS-GLI-02804-101,gli-02804,101,182x218x182,1.00x1.00x1.00,7344.35498046875,0.1824822269171498,a60ed9bc8610dfec87d698f5606c5247,186fb4a69eadec5925c86e742d249644,True,1453,66942,10173,79,7221032,78647,"122.3,74.4,91.9","86:150,33:122,49:131",
gli,train,BraTS-GLI-02805-100,gli-02805,100,182x218x182,1.00x1.00x1.00,2790.78662109375,0.21642986764218744,87567f915cbc031c1f6d5860a63fc32d,a63ddc16515967f28634c5c44a6e3867,True,0,55010,0,14425,7221032,69435,"54.6,122.2,85.6","33:81,72:171,46:109",
gli,train,BraTS-GLI-02805-101,gli-02805,101,182x218x182,1.00x1.00x1.00,2959.7958984375,0.20718202052005863,d61f35a5a21bd910580b20b578df38af,152d4960920badf07b8b5d3fb66951f3,True,0,60062,0,14150,7221032,74212,"54.5,119.3,87.1","32:82,70:169,47:111",
gli,train,BraTS-GLI-02806-100,gli-02806,100,182x218x182,1.00x1.00x1.00,6108.7880859375,0.19991325339646743,0d577b4a45848c2f0c32a077fb5fa7c6,e7f00f8f4fcf890d1b28bc844b7e6a21,True,0,32021,1998,1188,7221032,35207,"55.9,98.8,107.8","28:74,55:151,80:132",
gli,train,BraTS-GLI-02806-101,gli-02806,101,182x218x182,1.00x1.00x1.00,8906.048828125,0.20072698749984766,8e7e350f384cd06eb8fd0b33fb2004c1,04facdeec30f0d637141703c8807dd16,True,0,33421,2320,908,7221032,36649,"54.8,99.0,108.5","27:74,54:151,81:133",
gli,train,BraTS-GLI-02808-100,gli-02808,100,182x218x182,1.00x1.00x1.00,2918.250732421875,0.19416573697499195,259477b03f5a9dab6b2c4651ba6513c4,a50a910257acc70cda48bfa60193be62,True,0,28910,1211,62249,7221032,92370,"105.4,135.5,104.9","72:135,81:181,66:137",
gli,train,BraTS-GLI-02808-101,gli-02808,101,182x218x182,1.00x1.00x1.00,3075.4326171875,0.18874545909781318,931d2c50f1b6bdb6a497ed3bef5532a7,7c2feed68b2c41207623937224eee08b,True,0,32318,1047,62126,7221032,95491,"106.8,133.7,104.9","72:137,77:181,66:135",
gli,train,BraTS-GLI-02809-100,gli-02809,100,182x218x182,1.00x1.00x1.00,8186.1787109375,0.17902344152470173,ce2d5180fd2cd5b99b900d3fcde78cbe,5333b4dd9f9796f587de7541e1b87511,True,0,22093,40,16958,7221032,39091,"71.9,148.0,120.8","53:88,114:179,91:145",
gli,train,BraTS-GLI-02809-101,gli-02809,101,182x218x182,1.00x1.00x1.00,9184.43359375,0.18024902811675672,ea7c3421644e6fcc81d8c9124866da42,be39780848cd36010b623e7a87fe8c84,True,0,21379,50,15584,7221032,37013,"71.6,149.7,120.5","52:87,104:180,91:145",
gli,train,BraTS-GLI-02810-100,gli-02810,100,182x218x182,1.00x1.00x1.00,6915.1953125,0.23641703845101364,fb138979ade5b3e9afc0d5989ba0056b,1726e6f199fdc65a59f7134987084e8e,True,1023,95626,12551,32430,7221032,141630,"96.9,135.9,105.6","51:140,68:195,56:147",
gli,train,BraTS-GLI-02810-101,gli-02810,101,182x218x182,1.00x1.00x1.00,6765.31689453125,0.2418436866087839,29bd872514f4fda265c15abed74aed15,25f2d4d5fa2646148a386c2403a2947a,True,543,107032,12243,36066,7221032,155884,"97.1,137.7,104.9","51:141,67:201,57:145",
gli,train,BraTS-GLI-02813-100,gli-02813,100,182x218x182,1.00x1.00x1.00,7900.50244140625,0.24325650405648389,7fbd0123bcfb383c1d39fa0c55f3b2fd,ace659ddfc508db1312124fb222d0f69,True,112,45041,13332,42218,7221032,100703,"107.7,134.8,121.7","64:141,88:180,82:158",
gli,train,BraTS-GLI-02813-101,gli-02813,101,182x218x182,1.00x1.00x1.00,8847.7177734375,0.23371728583947557,acf3b2d51cc4f68736ec05e89357e195,bb4169e2164eb1762192696a77c38851,True,25,43010,2715,46614,7221032,92364,"106.8,133.2,121.9","64:143,89:178,81:156",
gli,train,BraTS-GLI-02816-100,gli-02816,100,182x218x182,1.00x1.00x1.00,6718.7958984375,0.18924981913942496,7676047dd1bbd9a3130359b87926d1ac,c339b4a16aac5bf29e317fe86da540c7,True,0,11492,126,5917,7221032,17535,"126.1,116.0,68.9","108:142,92:143,44:114",
gli,train,BraTS-GLI-02816-101,gli-02816,101,182x218x182,1.00x1.00x1.00,10132.4228515625,0.19147997128388297,2062b6ae7042a0513a2949a359ff525b,cc6e5d79c253c6c4d69311cc47890499,True,0,19230,5903,5576,7221032,30709,"122.8,112.4,69.8","101:144,80:143,43:114",
gli,train,BraTS-GLI-02817-100,gli-02817,100,182x218x182,1.00x1.00x1.00,1705.3282470703125,0.20397126061759593,fea630d84507af481c07dd8d3e9db1c0,ad9911d6df1cf903f77b49266a14dd2f,True,0,51091,2420,1046,7221032,54557,"76.8,134.4,111.4","53:114,77:178,74:143",
gli,train,BraTS-GLI-02817-101,gli-02817,101,182x218x182,1.00x1.00x1.00,1654.611572265625,0.19375097631474283,306f2445828d85dda4358620fa32422a,c8337d1993c796867baaeb5961b0bc78,True,0,52498,2809,347,7221032,55654,"78.3,132.4,110.2","53:115,76:178,74:144",
gli,train,BraTS-GLI-02818-100,gli-02818,100,182x218x182,1.00x1.00x1.00,6887.609375,0.2538426640402646,f90c23a18003ffa5b071aeee5de3b0d1,1bcc5a37e4d18c92de0a951bc64e6f19,True,0,30078,0,33140,7221032,63218,"118.9,146.5,69.9","88:147,101:193,40:93",
gli,train,BraTS-GLI-02818-101,gli-02818,101,182x218x182,1.00x1.00x1.00,13405.537109375,0.24926824863814478,dd7f8ddd6802ba2dd936b016676b1104,6b44b3fe8e9104b298a7c6b778d15ac2,True,0,33188,0,33376,7221032,66564,"118.9,144.6,70.4","87:147,96:189,41:97",
gli,train,BraTS-GLI-02819-100,gli-02819,100,182x218x182,1.00x1.00x1.00,6217.41455078125,0.19662203408044723,6ab87fb143bbd0a8103183eefb51507a,d8ecb443d35aa62d6b50b6e86d4e410b,True,0,79012,210,106101,7221032,185323,"101.0,128.5,99.7","57:135,64:180,56:139",
gli,train,BraTS-GLI-02819-101,gli-02819,101,182x218x182,1.00x1.00x1.00,7974.74951171875,0.189687845172269,c36faf23dbed8d0a58262cc913d2701f,e916a2cf96eb85a8240979f4dd53957f,True,0,80364,84,105195,7221032,185643,"100.7,128.2,99.7","56:134,64:181,56:138",
gli,train,BraTS-GLI-02820-100,gli-02820,100,182x218x182,1.00x1.00x1.00,6815.1953125,0.21627379576769637,b052f1ae17a5cb4631d9d3fc2dcb115a,9207c900c138946d6c6fc07e6f8673a1,True,0,46332,0,35551,7221032,81883,"77.5,134.3,121.2","44:114,97:175,93:151",
gli,train,BraTS-GLI-02820-101,gli-02820,101,182x218x182,1.00x1.00x1.00,8223.0107421875,0.2070528146115403,04ad9a6ab43c20a2a06f96155ee88d33,d73a85c6c50d4d06cff953c4a585f3ea,True,0,55928,65,35027,7221032,91020,"78.2,130.6,119.8","45:117,84:173,91:150",
gli,train,BraTS-GLI-02821-100,gli-02821,100,182x218x182,1.00x1.00x1.00,6831.8212890625,0.2241138108791098,26fa4b6063b566359cd2335ec0646e40,50bdf6bf9e8c3834f4d6d16f9528b390,True,0,30433,385,2136,7221032,32954,"121.5,61.8,95.6","99:147,27:97,64:131",
gli,train,BraTS-GLI-02821-101,gli-02821,101,182x218x182,1.00x1.00x1.00,7898.49853515625,0.2156072705397234,96952ebd2eee8ae07d3ef2726fb10559,d785023e0ab7d078c9f863df1b92ac5d,True,104,39505,2861,1324,7221032,43794,"121.2,60.2,98.5","98:147,26:97,60:133",
gli,train,BraTS-GLI-02822-100,gli-02822,100,182x218x182,1.00x1.00x1.00,8801.62890625,0.2324295197694734,417675f402998b93593a64b30fdcd0e2,4553b3baf1bd3dd1a458f2b253120d98,True,0,46023,0,53300,7221032,99323,"72.3,125.6,119.5","42:119,69:172,80:150",
gli,train,BraTS-GLI-02822-101,gli-02822,101,182x218x182,1.00x1.00x1.00,9326.27734375,0.22521960849917297,3117259646aa5e873b5ea54e409e6768,bdc23294ab1890338466428008994dd3,True,0,38746,0,53803,7221032,92549,"73.1,125.1,120.3","44:120,69:168,82:149",
gli,train,BraTS-GLI-02823-100,gli-02823,100,182x218x182,1.00x1.00x1.00,7453.1005859375,0.19369765983587942,1502a4340120a2da659424c1a82c6d88,f9c72002b8d433e0f1f0ab7bab9e7f10,True,0,22794,187,3904,7221032,26885,"110.7,141.8,121.1","94:133,108:169,96:145",
gli,train,BraTS-GLI-02823-101,gli-02823,101,182x218x182,1.00x1.00x1.00,5898.2685546875,0.18263151305796735,644bcfbd165d776fd9382dc94116adb5,c79dff22ed9f353caf4510120cee8748,True,0,23119,201,5657,7221032,28977,"110.8,140.4,121.4","94:134,99:172,94:146",
gli,train,BraTS-GLI-02824-100,gli-02824,100,182x218x182,1.00x1.00x1.00,8104.2177734375,0.1748414908007609,7a25846b10d7e6489abe78559b9b505f,fc8d5ac3e2272525a6e2abd86f8d5cc0,True,0,41065,3459,29600,7221032,74124,"61.1,122.4,80.0","32:119,73:168,49:126",
gli,train,BraTS-GLI-02824-101,gli-02824,101,182x218x182,1.00x1.00x1.00,9436.5673828125,0.16908400350531613,eeb2c57c1602d3c4e4f7dd14b4bdb058,2f7094858453a9bc0dfe3db145782cdc,True,47,40219,3836,27105,7221032,71207,"61.4,122.3,79.8","33:121,79:169,50:124",
gli,train,BraTS-GLI-02826-100,gli-02826,100,182x218x182,1.00x1.00x1.00,7076.609375,0.20547118472816628,49cb70e8de3450a2da43b020b011262a,35dbb22c65233b477666475bb403e45a,True,0,25026,220,29504,7221032,54750,"50.8,110.3,74.1","26:74,48:150,49:113",
gli,train,BraTS-GLI-02826-101,gli-02826,101,182x218x182,1.00x1.00x1.00,7304.68359375,0.19849918958952129,dadf0737541ae8653d60d6324dade8f6,cddb984e440edb72a168d2200a7a59cc,True,0,21725,105,28426,7221032,50256,"50.7,112.1,73.4","26:74,48:150,50:113",
gli,train,BraTS-GLI-02827-100,gli-02827,100,182x218x182,1.00x1.00x1.00,1992.6964111328125,0.21780737157791297,f200db02f6adf340ad650f2926a0a29e,9d33106b689a754a8aa1eac93c41e12f,True,0,13208,0,43842,7221032,57050,"130.0,118.1,66.0","104:154,80:147,43:107",
gli,train,BraTS-GLI-02827-101,gli-02827,101,182x218x182,1.00x1.00x1.00,2539.60009765625,0.20666616627651005,7ebc890bbe18d41f807841f726a93aed,75c5ec6b722cd83cf135a8480457c837,True,0,12574,0,44747,7221032,57321,"129.5,118.5,66.7","103:154,83:148,44:106",
gli,train,BraTS-GLI-02828-100,gli-02828,100,182x218x182,1.00x1.00x1.00,2737.3173828125,0.25883087071210875,179b2cb911ce9a4d4c0f591eb16ef4e3,77d2e4547dc09b4c2444b0a27ebf34f0,True,0,25827,0,59874,7221032,85701,"104.2,139.7,122.8","86:128,89:190,81:154",
gli,train,BraTS-GLI-02828-101,gli-02828,101,182x218x182,1.00x1.00x1.00,2984.926513671875,0.25035922843161473,101bd02771eb8265803d328f5042deb7,cd6382c1d90c9ee852b8af7ee7469837,True,0,25757,0,56221,7221032,81978,"104.3,140.6,121.6","86:128,88:190,81:151",
gli,train,BraTS-GLI-02829-100,gli-02829,100,182x218x182,1.00x1.00x1.00,7486.970703125,0.20629350486190892,ad287fb7b406c51064e28f7b04026a1b,8f5edae0a69fc5716d1c3b346e147cfc,True,0,61273,3877,33952,7221032,99102,"68.3,64.7,103.8","31:119,29:122,63:142",
gli,train,BraTS-GLI-02829-101,gli-02829,101,182x218x182,1.00x1.00x1.00,8360.033203125,0.19729617594825782,96675be945d0eee78abe7e66b33fa67e,5d7efa632a5324c55046afca26d416b1,True,0,64365,5724,35224,7221032,105313,"69.4,67.5,105.4","30:126,29:132,63:147",
gli,train,BraTS-GLI-02830-100,gli-02830,100,182x218x182,1.00x1.00x1.00,6823.232421875,0.24906398420613562,0ed53d3541e6af57d6ae2fd887ca844f,55fac066fc0e3427a0b4c2b4959f745d,True,0,35114,0,8555,7221032,43669,"69.7,146.9,120.7","47:86,107:190,92:150",
gli,train,BraTS-GLI-02830-101,gli-02830,101,182x218x182,1.00x1.00x1.00,8958.2080078125,0.2440652527228795,1d746cfd1d9a308e78775c2abe058959,8da9d79a4a4f6090ce48956015d48831,True,0,28677,0,18874,7221032,47551,"70.1,145.8,121.6","46:87,107:190,91:150",
gli,train,BraTS-GLI-02831-100,gli-02831,100,182x218x182,1.00x1.00x1.00,8477.6923828125,0.17984977770490423,2b19f55beaa3a60d392b5225668a6cbe,52d7ce827b026fcdd3012f5ca8af6417,True,0,13817,0,5478,7221032,19295,"58.9,52.3,95.4","36:80,32:76,67:119",
gli,train,BraTS-GLI-02831-101,gli-02831,101,182x218x182,1.00x1.00x1.00,9023.474609375,0.1761928211923171,71b50664c4f2b7b981f6f746bbb6bf60,47cf0b08cabed25791834171be0c0726,True,0,10488,0,3587,7221032,14075,"60.6,52.2,94.2","38:79,33:78,68:115",
gli,train,BraTS-GLI-02832-100,gli-02832,100,182x218x182,1.00x1.00x1.00,7033.1181640625,0.20369429189622756,5f9be0dc6b1a87fac1f2e94cfe66ba32,d741aad3b527eb8587b43a89ea2fd007,True,0,87978,588,44748,7221032,133314,"80.2,134.1,83.0","36:132,77:177,48:129",
gli,train,BraTS-GLI-02832-101,gli-02832,101,182x218x182,1.00x1.00x1.00,7762.92431640625,0.19705341286397846,68a49e0350de53514f3b391e18ffc861,2f451e3c6f4f46b35d00fe1a0ab2dc03,True,0,77466,377,44747,7221032,122590,"79.0,134.8,82.8","35:131,77:176,49:129",
gli,train,BraTS-GLI-02833-100,gli-02833,100,182x218x182,1.00x1.00x1.00,10162.5,0.2116912097882962,750379cc889cee8b8828414dc0ecbae5,cb9b53a1d53661ebe8783d8938f3fbe7,True,0,34070,136,53138,7221032,87344,"69.2,139.8,79.6","36:125,82:177,45:125",
gli,train,BraTS-GLI-02833-101,gli-02833,101,182x218x182,1.00x1.00x1.00,8191.10693359375,0.20577003397852273,7dc0ab95d40e7f21fb64da7429c94393,8a5fdf3748f31bc3e83f7465e6c027f8,True,0,45622,199,49272,7221032,95093,"72.5,138.8,81.0","35:129,83:176,46:128",
gli,train,BraTS-GLI-02834-100,gli-02834,100,182x218x182,1.00x1.00x1.00,9695.71484375,0.2247905839497734,41e3b085bbcb24025ddc94ee32e12dfc,049659a4a2d7b87167ee5e0a7a461192,True,851,24896,2448,684,7221032,28879,"78.6,115.0,108.5","50:122,73:151,80:135",
gli,train,BraTS-GLI-02834-101,gli-02834,101,182x218x182,1.00x1.00x1.00,8018.83203125,0.21791248120767226,bc5840379ef2ea73ad39bb859066617f,12b18bb125a9ba519f586e0c4d8a3790,True,1015,41987,2870,696,7221032,46568,"82.2,114.1,106.9","47:130,71:157,81:137",
gli,train,BraTS-GLI-02835-100,gli-02835,100,182x218x182,1.00x1.00x1.00,9550.3642578125,0.21532670122497727,22a44bb0b6e5cf052be182b2dff299e6,90976bc921e09dd875ccc9665aa237a5,True,0,12796,0,21587,7221032,34383,"50.6,97.6,115.3","32:78,72:130,94:142",
gli,train,BraTS-GLI-02835-101,gli-02835,101,182x218x182,1.00x1.00x1.00,5923.94287109375,0.23758030708076075,0be9c11283349ffd2a7f8a2059c5c343,c8807a593d08ff52ca5cc46a305a96d8,True,0,19277,0,26322,7221032,45599,"51.0,96.7,116.1","29:79,66:129,92:142",
gli,train,BraTS-GLI-02836-100,gli-02836,100,182x218x182,1.00x1.00x1.00,2493.08984375,0.20556590803087427,ceb01ab492ba1401fb6931a8d9937e1b,0bfb27a1d915f0d12e257e81007b9610,True,0,13126,0,58833,7221032,71959,"56.0,125.3,83.6","29:90,83:156,51:119",
gli,train,BraTS-GLI-02836-101,gli-02836,101,182x218x182,1.00x1.00x1.00,3053.406494140625,0.20239738585842024,a974f9923dadaad8ed8172552c8c4916,c9397da534bb6e1783707a44a62e34d5,True,0,15116,0,59055,7221032,74171,"55.8,125.4,83.9","28:90,82:155,52:118",
gli,train,BraTS-GLI-02837-100,gli-02837,100,182x218x182,1.00x1.00x1.00,8693.4541015625,0.21211358708838293,5c7485a5f599fd802f059934068253b7,0922b6c82c722b425453b27e4ce26230,True,0,3112,0,0,7221032,3112,"71.3,75.2,90.1","52:87,48:97,57:116",
gli,train,BraTS-GLI-02837-101,gli-02837,101,182x218x182,1.00x1.00x1.00,10504.26953125,0.20857184956388505,d4d4ea85aa5353261cb376a6b31e583f,f8ff2e6e688049bd70aaf47404fa8573,True,0,3922,0,0,7221032,3922,"70.2,77.4,94.4","50:89,48:99,57:117",
gli,train,BraTS-GLI-02838-100,gli-02838,100,182x218x182,1.00x1.00x1.00,11018.7734375,0.20260455846200376,38697cd7b5b89a26d7006ccb03b135e1,c2d5396bb98946e125ece1b407e61910,True,0,27032,0,29179,7221032,56211,"128.0,139.1,100.0","103:151,95:172,61:129",
gli,train,BraTS-GLI-02838-101,gli-02838,101,182x218x182,1.00x1.00x1.00,11369.6494140625,0.19312724275422127,6506adbac78325b2a88d25cf44ba648f,d654ee4b64394f1869f8fa364f531fa3,True,0,27638,0,26796,7221032,54434,"127.7,138.9,100.0","103:151,99:172,61:129",
gli,train,BraTS-GLI-02839-100,gli-02839,100,182x218x182,1.00x1.00x1.00,7878.908203125,0.21961223825070988,64fef2a003b25519b8d1c0454cfe9c81,10ec610b3576a089de70d2b9ad57d7f5,True,0,8025,0,4498,7221032,12523,"121.3,108.4,124.0","102:145,94:121,105:144",
gli,train,BraTS-GLI-02839-101,gli-02839,101,182x218x182,1.00x1.00x1.00,8780.107421875,0.21321024474064096,912642726eae624636ea89844d8037f2,61b01fd7b5803ed0f638cda1962fbb7c,True,0,8129,0,3917,7221032,12046,"120.5,108.3,123.7","102:144,92:122,105:145",
gli,train,BraTS-GLI-02840-100,gli-02840,100,182x218x182,1.00x1.00x1.00,9090.130859375,0.20165164757613593,5eef5fe5f0c3b7a56b8cfa8ffd29713b,3d13c5a1cd22df0af540b1f8bf56a4bd,True,86,53034,843,26417,7221032,80380,"71.1,78.5,111.4","41:106,46:120,44:152",
gli,train,BraTS-GLI-02840-101,gli-02840,101,182x218x182,1.00x1.00x1.00,7378.048828125,0.1984149910982253,6c9c8d9a761275e75a19f2081d4b0f21,e9607da3d83966d8bb303322b4618e61,True,608,76271,4408,30612,7221032,111899,"70.2,80.5,108.1","38:108,40:136,42:155",
gli,train,BraTS-GLI-02842-100,gli-02842,100,182x218x182,1.00x1.00x1.00,5913.2802734375,0.2221513490038543,e6d59ada52ec02003c8b2b4cb625aa31,7f9b12d0fb236dcc28d3a98f2277e652,True,216,24443,15090,52276,7221032,92025,"111.0,53.0,89.6","55:143,16:129,37:134",
gli,train,BraTS-GLI-02842-101,gli-02842,101,182x218x182,1.00x1.00x1.00,15881.544921875,0.2240228266541403,afcb0c989dfefb386a38bdd54748ac02,00c6c0264ed3b41c806cc6e1113231f1,True,2099,53636,53133,40750,7221032,149618,"111.2,64.4,89.1","59:146,17:147,27:131",
gli,train,BraTS-GLI-02843-100,gli-02843,100,182x218x182,1.00x1.00x1.00,7434.4658203125,0.18975113252510167,3ab5fa3d6d2270c515354d4832151a79,ab71139c0225b060c3093a8d21c8f180,True,0,13703,0,9443,7221032,23146,"108.4,81.7,121.7","96:130,57:104,102:142",
gli,train,BraTS-GLI-02843-101,gli-02843,101,182x218x182,1.00x1.00x1.00,10434.7333984375,0.19210633604725752,09fe112299c42bc26efb5ccd45d34f76,a0bc41d25abd2fa669efafa5de2bc9fe,True,0,15430,0,14395,7221032,29825,"109.4,81.8,124.9","96:132,58:104,102:147",
gli,train,BraTS-GLI-02844-100,gli-02844,100,182x218x182,1.00x1.00x1.00,7852.08740234375,0.2178350684500498,276c2182a80770b5985b92c7e1adca92,ca725540d0c90cd331a11e0991b6cd42,True,0,4400,0,6539,7221032,10939,"137.0,119.4,102.8","120:149,103:135,87:121",
gli,train,BraTS-GLI-02844-101,gli-02844,101,182x218x182,1.00x1.00x1.00,9280.166015625,0.21901301642202942,8e0e8baeeb42cc1d08cdddd38895eb28,fed19dca03406ee095216d0de565751a,True,0,5136,0,6596,7221032,11732,"136.8,119.9,102.2","87:150,90:136,13:122",
gli,train,BraTS-GLI-02845-100,gli-02845,100,182x218x182,1.00x1.00x1.00,5306.46533203125,0.1921142296558165,4f618db3c607688a38df1b219e6236b8,979d47d86f3550503bef548468943d16,True,0,17414,0,676,7221032,18090,"110.9,93.5,103.9","98:130,60:128,87:128",
gli,train,BraTS-GLI-02845-101,gli-02845,101,182x218x182,1.00x1.00x1.00,6617.07861328125,0.1835860857561634,35916e1501b821c2082e386f5fd182b9,5923082aa16fad61265dd7855ca692aa,True,0,17439,0,890,7221032,18329,"111.4,92.8,104.9","97:133,60:127,87:129",
gli,train,BraTS-GLI-02846-100,gli-02846,100,182x218x182,1.00x1.00x1.00,5208.12744140625,0.2347062026591213,67e5526813dabae51ca31cd31b626b39,d397ebe3c2d0bfa2f2127253ad1986c0,True,7626,137793,27198,10190,7221032,182807,"85.9,112.8,89.7","39:144,23:189,46:140",
gli,train,BraTS-GLI-02846-101,gli-02846,101,182x218x182,1.00x1.00x1.00,8230.958984375,0.23381214762654423,9dbfd3b3f349ed98c0c4ab62633e4716,a9e5e4c8c320b0fbdbf25cd78865d4cd,True,25052,196387,49569,10376,7221032,281384,"83.8,111.3,91.4","35:144,22:192,43:141",
gli,train,BraTS-GLI-02847-100,gli-02847,100,182x218x182,1.00x1.00x1.00,7079.2861328125,0.23941744060959708,6c0feceeb7453bd9ec824b71c62e62cb,09a9c440296c9560c4aabdfe586864d3,True,0,40093,0,20796,7221032,60889,"109.7,117.0,127.3","67:137,62:160,86:155",
gli,train,BraTS-GLI-02847-101,gli-02847,101,182x218x182,1.00x1.00x1.00,7265.72314453125,0.2299567430250967,864b6fc9c5a8e48182965f9100a2ef90,256bfc37050320dbc8070614c64611b6,True,0,38604,0,19951,7221032,58555,"109.8,115.8,127.0","67:134,63:156,90:155",
gli,train,BraTS-GLI-02848-100,gli-02848,100,182x218x182,1.00x1.00x1.00,7557.798828125,0.21230081794402794,38d0e6b6cce8ea84c9667762cfbbb5c8,9aa59f1ea6ec77e2b5e9d30282635d3d,True,0,106115,0,3438,7221032,109553,"72.9,86.7,115.6","35:125,42:131,83:152",
gli,train,BraTS-GLI-02848-101,gli-02848,101,182x218x182,1.00x1.00x1.00,7738.5478515625,0.2068381638524798,ad0a2f6f9f3df06930ec22c73582eea0,f09e8719a1670a43e481efa972e28204,True,0,111965,0,4041,7221032,116006,"71.7,85.2,115.3","33:126,37:132,83:153",
gli,train,BraTS-GLI-02849-100,gli-02849,100,182x218x182,1.00x1.00x1.00,9127.1201171875,0.20319450183851837,50a0d6af1d379631cb35f69ebc9efb38,e0e93bfd321e5d5fceacaec751f02d22,True,0,37856,0,37341,7221032,75197,"55.1,148.2,76.9","28:80,93:190,44:108",
gli,train,BraTS-GLI-02849-101,gli-02849,101,182x218x182,1.00x1.00x1.00,10247.6240234375,0.19505508353930573,82575cd9b6526e8f4e93fb167dfa6e59,8aa35f9632fb1849569b79835698bcb5,True,0,38894,0,34708,7221032,73602,"55.6,148.6,77.0","28:80,96:191,44:108",
gli,train,BraTS-GLI-02851-100,gli-02851,100,182x218x182,1.00x1.00x1.00,7036.71044921875,0.19311173250582464,df2286d5b99b645c7052770f080252b9,ab51d87be0636c4e87d99f8b5ec304ef,True,0,10784,0,7500,7221032,18284,"81.7,71.5,128.6","64:114,47:98,87:154",
gli,train,BraTS-GLI-02851-101,gli-02851,101,182x218x182,1.00x1.00x1.00,8353.314453125,0.18566002754176966,a201d6e46f145e3fa844d9a58a8b0f97,39f69a03c8033c9b313d3e68709ed115,True,0,12419,0,6870,7221032,19289,"81.4,71.8,129.2","65:113,51:94,91:153",
gli,train,BraTS-GLI-02852-100,gli-02852,100,182x218x182,1.00x1.00x1.00,7275.943359375,0.18122049590695624,f117495148252ab7a5c0dba50ddd2e55,f2550ae1be2dcf3f16ee2638f1c09d74,True,474,32387,14380,9615,7221032,56856,"119.1,116.7,90.4","70:152,86:151,44:126",
gli,train,BraTS-GLI-02852-101,gli-02852,101,182x218x182,1.00x1.00x1.00,7559.84912109375,0.17459568106054646,0e1f9f595fa5cc3c6b204ed2e29538cd,cdf5f08c577f5321a85a4208d263df71,True,1633,41284,7075,12157,7221032,62149,"117.9,116.7,91.8","71:154,51:151,29:124",
gli,train,BraTS-GLI-02854-100,gli-02854,100,182x218x182,1.00x1.00x1.00,2956.423583984375,0.23774316468892534,d38e250719c711105b0a652f3ff6be19,c7a405f8da8965cf2e3c5c7327ab8b7f,True,0,25772,0,25773,7221032,51545,"123.0,50.7,96.4","98:150,21:107,60:122",
gli,train,BraTS-GLI-02854-101,gli-02854,101,182x218x182,1.00x1.00x1.00,3250.66552734375,0.22540185391783335,164a62870b6981a73bc63cba3a02eebf,eab320a082077e8a08a930d2d627d1e6,True,0,27187,0,21693,7221032,48880,"122.5,51.9,96.1","98:150,21:108,58:125",
gli,train,BraTS-GLI-02855-100,gli-02855,100,182x218x182,1.00x1.00x1.00,2365.893798828125,0.19956025676108347,78ae4f29a933c7636cd06b91e3c206a1,63f619663d2a13605de71450980d07c4,True,0,24694,0,16726,7221032,41420,"72.4,63.9,96.8","46:115,36:119,58:124",
gli,train,BraTS-GLI-02855-101,gli-02855,101,182x218x182,1.00x1.00x1.00,2436.23681640625,0.191846539386614,8738ade3f44a24e8305b3b9af6184298,e79c2b7727033a4fd412448f08351cc3,True,0,25722,0,15275,7221032,40997,"72.1,64.8,95.5","47:115,37:118,58:123",
gli,train,BraTS-GLI-02856-100,gli-02856,100,182x218x182,1.00x1.00x1.00,3565.953369140625,0.23596918002856102,07c9411571c9ed0d5c901e4a16561661,cf8807676b2600d20445880cc32e4938,True,0,18310,0,7391,7221032,25701,"129.5,101.6,96.2","109:152,75:132,79:112",
gli,train,BraTS-GLI-02856-101,gli-02856,101,182x218x182,1.00x1.00x1.00,3683.078369140625,0.2279100826585452,ffcb0c8b29f2acbca595158363ffb5ea,a5af9c099b689fbef5684b49074f74bc,True,0,11054,0,9645,7221032,20699,"130.9,101.1,96.7","107:153,75:131,82:111",
gli,train,BraTS-GLI-02857-100,gli-02857,100,182x218x182,1.00x1.00x1.00,7901.7001953125,0.21295349473593247,a505c11266b26c22beb85d95c9085d07,7e8a51b32729f0667c07725b09c01abc,True,96,50109,7017,14470,7221032,71692,"125.0,114.3,86.6","95:155,59:166,44:126",
gli,train,BraTS-GLI-02857-101,gli-02857,101,182x218x182,1.00x1.00x1.00,11228.3798828125,0.2073187045840539,72f44ea8dfa74a04db82fe70523a5e1e,fb391d29287a55a65bdd88fde0e43c59,True,361,49043,8217,14225,7221032,71846,"124.7,114.4,85.6","90:155,59:165,44:124",
gli,train,BraTS-GLI-02858-100,gli-02858,100,182x218x182,1.00x1.00x1.00,7129.5029296875,0.16526640513433538,b15c57ff7f2f0bccc5ba776675c8eb54,9b5af6cf1a9065fa32798b2a980888cd,True,0,12351,0,7814,7221032,20165,"125.9,79.2,98.9","107:144,56:100,81:119",
gli,train,BraTS-GLI-02858-101,gli-02858,101,182x218x182,1.00x1.00x1.00,6082.42724609375,0.16099582441955665,c43f9e75182f6f12673e7fc4e3df193d,7315cff1de6f503f29e70b68c3fa4d30,True,0,10899,0,8717,7221032,19616,"126.3,79.0,99.0","107:145,56:100,82:120",
gli,train,BraTS-GLI-02859-100,gli-02859,100,182x218x182,1.00x1.00x1.00,3419.364501953125,0.18864810459225217,c6d10f658bd12ec2761b353755ef846e,e102580388f207b313024e5cb456b0ed,True,0,62422,0,2313,7221032,64735,"93.6,108.1,109.6","55:124,51:147,78:143",
gli,train,BraTS-GLI-02859-101,gli-02859,101,182x218x182,1.00x1.00x1.00,9050.283203125,0.18022507032235835,329dea6804a7e594a9c93421fb098ea4,9ed77ec8f291e58ce7b2fa8501f2c954,True,0,56542,0,3715,7221032,60257,"92.2,103.8,108.5","54:125,43:147,59:144",
gli,train,BraTS-GLI-02860-100,gli-02860,100,182x218x182,1.00x1.00x1.00,3543.31005859375,0.17830720041124315,be2130348d734eddf0c330fd15f35065,3bdc4bfb44a338a83524524070382641,True,0,18252,0,15519,7221032,33771,"64.2,140.5,97.4","44:84,114:168,73:120",
gli,train,BraTS-GLI-02860-101,gli-02860,101,182x218x182,1.00x1.00x1.00,2516.8173828125,0.17184455075119456,3d0ab65ffd0fe051c35d30e0dc1c2511,5bab0563e89fde6ff8d18deb486dfe68,True,0,17333,0,15196,7221032,32529,"64.2,140.4,97.2","44:83,114:167,73:120",
gli,train,BraTS-GLI-02861-100,gli-02861,100,182x218x182,1.00x1.00x1.00,6841.94677734375,0.1786262683782595,a2cb53c7596ba2bd6e278fe0574dfda0,4aad09f5ac21a673067ae541428869b5,True,0,1641,0,0,7221032,1641,"117.7,79.9,113.2","105:131,72:86,104:132",
gli,train,BraTS-GLI-02861-101,gli-02861,101,182x218x182,1.00x1.00x1.00,6025.7734375,0.16887364576143687,54423374479223a659f8730b0f20fac5,149972f6369a6767f1d0d66a1644228c,True,0,1606,0,0,7221032,1606,"117.7,80.1,113.1","106:131,72:86,104:131",
gli,train,BraTS-GLI-02862-100,gli-02862,100,182x218x182,1.00x1.00x1.00,5726.34326171875,0.23985602057988387,1c5925360122384d3c3d6fba7e055eef,042a8b8a9e66a390a744de56d3ecef43,True,0,4144,0,7701,7221032,11845,"128.4,135.6,61.7","89:144,80:154,49:89",
gli,train,BraTS-GLI-02862-101,gli-02862,101,182x218x182,1.00x1.00x1.00,4807.35888671875,0.23141526031182247,60c35a21675a0630acf80ad6f28c1eb5,ac3aa1bf1256e494368f2cb56e13dc8f,True,0,4722,0,3591,7221032,8313,"129.1,131.5,60.2","111:145,109:147,49:73",
gli,train,BraTS-GLI-02863-100,gli-02863,100,182x218x182,1.00x1.00x1.00,9765.0400390625,0.23502443971997355,6202c0d878e3d44f7eaaf141a4fda6c0,0b2f2f5c9e344c61ff1e1f8c88ab3263,True,0,18962,843,17488,7221032,37293,"50.1,63.2,70.8","25:79,29:99,47:106",
gli,train,BraTS-GLI-02863-101,gli-02863,101,182x218x182,1.00x1.00x1.00,9306.1533203125,0.2277124654758489,eccfe5097b04c1e36df55376021edd3a,1d4dcc5e12862fd18826465926a86f8c,True,0,26148,2616,15612,7221032,44376,"52.3,62.9,74.8","26:80,30:103,47:112",
gli,train,BraTS-GLI-02864-100,gli-02864,100,182x218x182,1.00x1.00x1.00,7423.77587890625,0.2186410474292317,8c87c3b8253caff7cdacacb4b64ce1cf,7f7d2ddba0f2204b4dd550d1ed476b46,True,824,174025,3980,2214,7221032,181043,"86.5,100.1,112.7","35:141,41:164,75:152",
gli,train,BraTS-GLI-02864-101,gli-02864,101,182x218x182,1.00x1.00x1.00,8432.90625,0.21152184341517943,2ab2824de4cf7072cc8646cbc0894cb3,80c8e5f4e146f31ac59bb72604464d0f,True,791,169380,3436,758,7221032,174365,"87.4,100.8,112.7","36:140,43:163,76:150",
gli,train,BraTS-GLI-02865-100,gli-02865,100,182x218x182,1.00x1.00x1.00,2729.87109375,0.23236927907257576,85f9b782dddc64d755a7359de6ad641e,711f526659718b9152aea9b4d6199103,True,0,36914,0,1616,7221032,38530,"68.3,94.1,117.4","47:91,60:131,92:149",
gli,train,BraTS-GLI-02865-101,gli-02865,101,182x218x182,1.00x1.00x1.00,1323.5733642578125,0.22461927879560706,d85af48685e9da5ff27bdd60e6bab3be,bbf02bd43df10fead11cb1c397f9352c,True,0,35458,0,1321,7221032,36779,"68.4,94.2,117.3","46:93,60:131,90:149",
gli,train,BraTS-GLI-02866-100,gli-02866,100,182x218x182,1.00x1.00x1.00,7791.4609375,0.20664234696647238,8d0d0f87a174ee7637d2f5050fdf8826,7bfcf05a57921b295cce5f6daa9b57bb,True,0,11235,0,55392,7221032,66627,"127.5,126.0,64.2","100:155,88:155,39:91",
gli,train,BraTS-GLI-02866-101,gli-02866,101,182x218x182,1.00x1.00x1.00,9258.787109375,0.2010463324355854,033f9f6196ffa270aa039eff44bc1187,2f553a86f32f3039bf8e5063e57eee92,True,0,12288,0,26067,7221032,38355,"123.3,128.1,62.9","101:156,86:153,41:90",
gli,train,BraTS-GLI-02867-100,gli-02867,100,182x218x182,1.00x1.00x1.00,7582.5478515625,0.20213800465085877,10b00c12f5efb1c208f1ff590de1984f,770e9ccb1150beacc7145d08e957ca0e,True,0,4825,0,7263,7221032,12088,"100.5,176.6,85.5","88:114,147:191,67:111",
gli,train,BraTS-GLI-02867-101,gli-02867,101,182x218x182,1.00x1.00x1.00,7495.9677734375,0.19782033925344744,5b6b30a13fada08dc810473292747e1e,9f003d18d52ee733725b54fe96d5f946,True,0,5462,0,6428,7221032,11890,"100.6,175.9,85.4","89:115,138:193,67:110",
gli,train,BraTS-GLI-02868-100,gli-02868,100,182x218x182,1.00x1.00x1.00,9158.2626953125,0.2334396246963038,d31f48a7713e91dc2cd67959b04f1f75,5a86d745ab6c6284ea99f687a06df913,True,1695,118264,37679,22357,7221032,179995,"115.2,67.6,103.7","87:152,13:122,65:150",
gli,train,BraTS-GLI-02868-101,gli-02868,101,182x218x182,1.00x1.00x1.00,7858.0009765625,0.21880667472461,38773dd59a490223b38060949b21ec6c,b97481c0ae612b86cb319f275fbecb74,True,612,12715,13174,16642,7221032,43143,"116.2,47.5,94.1","93:137,14:101,71:121",
gli,train,BraTS-GLI-02869-100,gli-02869,100,182x218x182,1.00x1.00x1.00,8736.361328125,0.20399314114658404,d30ee19316174a55126e1cb554fb7dac,921cea93f4e0a0db4f40e052adfc9685,True,0,50050,296,0,7221032,50346,"106.5,104.5,115.6","47:137,55:154,82:144",
gli,train,BraTS-GLI-02869-101,gli-02869,101,182x218x182,1.00x1.00x1.00,10384.67578125,0.19629631886411802,60d65c7f438bb6d8762bc6c9a550c21f,962b2d6e7c4a6621e0761a4ab6efccba,True,0,48774,481,0,7221032,49255,"106.1,104.8,115.3","47:137,54:155,83:144",
gli,train,BraTS-GLI-02870-100,gli-02870,100,182x218x182,1.00x1.00x1.00,3147.655029296875,0.23790657623453268,da0c195c4a532a7484bcc1fcf4dec188,64398a27e31c0b81add263a0ecd85d32,True,0,63351,138,37387,7221032,100876,"99.8,132.2,111.4","57:139,80:188,67:143",
gli,train,BraTS-GLI-02870-101,gli-02870,101,182x218x182,1.00x1.00x1.00,3682.21923828125,0.23202279120214395,ec8189ac64e96cfb2b561f75b63d8f2a,fec387cec25ec5e1a25565474643d859,True,0,66909,525,41702,7221032,109136,"100.0,132.0,110.5","57:139,81:175,64:140",
gli,train,BraTS-GLI-02871-100,gli-02871,100,182x218x182,1.00x1.00x1.00,3496.435791015625,0.2070841120770549,ba75c63406b90656e2e2d0d43835628b,5a686cdd8ed1cd05052ce0f0fdf8eea5,True,0,8431,0,22941,7221032,31372,"102.3,141.5,122.0","73:123,120:174,96:148",
gli,train,BraTS-GLI-02871-101,gli-02871,101,182x218x182,1.00x1.00x1.00,2932.264404296875,0.19918939564317123,9a11c713de123161aeaef15a58969421,44663716bfd3b656357dde61f11e6e24,True,0,11845,0,23874,7221032,35719,"101.0,140.8,119.9","70:127,114:169,85:149",
gli,train,BraTS-GLI-02872-100,gli-02872,100,182x218x182,1.00x1.00x1.00,3433.111083984375,0.22894109872383892,5bae139c9c7d9ecda287fcbc902c64d7,354696330bbeae7219291c5b760b82d0,True,916,103783,12495,7537,7221032,124731,"52.4,91.0,99.7","24:88,38:153,38:146",
gli,train,BraTS-GLI-02872-101,gli-02872,101,182x218x182,1.00x1.00x1.00,7221.01708984375,0.21761861739430044,a717b2d20c0391021103aa5d8663acb6,a3655d45d580e508ed276fa751078a26,True,1652,108018,11185,7244,7221032,128099,"52.6,88.8,99.3","25:89,27:150,38:143",
gli,train,BraTS-GLI-02873-100,gli-02873,100,182x218x182,1.00x1.00x1.00,7566.25048828125,0.2103404333341827,8145e0790badb8c54d18f81a0e1b69d5,9ef01b963f1cfed5c6bf61b0fe29afb3,True,0,4353,0,50271,7221032,54624,"132.3,112.7,64.7","103:152,57:146,42:86",
gli,train,BraTS-GLI-02873-101,gli-02873,101,182x218x182,1.00x1.00x1.00,11678.9521484375,0.2037825064339834,91af153eb08df96f7a27bdb468195e54,97ac0a18954490b1a5b86a9be1a6cfab,True,0,5059,0,47869,7221032,52928,"132.0,113.1,64.9","106:151,56:148,43:85",
gli,train,BraTS-GLI-02874-100,gli-02874,100,182x218x182,1.00x1.00x1.00,6166.0517578125,0.26238881090680666,fa9554c7560a753296fca2311a81e4b7,c27f9dcab3fd7f0511ac9e825d629d1e,True,303,61440,5174,1630,7221032,68547,"55.8,78.5,100.9","22:82,34:136,48:144",
gli,train,BraTS-GLI-02874-101,gli-02874,101,182x218x182,1.00x1.00x1.00,9326.12890625,0.2673500131283174,51df25b44104620a3ba7fc31ab240714,a1b46cbc2b798bc973d1ba4a3a0b5413,True,654,122801,12622,923,7221032,137000,"58.2,83.8,102.9","24:92,32:150,45:149",
gli,train,BraTS-GLI-02875-100,gli-02875,100,182x218x182,1.00x1.00x1.00,2909.226318359375,0.25027447600287606,33ae206a1ff03027bd39a20151340890,8ac22498118556be6c397d5fe38c7d73,True,0,39736,0,10162,7221032,49898,"72.4,145.4,108.8","33:113,91:181,67:144",
gli,train,BraTS-GLI-02875-101,gli-02875,101,182x218x182,1.00x1.00x1.00,2664.725341796875,0.24332616168990803,9ed997f9bbaf2fed20f71579f0afde57,4e6b633cc7720636fe735608b4ef153f,True,0,36250,0,10016,7221032,46266,"71.7,146.2,108.6","34:113,92:181,68:144",
gli,train,BraTS-GLI-02876-100,gli-02876,100,182x218x182,1.00x1.00x1.00,7804.99365234375,0.2081713527927864,43fb61412b405679d1e70c6279b96db7,978ccecf8963f53c48a023e1e165dd1b,True,0,26948,256,67307,7221032,94511,"70.8,56.8,96.1","34:126,27:104,51:138",
gli,train,BraTS-GLI-02876-101,gli-02876,101,182x218x182,1.00x1.00x1.00,9837.5341796875,0.20437729676312194,141ad6cf35cc01bcd57579ee7cc7fa0a,eee12a87bc49e3d76a463c00c83b0bb5,True,0,26343,117,63846,7221032,90306,"72.1,56.0,97.2","33:125,30:97,50:139",
gli,train,BraTS-GLI-02877-100,gli-02877,100,182x218x182,1.00x1.00x1.00,7274.26171875,0.2473505172113903,4c877569257fb338dc87d1c2737a1899,a1868a30fe587778a6830f49162276d6,True,0,1787,0,2770,7221032,4557,"141.3,124.7,99.1","125:151,112:142,83:113",
gli,train,BraTS-GLI-02877-101,gli-02877,101,182x218x182,1.00x1.00x1.00,7968.11767578125,0.24114572543093563,6657b7bd711d995860ad37fb425f05e7,1b8815527ec7c244b2e5a207d67e34cf,True,0,1913,0,2734,7221032,4647,"141.4,125.1,99.2","124:151,113:143,82:112",
gli,train,BraTS-GLI-02878-100,gli-02878,100,182x218x182,1.00x1.00x1.00,3278.373291015625,0.2241934393865032,df68134d0de95bbc5d2018fd33d8edd4,cd4583c0c81be8efe4501e50d23c5eb4,True,0,37928,51,11842,7221032,49821,"67.9,149.2,96.6","46:101,101:185,65:129",
gli,train,BraTS-GLI-02878-101,gli-02878,101,182x218x182,1.00x1.00x1.00,3351.65625,0.21655491901988524,9b923ddb3bd7038bd556f391df526a8e,b53d36f7e435a8c78191a51c7647d7cb,True,0,33421,0,11752,7221032,45173,"68.0,149.9,97.1","46:102,101:184,66:130",
gli,train,BraTS-GLI-02879-100,gli-02879,100,182x218x182,1.00x1.00x1.00,7381.642578125,0.19023887444343135,f6f3492122620ce2b9cc7a3f174d3c3a,4565f70335bf1e7f1cf2b5f81461f675,True,0,10781,0,9417,7221032,20198,"125.4,123.9,99.9","104:146,98:144,77:132",
gli,train,BraTS-GLI-02879-101,gli-02879,101,182x218x182,1.00x1.00x1.00,11412.5107421875,0.183440677177445,c9871d5e6c7bcee7826b8d6479fe87e9,dc0165052deefc7b838944ebb15e935d,True,0,15119,0,10260,7221032,25379,"124.7,124.6,97.7","105:146,98:147,68:117",
gli,train,BraTS-GLI-02880-100,gli-02880,100,182x218x182,1.00x1.00x1.00,6170.6943359375,0.2272045048408593,fca61c1c98c68621a4b5d2fb0abd13ec,c9ed1f397c486d5192f8add38e292c5f,True,0,36278,373,18894,7221032,55545,"56.1,118.6,74.5","31:79,59:159,33:113",
gli,train,BraTS-GLI-02880-101,gli-02880,101,182x218x182,1.00x1.00x1.00,9214.7783203125,0.2286795017665065,6ffd3bb406e207617bd4a42ca8a5c920,09d7e6c1e7927701eab183070e0a0a91,True,0,35024,1459,17850,7221032,54333,"56.4,118.7,75.8","29:81,60:159,34:113",
gli,train,BraTS-GLI-02881-100,gli-02881,100,182x218x182,1.00x1.00x1.00,11507.2998046875,0.19781923137856194,cc7f3f0d12330e0db4dadd6078b1a767,ab7480a6dd6076087ffc62250fe64768,True,0,26251,372,0,7221032,26623,"91.5,103.9,98.7","51:133,68:148,46:128",
gli,train,BraTS-GLI-02881-101,gli-02881,101,182x218x182,1.00x1.00x1.00,12893.9853515625,0.1936111071104518,593d05fa9b1351f8519ffe395caaa569,448869ce9be174eb15acd81d7d50e336,True,78,28400,3320,0,7221032,31798,"86.9,97.7,97.6","51:131,56:146,48:128",
gli,train,BraTS-GLI-02882-100,gli-02882,100,182x218x182,1.00x1.00x1.00,7144.21484375,0.2435356885276232,712f7a469f13bbd1330829908516a76b,0a2416c9bb7e9e5929aaa5ae0eb31929,True,0,40165,0,31644,7221032,71809,"86.5,157.0,107.6","50:123,96:190,78:139",
gli,train,BraTS-GLI-02882-101,gli-02882,101,182x218x182,1.00x1.00x1.00,7625.9931640625,0.2370904878970208,ada1d3576814e00c70c16562a6c770b6,458a3453c1bf419227564c8a44a51abe,True,0,42776,0,29197,7221032,71973,"85.9,157.1,107.4","49:124,94:189,79:139",
gli,train,BraTS-GLI-02883-100,gli-02883,100,182x218x182,1.00x1.00x1.00,3284.7041015625,0.18848109245326708,d5bd6311d0b1977f9098c34b0581a6c1,e12a0853556e59f34f4ce730f690630e,True,0,40376,153,17099,7221032,57628,"120.3,118.4,89.2","94:148,44:160,55:118",
gli,train,BraTS-GLI-02883-101,gli-02883,101,182x218x182,1.00x1.00x1.00,2952.552978515625,0.17598523313565154,cad16c0b571ae0213719dba8582833fe,1219be5aabc528ffb021fe8d499f29eb,True,0,45203,161,18952,7221032,64316,"120.0,117.9,88.9","95:148,45:161,54:118",
gli,train,BraTS-GLI-02884-100,gli-02884,100,182x218x182,1.00x1.00x1.00,4411.1650390625,0.2294961440414611,3663d18adaba6b27656db0f184f8cbec,3dde8a23c4932b48119c83615b865dc7,True,0,15960,19462,42755,7221032,78177,"59.4,54.6,84.3","30:84,27:104,50:124",
gli,train,BraTS-GLI-02884-101,gli-02884,101,182x218x182,1.00x1.00x1.00,5355.185546875,0.2215386941921875,f765cc32865cfa94cd8fa045c9abe948,36ec5c4c4776e238e1570a94ac7a39a4,True,0,32745,25492,37728,7221032,95965,"60.5,57.4,85.5","30:94,27:110,49:134",
gli,train,BraTS-GLI-02885-100,gli-02885,100,182x218x182,1.00x1.00x1.00,7253.2880859375,0.22609898418951752,82faa0561cda6551829d5ac89ff65cb9,5590862cd8f316f718a16e7702f40a55,True,0,6602,0,5869,7221032,12471,"129.4,54.4,101.1","112:148,32:79,83:117",
gli,train,BraTS-GLI-02885-101,gli-02885,101,182x218x182,1.00x1.00x1.00,8069.36962890625,0.21355285504897362,53d5b9fa316d7b388947da1eb3eec256,3da97c7ec5599d1a8b32da8c76b36e8f,True,0,7946,3477,3517,7221032,14940,"127.9,55.0,103.5","110:148,33:78,80:127",
gli,train,BraTS-GLI-02886-100,gli-02886,100,182x218x182,1.00x1.00x1.00,3036.67431640625,0.2039864938972712,350e3909bc37d5644c92687414d11d2f,8792b962481f3b58408761fd4d70ae42,True,0,16623,1138,4754,7221032,22515,"72.2,125.3,130.0","53:97,94:152,102:150",
gli,train,BraTS-GLI-02886-101,gli-02886,101,182x218x182,1.00x1.00x1.00,2403.638427734375,0.19270569636029863,100c72b8e06dea393f343a5657d83515,668a0a2785928e2c26f5b3834de5b7fa,True,0,16722,523,4289,7221032,21534,"70.9,125.2,129.0","52:86,104:150,102:149",
gli,train,BraTS-GLI-02887-100,gli-02887,100,182x218x182,1.00x1.00x1.00,9242.30078125,0.20995918588921916,07e8d1353df28746e59d5cc6b75a63e0,e07ee4b8bd4222335ad63ae1428141f0,True,0,6895,0,325,7221032,7220,"50.9,59.6,79.1","33:69,36:92,61:108",
gli,train,BraTS-GLI-02887-101,gli-02887,101,182x218x182,1.00x1.00x1.00,8569.1591796875,0.20294176788026974,e12fa9f6f935199a8ebe8a382e7cccdb,8bbeffd3cc40c2436ddb6b118df8c1a2,True,0,5789,0,777,7221032,6566,"45.6,62.3,70.0","30:66,38:93,59:85",
gli,train,BraTS-GLI-02888-100,gli-02888,100,182x218x182,1.00x1.00x1.00,5657.93115234375,0.2525440961901291,7e8eff8c1d3d4d3fcfa4a00211c06a75,e5d3f231c2e5120697a18a26e757e412,True,0,77331,14529,2139,7221032,93999,"110.2,125.2,105.0","60:149,64:181,42:146",
gli,train,BraTS-GLI-02888-101,gli-02888,101,182x218x182,1.00x1.00x1.00,11453.84375,0.24662527461448724,1555e98232e7f1af9e4fbb9921314741,d9657b23429269b735e9edaf59c4638c,True,0,109771,9573,3853,7221032,123197,"104.8,122.6,106.3","47:147,49:177,44:148",
gli,train,BraTS-GLI-02889-100,gli-02889,100,182x218x182,1.00x1.00x1.00,7604.10302734375,0.23060748103595166,c88575ab23940d6949093566e71d44f9,1f071df10d512f68e141f9ac01d66edb,True,0,7026,0,7140,7221032,14166,"119.7,137.6,119.1","104:140,115:155,97:141",
gli,train,BraTS-GLI-02889-101,gli-02889,101,182x218x182,1.00x1.00x1.00,7266.87939453125,0.22163424840105958,6a10dd66327921630a88464b57b47d7e,227fb4a61ba8da9f63b23891bba21589,True,0,8255,0,6543,7221032,14798,"119.2,137.4,118.9","103:140,115:155,96:140",
gli,train,BraTS-GLI-02890-100,gli-02890,100,182x218x182,1.00x1.00x1.00,5408.96826171875,0.21932031321838763,d4dcecac6d8952835ca619843be4ed3f,98a56f8e376becac6560a1ba32fca802,True,60,17637,1192,111112,7221032,130001,"116.9,133.9,93.4","81:147,88:178,48:139",
gli,train,BraTS-GLI-02890-101,gli-02890,101,182x218x182,1.00x1.00x1.00,7334.36328125,0.20793385211421303,2bd4dbf79eb6224a751c065eb3b0721d,c4dec1ca96856a51b0fcb931400a5c5e,True,20,17382,1485,109114,7221032,128001,"116.7,134.3,92.7","69:148,88:177,48:135",
gli,train,BraTS-GLI-02891-100,gli-02891,100,182x218x182,1.00x1.00x1.00,6792.07958984375,0.231543496829816,fba93545cbea16247759ddad69f0006c,6d0f41b7249663f27a9caa58fa4d1daa,True,0,25757,0,3620,7221032,29377,"63.3,59.6,97.9","39:84,28:97,71:125",
gli,train,BraTS-GLI-02891-101,gli-02891,101,182x218x182,1.00x1.00x1.00,8321.1455078125,0.2270636662460435,359dc0792ec7bac5b752a903c7fcec37,63846e8d07df9100e94cf4db61a06324,True,0,25892,0,2861,7221032,28753,"64.0,58.9,98.5","40:84,31:95,71:128",
gli,train,BraTS-GLI-02892-100,gli-02892,100,182x218x182,1.00x1.00x1.00,8303.6767578125,0.22354256289128757,f6842095140db6c2fd93948d50358248,88555b4501b9727ac2db80a87a19e755,True,3533,74789,56972,15693,7221032,150987,"110.2,131.0,90.4","62:154,31:192,50:136",
gli,train,BraTS-GLI-02892-101,gli-02892,101,182x218x182,1.00x1.00x1.00,7864.98388671875,0.2130311844622763,68f24379ab05f372bc2b9c1589b4655b,052f03cf3522b20a6337692dbec2742d,True,6603,85925,59537,15997,7221032,168062,"103.7,128.8,91.5","53:147,29:182,57:143",
gli,train,BraTS-GLI-02893-100,gli-02893,100,182x218x182,1.00x1.00x1.00,9036.1552734375,0.22722098447978073,de6d5a3726725309ef5f915afbe31ca9,a06361a24039ed730e044f4c469c4fd4,True,280,54652,7496,107,7221032,62535,"125.3,92.9,108.2","99:156,50:130,73:135",
gli,train,BraTS-GLI-02893-101,gli-02893,101,182x218x182,1.00x1.00x1.00,7085.1552734375,0.21755643791635323,285bff208c7f42ae6c108c25e5f41b3a,31f1a4747d92fe03171b10acf5e27ab6,True,309,41231,4641,0,7221032,46181,"124.9,92.2,111.6","100:153,55:126,80:136",
gli,train,BraTS-GLI-02894-100,gli-02894,100,182x218x182,1.00x1.00x1.00,7724.595703125,0.247021339886044,fcf3e8d5a8c13043d96d736ced27cb8b,e78d3d8fd47b9757630cc5fe539ac47e,True,0,32256,0,17119,7221032,49375,"116.7,117.2,120.6","92:140,76:162,91:145",
gli,train,BraTS-GLI-02894-101,gli-02894,101,182x218x182,1.00x1.00x1.00,13262.6005859375,0.23229463600216702,d27aeaff804f65ae535260248afb8183,25be4ce65ca2c86300844255a427a4b4,True,0,30169,0,15337,7221032,45506,"116.0,115.3,121.0","93:140,79:154,91:146",
gli,train,BraTS-GLI-02895-100,gli-02895,100,182x218x182,1.00x1.00x1.00,3172.645263671875,0.2475684915951072,760747edefb79d5e42b3d2f75c32a256,3ac79adc5d7482ee65dca4399ec4ce92,True,0,16515,469,455,7221032,17439,"101.1,98.1,119.7","89:114,77:122,98:152",
gli,train,BraTS-GLI-02895-101,gli-02895,101,182x218x182,1.00x1.00x1.00,2941.288818359375,0.23377544927096294,eccbb6021349aca2227d6c1c237cb2ab,d5d5955a53c3e76873ac6875c8d070f9,True,0,18509,0,1364,7221032,19873,"101.0,98.8,120.4","90:114,77:121,99:153",
gli,train,BraTS-GLI-02896-100,gli-02896,100,182x218x182,1.00x1.00x1.00,7539.55712890625,0.2595023813770663,a6a91356f3f4df55eba587dbe383ec3b,46c02c2b3339af74efb199abcadd9c4b,True,1535,42187,32727,1158,7221032,77607,"44.9,107.7,78.2","15:84,43:168,40:129",
gli,train,BraTS-GLI-02896-101,gli-02896,101,182x218x182,1.00x1.00x1.00,9757.6591796875,0.2576432288348812,34071e1e67fc410dc56ee549816f71f5,b2a50cb263cc904acb2c33fd5f90865a,True,13851,55565,47749,967,7221032,118132,"43.5,110.5,78.4","13:117,38:170,38:116",
gli,train,BraTS-GLI-02897-100,gli-02897,100,182x218x182,1.00x1.00x1.00,5222.8623046875,0.21398423383250484,cd46b1b56f2ff2fbcb32eb19c6c9576f,8afc8973c50f916861b1dd74132338bf,True,0,15627,0,18335,7221032,33962,"120.9,124.8,82.3","92:147,85:147,55:121",
gli,train,BraTS-GLI-02897-101,gli-02897,101,182x218x182,1.00x1.00x1.00,6875.75048828125,0.2095379164640179,c6164296469d3624269c32f65102ec23,e59af498e99699d19da58d297206efbb,True,0,16461,0,20028,7221032,36489,"121.1,125.6,82.8","93:154,85:153,56:119",
gli,train,BraTS-GLI-02898-100,gli-02898,100,182x218x182,1.00x1.00x1.00,9214.1025390625,0.2146461890765752,b9be261642f2cbc551b81b6aee06df0e,1cadac6eed03f0d87cc4fb21d918fc22,True,5528,47017,11217,9644,7221032,73406,"120.3,81.7,101.5","76:150,37:148,59:135",
gli,train,BraTS-GLI-02898-101,gli-02898,101,182x218x182,1.00x1.00x1.00,6597.17138671875,0.19768351670509146,da50e262646b721052db113372699b68,103fb02b260ebdd531cf6adfadeab9f6,True,5023,54596,13498,8625,7221032,81742,"119.9,79.8,103.8","74:150,36:149,60:138",
gli,train,BraTS-GLI-02899-100,gli-02899,100,182x218x182,1.00x1.00x1.00,6779.06494140625,0.21796939827991346,b627f3fc8ec5c014ab70dea8155e387d,c0846d6a9db6498d36af5fa523343c7f,True,0,58605,0,21453,7221032,80058,"108.8,105.6,123.0","59:144,60:138,84:153",
gli,train,BraTS-GLI-02899-101,gli-02899,101,182x218x182,1.00x1.00x1.00,6630.34033203125,0.21139305295974314,698d9131f610aa41fb82d5552729a7f1,695929e544947d8007d20d02c445c2e9,True,0,63184,0,22578,7221032,85762,"107.8,105.3,122.1","58:143,58:139,81:152",
gli,train,BraTS-GLI-02900-100,gli-02900,100,182x218x182,1.00x1.00x1.00,7229.1884765625,0.21420026943517215,4522fe0ac31829b94d9a1b561554f918,9b7d372f8aeddaf83b8f7ee16b48fce3,True,0,171317,3066,61974,7221032,236357,"70.0,115.5,93.1","27:122,32:189,46:139",
gli,train,BraTS-GLI-02900-101,gli-02900,101,182x218x182,1.00x1.00x1.00,8663.7021484375,0.20217234877230844,e4eec71b9fb5bfdba83d5356ee220a0d,d6baba6793d8651b738f19745d14abe5,True,0,262020,9598,45537,7221032,317155,"76.5,117.3,96.2","28:128,33:188,43:142",
gli,train,BraTS-GLI-02901-100,gli-02901,100,182x218x182,1.00x1.00x1.00,6963.20068359375,0.21841130187485666,8305069cd3df5216b4cdd1d37c3caed8,bdc27b0be564cabfbea786f6b4d454e3,True,0,4762,0,3448,7221032,8210,"58.7,126.8,123.4","43:75,105:144,108:139",
gli,train,BraTS-GLI-02901-101,gli-02901,101,182x218x182,1.00x1.00x1.00,5801.02978515625,0.21033323214742713,764c9f6703da247cc00d53675a098e53,669b587a7b0eba2d6235e0807572ec3c,True,0,7417,0,2604,7221032,10021,"60.0,126.1,123.3","44:89,91:146,99:138",
gli,train,BraTS-GLI-02902-100,gli-02902,100,182x218x182,1.00x1.00x1.00,5828.85546875,0.229896086875117,9c1a90f90c1e7e07e7f8d270e6297544,5086a2e1496282191612faf8cdb8dc63,True,0,21066,0,11338,7221032,32404,"127.4,115.7,114.3","106:151,87:146,91:144",
gli,train,BraTS-GLI-02902-101,gli-02902,101,182x218x182,1.00x1.00x1.00,9396.83984375,0.22884526754624546,896ea99b958c9a51eddaff6dbc33e0f2,f8a5f0acc465d4b0f658538812f7e718,True,0,32662,0,9391,7221032,42053,"125.3,118.3,112.9","98:151,82:150,87:145",
gli,train,BraTS-GLI-02903-100,gli-02903,100,182x218x182,1.00x1.00x1.00,7576.5224609375,0.18931213710173284,3b1c6ceb421375381c056923ac28e669,27c11b7f8c7b5f8058de4f855c74d4da,True,0,21524,0,15478,7221032,37002,"47.6,74.6,79.4","24:70,38:120,59:113",
gli,train,BraTS-GLI-02903-101,gli-02903,101,182x218x182,1.00x1.00x1.00,7398.79541015625,0.1819403376137926,a30f426a926dbc4f0f0c9d2246580a68,e0fe6149319d74bdbd6c93cbc49ec2bd,True,0,15301,0,17322,7221032,32623,"48.3,75.3,78.7","26:77,37:114,58:113",
gli,train,BraTS-GLI-02904-100,gli-02904,100,182x218x182,1.00x1.00x1.00,7396.177734375,0.18146464383484245,eba517cb1d86035476e8b346049263cf,20438ef12449ecf8f0096cfd07fbc5f8,True,0,8867,0,8262,7221032,17129,"73.4,121.7,127.8","57:87,87:148,107:146",
gli,train,BraTS-GLI-02904-101,gli-02904,101,182x218x182,1.00x1.00x1.00,7990.41845703125,0.1803455517161536,efd811b6993e7f902571091362338c2b,8daf8220269b018acf7ba3668fa60455,True,0,8353,0,8768,7221032,17121,"73.5,119.9,129.1","57:89,85:144,107:149",
gli,train,BraTS-GLI-02905-100,gli-02905,100,182x218x182,1.00x1.00x1.00,9302.0654296875,0.26556785789067267,ca429c82fb8b1bff6a7412860f939540,60fc16d68031c4849e5a7636c3147e7e,True,37,14084,867,2384,7221032,17372,"126.3,142.0,95.8","95:148,104:169,67:131",
gli,train,BraTS-GLI-02905-101,gli-02905,101,182x218x182,1.00x1.00x1.00,10982.6318359375,0.25707682779968294,877a8843cb2a3562627dd109b82de7dd,6ae020cd195f0fae13d6bae3d463324e,True,23,15316,564,2312,7221032,18215,"126.5,142.8,94.5","96:148,30:170,63:131",
gli,train,BraTS-GLI-02907-100,gli-02907,100,182x218x182,1.00x1.00x1.00,7032.16015625,0.21088093779393305,58a9de08ef7c592dc68743e26ec45399,769e2b9edf6c0d59a1fe42b1fa2c4cca,True,343,63126,6980,4915,7221032,75364,"59.2,106.2,115.8","25:92,59:153,70:144",
gli,train,BraTS-GLI-02907-101,gli-02907,101,182x218x182,1.00x1.00x1.00,7769.9990234375,0.20302153487202385,d3696024006448b45dea896fbd5d880a,b323aca300205d868186f3de3a99c9c0,True,705,92378,10596,4998,7221032,108677,"61.4,98.6,113.6","25:91,48:153,66:148",
gli,train,BraTS-GLI-02909-100,gli-02909,100,182x218x182,1.00x1.00x1.00,7380.31494140625,0.20270094357703997,2bad7d9a7aea4cb4915d403dfc473e36,8f3c563189c39652212c3bcef2384c3c,True,0,73615,0,40790,7221032,114405,"106.5,75.8,93.1","54:140,26:156,49:133",
gli,train,BraTS-GLI-02909-101,gli-02909,101,182x218x182,1.00x1.00x1.00,7934.6630859375,0.19444076691531073,253ac914ddf295330ff84a5122240052,d5b6c9495e189b653b0f049d854fe441,True,0,86166,0,40921,7221032,127087,"105.4,77.8,93.8","56:141,27:155,49:133",
gli,train,BraTS-GLI-02910-100,gli-02910,100,182x218x182,1.00x1.00x1.00,5699.5498046875,0.2276799216510881,b762d9e521b43a33a24e167f5e05d2c8,50ce6430db044bc561ee48e77d0fc371,True,0,19827,0,25958,7221032,45785,"125.6,129.1,76.7","96:151,92:164,51:102",
gli,train,BraTS-GLI-02910-101,gli-02910,101,182x218x182,1.00x1.00x1.00,6724.47509765625,0.22192243435564335,4a222cedba5e72884d0d9d0382993638,51519dda47158a4cc86ed9038a195f22,True,0,20506,0,26867,7221032,47373,"125.0,129.3,76.7","95:150,94:163,50:102",
gli,train,BraTS-GLI-02911-100,gli-02911,100,182x218x182,1.00x1.00x1.00,8658.8154296875,0.2342299549427284,c4d079a95917b456d77609a220820968,4af5904c9a16dfac9ee59183624b83d2,True,0,45438,0,2652,7221032,48090,"127.0,58.9,94.6","102:148,25:95,65:122",
gli,train,BraTS-GLI-02911-101,gli-02911,101,182x218x182,1.00x1.00x1.00,1872.9908447265625,0.22729271937861514,d47f461556d9b0e1f6e5cc91356ef137,d06e0b10d3036adaa4ae4f7ff6976ec4,True,0,41441,0,2664,7221032,44105,"127.3,57.5,95.4","105:148,27:91,65:122",
gli,train,BraTS-GLI-02912-100,gli-02912,100,182x218x182,1.00x1.00x1.00,5609.24658203125,0.2014898978428568,9092e53fda71c2f81c7e37ca3079f0a9,9d30ccf0c445c283020ec3fd509a7625,True,0,18789,6078,0,7221032,24867,"92.0,103.5,78.7","46:132,84:131,63:101",
gli,train,BraTS-GLI-02912-101,gli-02912,101,182x218x182,1.00x1.00x1.00,6993.76025390625,0.1956051434199433,e83b2498fc20ec86374a119ae78d7c57,50b5fbc90823155d42302d838695bf3f,True,137,26103,8024,0,7221032,34264,"83.4,106.2,78.5","37:131,81:130,62:103",
gli,train,BraTS-GLI-02914-100,gli-02914,100,182x218x182,1.00x1.00x1.00,7064.94140625,0.2336575990800207,6a08f572f2695db5c91b3a201b75de6b,1fe8fb51711833304efc5a5d99e4abc6,True,24629,80563,28981,0,7221032,134173,"99.7,94.1,95.7","59:145,47:142,64:136",
gli,train,BraTS-GLI-02914-101,gli-02914,101,182x218x182,1.00x1.00x1.00,12944.1630859375,0.2311857917261688,677b6c4eb60ac76c01457d6f441aa767,0193f61af08555149dcb3d05897fbc50,True,24185,42017,42153,0,7221032,108355,"96.2,95.6,87.8","54:142,45:134,61:125",
gli,train,BraTS-GLI-02915-100,gli-02915,100,182x218x182,1.00x1.00x1.00,5651.6787109375,0.1837524054733451,0072342312c6e12e9b292a7593e064c3,6a677e32c867570f872ddd794541f14a,True,0,37508,0,0,7221032,37508,"89.5,109.5,114.6","46:125,48:162,83:140",
gli,train,BraTS-GLI-02915-101,gli-02915,101,182x218x182,1.00x1.00x1.00,8880.921875,0.1775287798198374,b87759610b321f37fc3ad4e680d93edc,188ff7bf981dbb9f3236283ba7bffc9c,True,1929,66615,15366,0,7221032,83910,"106.9,118.2,109.2","45:140,52:169,81:141",
gli,train,BraTS-GLI-02916-100,gli-02916,100,182x218x182,1.00x1.00x1.00,7368.6435546875,0.23087655614876101,4132251642019760f9aaf31c8d5a9ab5,ea38902a0aab269f96c801bee648b1c0,True,0,12435,0,31895,7221032,44330,"66.9,146.1,120.5","41:109,105:175,79:145",
gli,train,BraTS-GLI-02916-101,gli-02916,101,182x218x182,1.00x1.00x1.00,5717.896484375,0.21645188665553622,1c3e22a0b11fd8015378d8eced88729b,d927f86bfb616f491fcc0dba9dbe967f,True,0,12440,0,33185,7221032,45625,"67.4,145.0,119.9","41:111,111:176,81:144",
gli,train,BraTS-GLI-02917-100,gli-02917,100,182x218x182,1.00x1.00x1.00,4523.150390625,0.21131840988933437,61d276f67bb4a2e715093c832ee71bae,7941158015c563b35b3606beef2540f8,True,0,57451,1147,13320,7221032,71918,"59.2,70.6,109.9","21:127,34:138,75:141",
gli,train,BraTS-GLI-02917-101,gli-02917,101,182x218x182,1.00x1.00x1.00,8285.28125,0.199754273350402,ae959e1f7ed54328f3f2625c03dbf307,605935b06df5d9fa7a611e61ed23fcdd,True,0,74537,6110,17431,7221032,98078,"60.9,78.1,109.5","23:131,29:148,69:145",
gli,train,BraTS-GLI-02918-100,gli-02918,100,182x218x182,1.00x1.00x1.00,10611.3037109375,0.21753012588782325,87d6616fa6dfe7f7a89458408f161384,1792fe7f4e10b8d9c6b059c1bd40af0d,True,0,26777,694,7737,7221032,35208,"106.9,131.5,128.6","72:130,89:167,97:157",
gli,train,BraTS-GLI-02918-101,gli-02918,101,182x218x182,1.00x1.00x1.00,7021.15087890625,0.20454264708977885,79624ab58fbdba463dcf612baa918489,95df96a6c3ec307845f195915d8ee0e1,True,0,28417,276,9688,7221032,38381,"106.8,129.7,127.5","72:129,87:166,94:157",
gli,train,BraTS-GLI-02919-100,gli-02919,100,182x218x182,1.00x1.00x1.00,7269.8408203125,0.1934658370160941,e83f5509c86127a097652b76c2fc468a,dd3fa62c92cd14b589e25a126e3db450,True,931,40387,11040,509,7221032,52867,"108.1,72.6,97.9","60:145,31:131,57:135",
gli,train,BraTS-GLI-02919-101,gli-02919,101,182x218x182,1.00x1.00x1.00,7875.734375,0.1861383525235728,7009d2c192c0a902ddabc685857dbdd0,331020625d0fbb1f259a09d21ffbcc79,True,358,60139,21900,0,7221032,82397,"103.6,78.5,98.3","57:144,30:135,59:133",
gli,train,BraTS-GLI-02920-100,gli-02920,100,182x218x182,1.00x1.00x1.00,9294.9697265625,0.21086265785832276,6cdf348901b3f3cb38fea00e9a5db29e,1d00cb7f2bd00d8255346c025095b919,True,836,160928,20449,4931,7221032,187144,"78.8,131.7,102.1","32:138,77:183,60:142",
gli,train,BraTS-GLI-02920-101,gli-02920,101,182x218x182,1.00x1.00x1.00,7658.79443359375,0.1959422143538486,6d2c6134a395eaef113ca0d77d926370,4697bea405ac8017831fd1e248f0f562,True,216,177134,37481,2966,7221032,217797,"78.5,132.1,99.0","29:137,71:189,59:139",
gli,train,BraTS-GLI-02921-100,gli-02921,100,182x218x182,1.00x1.00x1.00,7036.44580078125,0.2292327467874398,b0344e02a04ace3ac422d6d6f226c71c,b0709f6b37aab0d9a296e3b1b1fbb5ec,True,2467,80295,19813,3176,7221032,105751,"60.9,87.9,81.0","23:108,30:161,36:127",
gli,train,BraTS-GLI-02921-101,gli-02921,101,182x218x182,1.00x1.00x1.00,8814.904296875,0.22892184939770382,330de6c0bab46b6963741b082d88bc1c,a769d6d18752a9da5de7dd8077329b86,True,3128,109269,19686,2413,7221032,134496,"62.5,88.1,88.5","23:120,32:155,36:139",
gli,train,BraTS-GLI-02922-100,gli-02922,100,182x218x182,1.00x1.00x1.00,9348.75,0.20988495827189244,2ddc82e286130685dd1073cbf0a8bc81,2f2aa2cc0cd9dda80287b45e251bac95,True,0,92723,9235,47214,7221032,149172,"67.7,110.0,87.8","29:124,39:166,39:138",
gli,train,BraTS-GLI-02922-101,gli-02922,101,182x218x182,1.00x1.00x1.00,8641.9873046875,0.20915486872236544,37da575ce217a291229b3d1f7538ac89,9cef4674d7796f9b582fb26a954f8c18,True,143,126716,11606,39883,7221032,178348,"67.2,106.3,93.5","28:128,36:172,39:142",
gli,train,BraTS-GLI-02923-100,gli-02923,100,182x218x182,1.00x1.00x1.00,7733.513671875,0.23744985481299627,a533e95cdc463d052f4af6f73b1737dd,51841fd8d267180323b69b873f683e4f,True,0,11463,0,5494,7221032,16957,"35.4,114.8,99.9","21:56,83:136,81:122",
gli,train,BraTS-GLI-02923-101,gli-02923,101,182x218x182,1.00x1.00x1.00,7730.5703125,0.23084678201121392,8e5641cbbe3c763b97bf25f4520b9d83,cd4d2c3166c710334f19a18fc9600598,True,0,4798,0,5238,7221032,10036,"34.5,115.3,99.9","22:54,82:135,84:120",
gli,train,BraTS-GLI-02924-100,gli-02924,100,182x218x182,1.00x1.00x1.00,6157.5400390625,0.19988431016508443,7ee1ea06af227054965569852f863e98,063c73a42a83ea58ab4bad69b2e48ba6,True,826,59473,4477,3411,7221032,68187,"121.0,103.9,98.7","83:149,36:162,52:135",
gli,train,BraTS-GLI-02924-101,gli-02924,101,182x218x182,1.00x1.00x1.00,8455.0556640625,0.19257095107735292,9ae9b02c1bb690fd940dbf26bb04a602,b3d4c5964680d8bc6b87dd525479c521,True,2803,91823,17120,1736,7221032,113482,"121.1,94.6,94.3","96:149,37:163,48:136",
gli,train,BraTS-GLI-02925-100,gli-02925,100,182x218x182,1.00x1.00x1.00,7325.36181640625,0.21119875940170324,1fe47538ec9ba84f193d0241f3eb3c32,cdf283ef8b669c2976a5a1e46ddb9423,True,0,20634,0,4031,7221032,24665,"127.8,75.6,76.3","96:155,28:127,53:107",
gli,train,BraTS-GLI-02925-101,gli-02925,101,182x218x182,1.00x1.00x1.00,7985.21435546875,0.20316348134172513,564f328521485b8ddda7901fb033f824,39d09aa8147b87e7777d050594651e43,True,0,20968,0,3525,7221032,24493,"127.7,75.7,76.4","77:154,29:127,52:107",
gli,train,BraTS-GLI-02926-100,gli-02926,100,182x218x182,1.00x1.00x1.00,5596.66748046875,0.19923371063859016,1c39ad7dd79d84559a01a5f4d332f721,ab58fdda33fd45e6c8b9a402868d2260,True,157,68878,3415,498,7221032,72948,"62.8,64.0,84.5","36:116,19:119,51:117",
gli,train,BraTS-GLI-02926-101,gli-02926,101,182x218x182,1.00x1.00x1.00,7610.94189453125,0.19303293490459536,27c7fbe1e78738f3e6748e2447327926,83ae8a4271a83bf3c8da4b06ddb8b6a9,True,64,71813,3221,401,7221032,75499,"62.9,63.9,85.2","36:115,19:123,51:118",
gli,train,BraTS-GLI-02927-100,gli-02927,100,182x218x182,1.00x1.00x1.00,9265.30078125,0.15830645813506988,5b2e5f927c591f70eb612413321c8868,b6093030036a8b3bed2f8941d2a30cb0,True,5526,77689,18354,2391,7221032,103960,"69.7,112.8,106.7","35:119,64:164,72:139",
gli,train,BraTS-GLI-02927-101,gli-02927,101,182x218x182,1.00x1.00x1.00,8920.9365234375,0.15219874389145485,6c9507cc4f77a132d614dd8dc150b7c1,a62cde201dd92e07809506e17749ab91,True,9230,102131,29643,1387,7221032,142391,"75.0,115.2,105.7","34:124,65:167,69:139",
gli,train,BraTS-GLI-02928-100,gli-02928,100,182x218x182,1.00x1.00x1.00,7245.75537109375,0.2314282778417268,4499fe8cd36fd7f12c48400e364e5ac2,4ce7e496ed71d1dc613d4b9049bdec2d,True,0,8499,0,59801,7221032,68300,"77.2,171.2,98.5","47:104,135:198,60:135",
gli,train,BraTS-GLI-02928-101,gli-02928,101,182x218x182,1.00x1.00x1.00,9413.6943359375,0.2300083976916319,f7af95379164a7b28cda136b85c59981,71a6cd6ac6860677eda0d222abf16b81,True,0,11127,0,58278,7221032,69405,"76.3,171.6,97.0","48:110,120:197,60:134",
gli,train,BraTS-GLI-02929-100,gli-02929,100,182x218x182,1.00x1.00x1.00,6928.8369140625,0.22464448294925157,c8add18a179ea0cf4c9b8d4b9d2e2f93,261a9eeb24e5bbe92694b6286fa99f3c,True,0,78503,2762,28322,7221032,109587,"60.6,64.0,93.1","23:121,23:147,52:139",
gli,train,BraTS-GLI-02929-101,gli-02929,101,182x218x182,1.00x1.00x1.00,10424.24609375,0.21843193604459862,6d043dabc167e0b95f0c53d857ce582a,e7b31fb84898a131bb47cf71ea055fbf,True,70,75933,5301,26196,7221032,107500,"60.5,65.6,92.6","24:121,23:150,50:133",
gli,train,BraTS-GLI-02930-100,gli-02930,100,182x218x182,1.00x1.00x1.00,6990.2822265625,0.2143347377493965,d265b08d8c5ab483934155879a83539c,426829d858aa97a3c8c48034ef057c75,True,2109,54195,17089,0,7221032,73393,"94.7,110.5,85.8","45:133,44:158,53:118",
gli,train,BraTS-GLI-02930-101,gli-02930,101,182x218x182,1.00x1.00x1.00,7469.6962890625,0.2054315782010106,2d24e575bb2fb699a4671ee52f542219,20382c1c187a2e513f91bdb4dc50a17f,True,9748,51322,30230,0,7221032,91300,"95.4,109.0,86.7","41:136,42:158,57:124",
gli,train,BraTS-GLI-02931-100,gli-02931,100,182x218x182,1.00x1.00x1.00,5982.400390625,0.20348698080828337,5287a1494152045cb83ba669d45fc6a3,1c01522810e4952b358780c5201b4927,True,0,18527,1265,605,7221032,20397,"120.3,149.6,105.0","102:142,125:175,73:126",
gli,train,BraTS-GLI-02931-101,gli-02931,101,182x218x182,1.00x1.00x1.00,8183.568359375,0.19348259362373688,c9f8506fcd0fcc8f184865d042581a97,7b3037e8766147d5b328434877bb394c,True,0,17410,1123,482,7221032,19015,"119.6,148.7,105.1","57:143,57:174,75:127",
gli,train,BraTS-GLI-02932-100,gli-02932,100,182x218x182,1.00x1.00x1.00,7208.703125,0.24949508602094547,ffad419b5cb39a04925cf5aeef01ff6c,1f3e13819b87c316b83dd25c540c1a8a,True,0,1021,0,22015,7221032,23036,"54.8,53.4,102.2","30:76,34:73,76:124",
gli,train,BraTS-GLI-02932-101,gli-02932,101,182x218x182,1.00x1.00x1.00,7489.5556640625,0.23890837209972204,14af122a5dccc97ab2f77ab20616e715,4e12fbfe5098ee1c920fde7edba3c77c,True,0,848,0,23123,7221032,23971,"55.2,54.3,102.4","30:75,34:143,75:129",
gli,train,BraTS-GLI-02933-100,gli-02933,100,182x218x182,1.00x1.00x1.00,8383.46875,0.19669681563521668,5503a17681e3d45772b7620156f05092,20d3da86ad131c3039d9218cc66b0350,True,61,25628,2914,30397,7221032,59000,"73.7,156.4,100.7","45:119,117:185,69:133",
gli,train,BraTS-GLI-02933-101,gli-02933,101,182x218x182,1.00x1.00x1.00,8507.4208984375,0.19046321910773972,3ba939a69023fc7cf74c0b80572fff49,7fae369c5074476ac8b7eada1270d7d3,True,99,29588,4598,29449,7221032,63734,"72.7,153.9,102.3","44:119,107:185,70:135",
gli,train,BraTS-GLI-02934-100,gli-02934,100,182x218x182,1.00x1.00x1.00,6970.08251953125,0.2108035250363106,2094d08548c817f511dac94885f9617f,ba254a1a102dd52570694c1ef4ac38fa,True,0,12665,0,11540,7221032,24205,"108.8,73.4,125.5","94:129,47:98,98:149",
gli,train,BraTS-GLI-02934-101,gli-02934,101,182x218x182,1.00x1.00x1.00,7313.56298828125,0.2076733630317661,812c5feabdc9b4b1c669f5ac159f81bd,e737130a93f66a9ab02bf7f7e3fe85b2,True,0,15178,0,12249,7221032,27427,"109.6,73.7,125.1","94:133,44:100,97:151",
gli,train,BraTS-GLI-02937-100,gli-02937,100,182x218x182,1.00x1.00x1.00,6244.892578125,0.19900715022451085,29bdaf2a62536ff33a39d70df370bc5c,558ee450925fb348f0ad0444338c1b41,True,0,41231,638,7222,7221032,49091,"96.8,95.6,106.4","53:127,47:142,69:140",
gli,train,BraTS-GLI-02937-101,gli-02937,101,182x218x182,1.00x1.00x1.00,7337.24169921875,0.1902289035694621,d65d00dcf2ad5ea8e7ff5db7c7a861c9,b21e935c1d42a7f09eb7eb5b9a83e033,True,0,40366,440,6997,7221032,47803,"97.4,95.3,106.2","55:128,51:140,71:138",
gli,train,BraTS-GLI-02938-100,gli-02938,100,182x218x182,1.00x1.00x1.00,9279.4541015625,0.23707026918036092,495938abb7ebbdc8fe8d570ee076ee95,b7f5e1d70d6a3ab888c188fa70d4af28,True,0,34556,32,13286,7221032,47874,"117.8,160.3,92.3","92:149,128:189,59:132",
gli,train,BraTS-GLI-02938-101,gli-02938,101,182x218x182,1.00x1.00x1.00,9312.4755859375,0.22931985345031014,9bf5659b3065aa68b4d8beed05247222,f5a49e3ae2d86f668501f0ab832f9cba,True,0,33138,0,17394,7221032,50532,"117.6,160.8,91.3","89:149,126:190,58:132",
gli,train,BraTS-GLI-02939-100,gli-02939,100,182x218x182,1.00x1.00x1.00,8280.416015625,0.21255424432408,97dad9ed8891f96dbba5e7dff85415dc,d4d1129659d9f758cdbd345cc1228b82,True,0,11902,1151,560,7221032,13613,"126.7,57.5,84.0","82:151,34:114,67:111",
gli,train,BraTS-GLI-02939-101,gli-02939,101,182x218x182,1.00x1.00x1.00,7977.474609375,0.20203303350546017,68666a0ca28f1b6cda7fd53917b53310,b56d88c477bf2d122219aeedb3829801,True,0,12721,698,540,7221032,13959,"125.8,57.8,84.6","81:149,34:114,66:110",
gli,train,BraTS-GLI-02940-100,gli-02940,100,182x218x182,1.00x1.00x1.00,6975.07470703125,0.2335429340293742,3ea41f2dccc4a5f9bf5a035c786b6c28,693450ea9b650b830ece168a7a36e185,True,163,15671,3382,741,7221032,19957,"132.1,96.9,80.6","105:155,40:137,50:116",
gli,train,BraTS-GLI-02940-101,gli-02940,101,182x218x182,1.00x1.00x1.00,7286.30419921875,0.22670457629878943,65a5d46c343c1a613740fdadcbe66ffe,97cf5fe2ee10f57ceb9cea14596f1e03,True,151,17643,3588,556,7221032,21938,"130.9,95.3,83.0","104:155,41:137,51:115",
gli,train,BraTS-GLI-02941-100,gli-02941,100,182x218x182,1.00x1.00x1.00,7498.03076171875,0.2249688133219739,a207f6e1e0459f0bd988edb82adb07e2,dd647ab31cc33c05302bcb857c84a9ca,True,935,15166,5299,0,7221032,21400,"103.7,85.7,136.6","90:120,59:111,112:157",
gli,train,BraTS-GLI-02941-101,gli-02941,101,182x218x182,1.00x1.00x1.00,7956.90478515625,0.2157271979960759,24b8cd1e4e69bf3d5e9392a5238d3f45,b27bbb21ba02afb64536077448f7d453,True,924,30570,7338,0,7221032,38832,"106.2,87.3,131.6","89:130,52:126,107:156",
gli,train,BraTS-GLI-02943-100,gli-02943,100,182x218x182,1.00x1.00x1.00,4280.3818359375,0.21877219211879964,c32ed881e131c33c107de9a0a448751e,2afe6d31782b7b68e0f7237cb054cfa9,True,0,26872,0,85599,7221032,112471,"132.0,102.4,70.9","97:162,47:150,47:112",
gli,train,BraTS-GLI-02943-101,gli-02943,101,182x218x182,1.00x1.00x1.00,3423.2119140625,0.20989174400556596,7117651476cc2633a5a07aed2641d239,47b26a933dfaee34961254ddc5bd9268,True,0,25147,0,83762,7221032,108909,"132.4,102.1,70.4","99:162,48:150,47:111",
gli,train,BraTS-GLI-02944-100,gli-02944,100,182x218x182,1.00x1.00x1.00,9237.787109375,0.23491559101247578,aa74a6fdb32ef05be71655feb8c848b6,d1d7a4450cda5df5c4c97ce79af4a438,True,580,56021,12278,0,7221032,68879,"69.0,101.0,100.5","42:95,44:140,31:139",
gli,train,BraTS-GLI-02944-101,gli-02944,101,182x218x182,1.00x1.00x1.00,11574.998046875,0.2289055082431431,e8bc68d3597ddb40884234ae8ad327c3,2b196661b04dc8c8b883c5900ce83db3,True,6896,99903,27013,0,7221032,133812,"68.8,101.6,108.3","33:119,42:148,31:148",
gli,train,BraTS-GLI-02946-100,gli-02946,100,182x218x182,1.00x1.00x1.00,7133.8115234375,0.20636053129248008,e143dd0fc74716fc01d3dfc99dd2e2e2,40d121b05c066b3d2d86c3698ed8245e,True,0,3284,0,0,7221032,3284,"73.1,95.3,125.5","56:89,71:115,113:150",
gli,train,BraTS-GLI-02946-101,gli-02946,101,182x218x182,1.00x1.00x1.00,6433.6591796875,0.1940996799349456,e2ac951c1f2ad63b645be2c46080d805,ae59a16b029230cde5db57cf76e7a3aa,True,0,2933,0,0,7221032,2933,"73.6,95.2,127.7","59:89,71:113,116:152",
gli,train,BraTS-GLI-02947-100,gli-02947,100,182x218x182,1.00x1.00x1.00,10109.9580078125,0.22795425916960346,2f202ba591a97df5dac4e02f0ddb3a3c,ee34a9eae32f773acd042dd74087f351,True,0,34853,482,0,7221032,35335,"49.3,78.7,75.7","22:71,38:147,50:104",
gli,train,BraTS-GLI-02947-101,gli-02947,101,182x218x182,1.00x1.00x1.00,11528.212890625,0.22094487325357373,fb78af0f677710bc968cf4da1d8f4efb,4f34d2c03183f97a7f08993dd644a2fc,True,47,34138,2971,36,7221032,37192,"48.8,85.8,74.1","21:71,38:148,44:109",
gli,train,BraTS-GLI-02948-100,gli-02948,100,182x218x182,1.00x1.00x1.00,5632.349609375,0.2011187597562232,f7fbc364950f9128e2820e9769da0a82,e1d9ecb08cde600368636baf5544f067,True,0,16154,0,1689,7221032,17843,"101.4,139.5,125.2","90:116,113:172,105:149",
gli,train,BraTS-GLI-02948-101,gli-02948,101,182x218x182,1.00x1.00x1.00,7591.81884765625,0.19590703932623482,e97ff77d013ad3b7dcbac828398e30e8,87008dd799632ce242bb5d7a28f4e79f,True,0,13411,0,324,7221032,13735,"102.3,141.7,124.5","91:117,116:174,110:148",
gli,train,BraTS-GLI-02949-100,gli-02949,100,182x218x182,1.00x1.00x1.00,6535.9560546875,0.21236881376512387,ab3b2dfd0262c7efc25310f018031c58,19533ef53a553ed9b905163e90c4b1c8,True,0,28573,0,9445,7221032,38018,"50.6,68.9,106.8","21:89,43:106,70:134",
gli,train,BraTS-GLI-02949-101,gli-02949,101,182x218x182,1.00x1.00x1.00,5721.87744140625,0.20461632076966285,f8eefa02f345d26eca619c33cb8fb41c,d41e91d977cc6c060ad8a89102fb7952,True,0,26417,0,9789,7221032,36206,"50.4,68.3,107.4","21:89,42:102,70:134",
gli,train,BraTS-GLI-02950-100,gli-02950,100,182x218x182,1.00x1.00x1.00,7836.1484375,0.22225839741466316,dade940d4fc1ff5de443919518c56ee0,39369559213f05ff886653d16eaac562,True,14,62128,6255,0,7221032,68397,"67.5,82.8,103.2","43:117,33:147,54:138",
gli,train,BraTS-GLI-02950-101,gli-02950,101,182x218x182,1.00x1.00x1.00,8557.8359375,0.2129780064677736,79b1edff2c1dfa75cb91c7b450ccb07f,d92c07e56578f22ed3b53bd2f4d4fc18,True,0,78142,5004,0,7221032,83146,"70.2,82.3,103.6","41:120,31:148,55:143",
gli,train,BraTS-GLI-02952-100,gli-02952,100,182x218x182,1.00x1.00x1.00,7163.375,0.23115380183885073,a2cd1c48403b7589d5bacef9df7af220,ff8346abe1f42dc1b840c132981aae8c,True,0,21393,665,16943,7221032,39001,"124.4,123.7,92.3","104:149,90:155,60:114",
gli,train,BraTS-GLI-02952-101,gli-02952,101,182x218x182,1.00x1.00x1.00,6949.94580078125,0.2232121392066951,f2bfd8e6dbc6a7e424b3e075afd05239,5a339dee7a3c69b98c848a2e8509e0e3,True,0,28570,2730,15280,7221032,46580,"122.9,119.0,93.8","101:148,86:155,59:118",
gli,train,BraTS-GLI-02953-100,gli-02953,100,182x218x182,1.00x1.00x1.00,8865.8125,0.22518457195591987,180d59acf584c77db07b68594463149f,1daf3ac8765f8d7eb62298768a882531,True,0,14201,0,14635,7221032,28836,"104.5,116.5,138.2","90:123,87:151,113:159",
gli,train,BraTS-GLI-02953-101,gli-02953,101,182x218x182,1.00x1.00x1.00,6855.0263671875,0.20991556331560365,715522ef57577d2e421fe9e69f91031d,092e99984489221b3a74397a7d717fdc,True,0,13953,0,11876,7221032,25829,"104.4,114.4,136.2","90:122,83:147,112:155",
gli,train,BraTS-GLI-02954-100,gli-02954,100,182x218x182,1.00x1.00x1.00,2967.94091796875,0.2502931713915684,703d7eace142be787a2205e683af3897,7e186b99b8386f5fe2454e9e542845b3,True,0,8076,0,1180,7221032,9256,"76.9,143.8,109.3","64:89,124:159,93:131",
gli,train,BraTS-GLI-02954-101,gli-02954,101,182x218x182,1.00x1.00x1.00,2869.37158203125,0.23910225020467987,2c462c2cdea931a5413b40916b8a96ed,7aeb086fb46d872313d933b7a594f79a,True,0,8090,0,935,7221032,9025,"76.5,142.5,108.4","64:97,122:159,93:130",
gli,train,BraTS-GLI-02955-100,gli-02955,100,182x218x182,1.00x1.00x1.00,9621.4716796875,0.19756289682693554,f526dfa615d170f0c2ff18b8ef2d3b61,0770b7e4751b675ba650118ea6ae8d13,True,1163,16862,13986,322,7221032,32333,"133.9,103.3,76.6","111:150,53:134,55:95",
gli,train,BraTS-GLI-02955-101,gli-02955,101,182x218x182,1.00x1.00x1.00,8423.7041015625,0.19491839947531045,49e9161f1353a5589885e24de3ea0162,e869b524d7b7986b2e9c8cf4db43f2fc,True,2577,68944,14098,0,7221032,85619,"127.4,99.0,84.3","99:150,54:147,50:117",
gli,train,BraTS-GLI-02957-100,gli-02957,100,182x218x182,1.00x1.00x1.00,8921.5263671875,0.22170958389327178,00d3eee0e99ff8f2643a88325fb9e29d,8e18f7e328cacb1f3d1ce091a5fdde6a,True,0,7055,0,6262,7221032,13317,"80.1,173.7,100.9","66:91,155:189,81:122",
gli,train,BraTS-GLI-02957-101,gli-02957,101,182x218x182,1.00x1.00x1.00,7691.56298828125,0.2142287972134731,e9958881cb7476ae1d125deaa4c7a6e9,6e87ea62b9dfb741ae941517fe617e7d,True,0,5889,0,6007,7221032,11896,"79.6,174.5,101.2","65:91,157:189,82:123",
gli,train,BraTS-GLI-02958-100,gli-02958,100,182x218x182,1.00x1.00x1.00,5862.15771484375,0.18257556537625094,441122215115a336b7f41a7716569c01,4ae28cfe1c283e6c2da3851cf018b074,True,40,50735,4684,9175,7221032,64634,"115.0,117.2,113.3","68:147,71:164,79:148",
gli,train,BraTS-GLI-02958-101,gli-02958,101,182x218x182,1.00x1.00x1.00,1763.8472900390625,0.17515778908056356,2bdb4a4be6410a53fa3cf4c09fd58221,acfcc473b474e5ed5136d792da5ff490,True,2782,62515,17870,5697,7221032,88864,"115.9,120.8,115.1","68:151,59:165,77:147",
gli,train,BraTS-GLI-02959-100,gli-02959,100,182x218x182,1.00x1.00x1.00,11104.4873046875,0.20916096203423554,2bd471761d884e35317cc7618393f2f8,ed1f4cd114c696b6287bf6dc0f52f7ab,True,1537,29004,6508,7949,7221032,44998,"112.4,92.3,84.4","71:145,49:140,55:145",
gli,train,BraTS-GLI-02959-101,gli-02959,101,182x218x182,1.00x1.00x1.00,10883.9970703125,0.2023188652259123,dba8b5d75716979331efda1a9e2b837a,0e9acf7d405e61d1bbcf29d210eda510,True,46,34796,7982,6222,7221032,49046,"105.9,96.9,92.2","50:145,49:170,56:146",
gli,train,BraTS-GLI-02960-100,gli-02960,100,182x218x182,1.00x1.00x1.00,5918.41650390625,0.22016312903751153,54ef7057f09afba0c6155d3af986a090,40a12a7f433894e55e3c981c36b19c38,True,0,45097,2660,5772,7221032,53529,"65.2,93.6,120.1","39:93,44:154,80:151",
gli,train,BraTS-GLI-02960-101,gli-02960,101,182x218x182,1.00x1.00x1.00,7527.71240234375,0.21831796341575554,9fe89b045d1e2ab435609fb42b60101e,c66e807cb0df819d80f94c4b4a97f629,True,1423,56855,16292,7487,7221032,82057,"65.8,95.1,119.5","36:96,46:150,78:153",
gli,train,BraTS-GLI-02961-100,gli-02961,100,182x218x182,1.00x1.00x1.00,8908.7001953125,0.23764054777765836,1a7df8fe13d2340823d654abe825fe25,eab3846fc22946e247f19d5cc43792b7,True,0,54625,5898,8057,7221032,68580,"123.0,97.8,88.6","99:151,33:165,45:131",
gli,train,BraTS-GLI-02961-101,gli-02961,101,182x218x182,1.00x1.00x1.00,11025.2724609375,0.23565717476393955,cb9ccf554486fb43215f55321fbb4ff6,7437398763ffe92031724480f575aa7b,True,1265,69959,14909,5614,7221032,91747,"124.2,100.3,84.4","97:152,32:167,40:132",
gli,train,BraTS-GLI-02962-100,gli-02962,100,182x218x182,1.00x1.00x1.00,9314.3720703125,0.2075315550464255,cf9d65d04203ed9050008d4e27195c71,568e8773bca53c046542be3eaf872128,True,5654,173180,26242,2343,7221032,207419,"77.5,116.2,119.1","35:135,48:178,59:153",
gli,train,BraTS-GLI-02962-101,gli-02962,101,182x218x182,1.00x1.00x1.00,8357.6015625,0.19016603166971147,4daa5f89e27f537781845d63ef6140a5,4d01685e6e4b522f6096367593a532b4,True,4776,148180,21742,0,7221032,174698,"85.0,111.9,118.9","38:140,47:176,82:151",
gli,train,BraTS-GLI-02965-100,gli-02965,100,182x218x182,1.00x1.00x1.00,6335.6376953125,0.212240715731491,b0ab73073ed24f1801617f08bf755355,6146be3ec5df29af582abafa6e601235,True,270,20077,6330,6983,7221032,33660,"40.0,107.4,74.6","22:65,64:148,52:100",
gli,train,BraTS-GLI-02965-101,gli-02965,101,182x218x182,1.00x1.00x1.00,6458.7119140625,0.20432716542455429,1c13112011dd7f9af2a0a4af3530e811,69f702b6cab3e48eb24e8e8736aef058,True,225,18493,5266,7088,7221032,31072,"40.0,107.8,74.5","23:67,65:147,52:99",
gli,train,BraTS-GLI-02967-100,gli-02967,100,182x218x182,1.00x1.00x1.00,9193.822265625,0.2309464907509065,f904d44012e03a8710e3b9ddc51f60a3,ffd49687a14d6188f858494f9d0eeb92,True,695,33722,5269,2922,7221032,42608,"107.6,51.0,90.5","52:138,17:95,66:110",
gli,train,BraTS-GLI-02967-101,gli-02967,101,182x218x182,1.00x1.00x1.00,6095.25244140625,0.21821340772343897,72e75dd353937e74f6a78e9ad290c95e,12d490bb54f9605270a60cb1e050fd6e,True,1251,59269,14442,179,7221032,75141,"109.0,63.2,100.4","55:143,18:180,67:133",
gli,train,BraTS-GLI-02968-100,gli-02968,100,182x218x182,1.00x1.00x1.00,6613.5244140625,0.21169411795987056,db2a155c501f7b27cc97c942c103a921,a756390fedab5d3860fd03ab54b5af25,True,0,9749,306,6481,7221032,16536,"61.6,154.6,91.4","44:112,96:177,73:113",
gli,train,BraTS-GLI-02968-101,gli-02968,101,182x218x182,1.00x1.00x1.00,7788.48046875,0.2091447593640355,7cd78c1cd0a771c0c5dcfffb51dbb29b,7be597380595798f5cd3cea1bccf6953,True,0,11021,529,3281,7221032,14831,"62.7,156.9,92.1","43:93,102:179,69:111",
gli,train,BraTS-GLI-02969-100,gli-02969,100,182x218x182,1.00x1.00x1.00,6386.93359375,0.18540853994276718,1dbc6308d0bf974fe6271a0c93bc555a,d1a06b5d172de02164f706da52288816,True,270,7277,8384,1427,7221032,17358,"63.4,88.2,128.3","39:99,66:117,105:149",
gli,train,BraTS-GLI-02969-101,gli-02969,101,182x218x182,1.00x1.00x1.00,7749.712890625,0.1803317032800852,74f4837d716a773eadab9e9ba2f17aac,dc033c4043cd6c93d0cefaf0bffeb28b,True,2518,10550,13826,271,7221032,27165,"60.4,87.4,128.5","36:97,62:108,103:149",
gli,train,BraTS-GLI-02970-100,gli-02970,100,182x218x182,1.00x1.00x1.00,7666.81689453125,0.2404282379582309,bec3e26a53cf675192c38d9b3362df9b,153354d00c206223e805b166f7c8a1be,True,0,46856,1540,15274,7221032,63670,"68.8,164.8,101.4","37:114,134:199,73:130",
gli,train,BraTS-GLI-02970-101,gli-02970,101,182x218x182,1.00x1.00x1.00,8447.515625,0.2351778803916116,6c4859fa51722739229781ac254c1dec,f9e99cdec68c267b3f50cb2e047f5510,True,0,50771,1598,15885,7221032,68254,"69.5,162.9,101.2","36:114,126:200,73:131",
gli,train,BraTS-GLI-02972-100,gli-02972,100,182x218x182,1.00x1.00x1.00,6029.89013671875,0.22126075608029433,48a2ff4f8dc41c0061fed6877fd90efa,8e22236f24d27d9ed17af258878a7b15,True,0,165510,13289,13466,7221032,192265,"102.1,107.0,103.7","42:151,22:175,48:148",
gli,train,BraTS-GLI-02972-101,gli-02972,101,182x218x182,1.00x1.00x1.00,8552.5458984375,0.21403034912461266,afd96c8695b67cab16703c8630be4695,136d8a6d22b409a3b724266373922523,True,0,185586,23146,15869,7221032,224601,"106.5,106.9,102.6","39:153,23:179,47:148",
gli,train,BraTS-GLI-02973-100,gli-02973,100,182x218x182,1.00x1.00x1.00,7337.61279296875,0.19806019416615242,669d1617aaa809cce61f22d12ba40d0b,05678ed52baea96f904ca9e3310112a6,True,2481,41764,9116,127,7221032,53488,"119.0,86.5,91.9","64:151,51:122,50:129",
gli,train,BraTS-GLI-02973-101,gli-02973,101,182x218x182,1.00x1.00x1.00,6412.373046875,0.19377714985891215,d6f6d6f29333da6f8816007289b4d5d0,aef784fb83105f17b38f5f85af41d1e3,True,2683,32928,8304,185,7221032,44100,"118.4,85.7,93.5","63:151,51:122,52:132",
gli,train,BraTS-GLI-02976-100,gli-02976,100,182x218x182,1.00x1.00x1.00,10309.484375,0.20180453431033127,ac11ff2b7c35244f6ba494915749ae9a,e19cacbd68630d9ac7b8892ff00b4783,True,0,39827,169,4392,7221032,44388,"118.1,119.6,85.2","95:142,43:162,46:133",
gli,train,BraTS-GLI-02976-101,gli-02976,101,182x218x182,1.00x1.00x1.00,7591.19189453125,0.1874960531957205,b2b89eab62a4b336315db74ba783b0d9,279f728a338c85499514977468d3f0fb,True,235,68800,5921,3479,7221032,78435,"118.6,115.0,94.1","96:143,41:162,48:135",
gli,train,BraTS-GLI-02977-100,gli-02977,100,182x218x182,1.00x1.00x1.00,9272.8876953125,0.18246159274740786,61bdb6080fed840c2da063f950e9c9d3,44e887d362954dfff9e8757540ca02fd,True,0,10975,219,8252,7221032,19446,"51.7,133.2,86.7","34:74,94:163,48:110",
gli,train,BraTS-GLI-02977-101,gli-02977,101,182x218x182,1.00x1.00x1.00,10156.8701171875,0.17672695537147598,c59769df2a8864a48d947851b97b93e4,eca6b76f5512dab72b4b285148aa5618,True,0,13574,0,9233,7221032,22807,"51.2,133.4,88.5","34:73,99:162,64:118",
gli,train,BraTS-GLI-02978-100,gli-02978,100,182x218x182,1.00x1.00x1.00,3831.324951171875,0.23734294488654809,d5344818a6de625dde873414c0fbd311,465333b572170b56be7c143b3e3ca30d,True,40,18787,7776,9185,7221032,35788,"48.1,120.2,60.4","24:74,59:152,39:85",
gli,train,BraTS-GLI-02978-101,gli-02978,101,182x218x182,1.00x1.00x1.00,6953.0009765625,0.23054363974567624,780eba4cdaee00af5394bb8dc2ee12ae,01f951ca9bc69f608d8ea844e2aeafbc,True,1837,47178,19567,3101,7221032,71683,"52.0,116.0,68.8","24:80,52:154,39:102",
gli,train,BraTS-GLI-02980-100,gli-02980,100,182x218x182,1.00x1.00x1.00,4850.4111328125,0.178084517559263,03f11c2090ce27ec5b88ef20ff8cbf41,9af5c1c96c2023f05a0bb884ea1b6a28,True,0,15789,0,6122,7221032,21911,"56.9,126.7,87.3","36:78,67:153,65:104",
gli,train,BraTS-GLI-02980-101,gli-02980,101,182x218x182,1.00x1.00x1.00,2176.23779296875,0.1688927566032113,9631cdc488b518ad9357ce4db0cb851d,d1f3c6371d8ef20a358c64d22d6e7d8d,True,0,15014,0,5820,7221032,20834,"56.7,129.0,86.7","36:77,94:153,65:104",
gli,train,BraTS-GLI-02981-100,gli-02981,100,182x218x182,1.00x1.00x1.00,6306.4931640625,0.18712699237449718,22c5832d423336607268750816f72cda,75a622331fc0c393a34d80970c6711df,True,0,8527,0,37986,7221032,46513,"126.0,115.4,40.8","100:151,79:145,19:60",
gli,train,BraTS-GLI-02981-101,gli-02981,101,182x218x182,1.00x1.00x1.00,8103.0732421875,0.17194910644351113,4faea282b2ce8fc12365937b040899d4,bee144853b3f8d1009188431bc35217c,True,0,9064,0,36276,7221032,45340,"125.9,115.8,42.4","100:147,80:145,21:63",
gli,train,BraTS-GLI-02982-100,gli-02982,100,182x218x182,1.00x1.00x1.00,2944.32080078125,0.22881784764283,714f28e64b36e8e0c415c84239d1a836,e87faa71a73e1cd1e9620cfae837a61a,True,0,19806,0,10053,7221032,29859,"56.1,130.7,72.8","31:81,103:152,45:106",
gli,train,BraTS-GLI-02982-101,gli-02982,101,182x218x182,1.00x1.00x1.00,3122.146240234375,0.22068701537397978,06eb744622a566c13e42fa85f9cea34c,abe37292eede98124617d8a2d8a90819,True,0,20206,0,9788,7221032,29994,"55.6,132.2,72.7","31:81,103:153,48:106",
gli,train,BraTS-GLI-02983-100,gli-02983,100,182x218x182,1.00x1.00x1.00,3936.347412109375,0.21787924496110805,b37a9d1ddc06a3acd1dd8c960a93b6d8,9750d3716850819befe8c562853ad12c,True,0,18101,485,10127,7221032,28713,"129.9,109.0,59.8","104:150,66:142,43:89",
gli,train,BraTS-GLI-02983-101,gli-02983,101,182x218x182,1.00x1.00x1.00,9225.359375,0.2026636912840159,326d76b16edd7dd7dcd23b8797bb7232,9a07a648b7ef58113dedc15891ef67d3,True,0,12301,1845,9269,7221032,23415,"128.5,111.3,59.9","105:149,66:141,43:89",
gli,train,BraTS-GLI-02984-100,gli-02984,100,182x218x182,1.00x1.00x1.00,6592.00927734375,0.20473638671037603,5b5732ce3d40382cdd0b549ce28b6914,47edab724bfcb6f26d99f843e4028088,True,0,105038,0,0,7221032,105038,"91.7,115.6,89.1","40:134,58:169,54:127",
gli,train,BraTS-GLI-02984-101,gli-02984,101,182x218x182,1.00x1.00x1.00,10528.912109375,0.20112028308419075,e74ff4084fbafc66a1b21d3ef59024e8,edbcb3b123c82271c244ebdad4ca2700,True,0,90715,0,1508,7221032,92223,"89.2,113.3,90.1","40:142,57:176,58:130",
gli,train,BraTS-GLI-02985-100,gli-02985,100,182x218x182,1.00x1.00x1.00,3944.315673828125,0.20099218505055788,0d4821b958a63958eeeb89816d097f68,b8b2b93dc3e1ab848ce663cdcf06b9e1,True,0,19987,70,7929,7221032,27986,"76.6,149.7,104.9","61:92,115:181,74:130",
gli,train,BraTS-GLI-02985-101,gli-02985,101,182x218x182,1.00x1.00x1.00,6439.77294921875,0.1875889762017396,340cda4373383d63bba5cd3c20064575,12d3a59f74d1aa934bca665e0d1552ab,True,0,21339,0,6978,7221032,28317,"76.6,147.6,104.7","60:104,114:179,74:130",
gli,train,BraTS-GLI-02987-100,gli-02987,100,182x218x182,1.00x1.00x1.00,3865.135009765625,0.23874703781952497,50c0aa3b866819710f6bfd61b428aaa6,ec8d0e25a8c6c42bac67f973b4b32d3b,True,0,68473,17550,15515,7221032,101538,"115.9,68.6,108.8","92:152,27:116,63:149",
gli,train,BraTS-GLI-02987-101,gli-02987,101,182x218x182,1.00x1.00x1.00,2841.0654296875,0.23155097498529295,f019a4532976e6ea9d63dec9c7b69e37,683d3efc7aa2b5703a5d9707a818f75c,True,1841,37708,25669,26339,7221032,91557,"113.0,60.3,107.6","62:141,23:114,69:144",
gli,train,BraTS-GLI-02988-100,gli-02988,100,182x218x182,1.00x1.00x1.00,6771.15087890625,0.2388377450757731,9a9a664f37c0692201023faf9de0459d,dbcb503d85ab2c669ee6d82eae1746e5,True,0,19214,1158,11746,7221032,32118,"48.8,119.4,110.2","28:74,94:141,85:138",
gli,train,BraTS-GLI-02988-101,gli-02988,101,182x218x182,1.00x1.00x1.00,10447.71484375,0.23070940552541522,28a248476cc85255853f7f1ef3d6a08f,06eba2c5a89a7dc23e9c26d68765a38f,True,0,18174,342,14253,7221032,32769,"49.7,119.4,110.6","29:86,92:142,17:138",
gli,train,BraTS-GLI-02989-100,gli-02989,100,182x218x182,1.00x1.00x1.00,10679.591796875,0.1848989174954494,b48fdfe5326384fadddb3a5b1f2716e4,34edc28918357950526d6bf3455fb77d,True,0,16649,717,1960,7221032,19326,"126.5,107.7,84.1","104:154,71:141,60:113",
gli,train,BraTS-GLI-02989-101,gli-02989,101,182x218x182,1.00x1.00x1.00,9195.287109375,0.17724294809938523,a1611e300f8deb0505317bd03632c2e2,d13153c7cbc9116934bb46c3711390b7,True,266,21565,3132,1479,7221032,26442,"125.6,108.6,85.0","104:154,67:145,53:114",
gli,train,BraTS-GLI-02991-100,gli-02991,100,182x218x182,1.00x1.00x1.00,6626.53857421875,0.21974615262749148,f96a675395384f49a371ad1d69f67cfa,ede8ac42f149bf7ec9965e95f8ed28f8,True,8360,13399,11652,45,7221032,33456,"81.6,89.3,82.8","55:123,32:129,54:106",
gli,train,BraTS-GLI-02991-101,gli-02991,101,182x218x182,1.00x1.00x1.00,7759.201171875,0.21464646604529658,99efc3adf6330d2ce2de1c266577a511,90a8d40ec374d0c8906c5917aa65a5f4,True,9121,9103,7910,0,7221032,26134,"81.1,88.5,84.2","57:124,33:161,54:128",
gli,train,BraTS-GLI-02992-100,gli-02992,100,182x218x182,1.00x1.00x1.00,8430.7001953125,0.18850754296615774,11a7e162ec32d9ae890d4a0f85facfc8,8fcac5dbf352d81908c0b1fbffb50917,True,0,19067,0,1341,7221032,20408,"74.9,100.8,128.9","58:92,78:132,103:156",
gli,train,BraTS-GLI-02992-101,gli-02992,101,182x218x182,1.00x1.00x1.00,6270.97802734375,0.18262708155842544,014e05d1ed2c16cdaa958171a4e71c4c,78e568affccb1e001f83ad0d7baf0989,True,0,18303,0,1100,7221032,19403,"74.4,100.9,129.0","59:93,76:132,110:155",
gli,train,BraTS-GLI-02993-100,gli-02993,100,182x218x182,1.00x1.00x1.00,8462.7041015625,0.1999793104365138,35b8e4e796238d6d172edf5d018a76ab,78e17dd87cc1c2e89a8b5b113a4bee69,True,0,5794,2007,1595,7221032,9396,"55.9,129.8,94.1","38:76,113:149,79:108",
gli,train,BraTS-GLI-02993-101,gli-02993,101,182x218x182,1.00x1.00x1.00,11575.2109375,0.19053384613168867,aefb165c810ecf551d934c38799af241,f6209e051be53276f7d028434619cf2c,True,0,5215,1165,2256,7221032,8636,"54.9,130.6,93.9","38:75,115:149,80:107",
gli,train,BraTS-GLI-02994-100,gli-02994,100,182x218x182,1.00x1.00x1.00,7532.123046875,0.20623367961809336,fa3c3a8c258c50eea8b3186c3d44a74f,ef2defffbd832c7e1dbc9422aacab0cd,True,0,56598,0,19069,7221032,75667,"66.2,141.7,122.2","35:111,100:172,87:156",
gli,train,BraTS-GLI-02994-101,gli-02994,101,182x218x182,1.00x1.00x1.00,11015.7861328125,0.18850934326284663,6dbe9f893ceb1b8d502ff1aa02f640e0,10bcc0db7836090f7e3d447ea59e5e26,True,0,42938,0,18007,7221032,60945,"69.2,139.7,121.9","41:111,99:171,87:152",
gli,train,BraTS-GLI-02995-100,gli-02995,100,182x218x182,1.00x1.00x1.00,3468.560302734375,0.23378500469185015,8f562eaa4f91d3d5fe3466d5fd88dbad,28f2105ec3efe2251bbc8ce7efe3be29,True,7038,65546,23684,6258,7221032,102526,"99.0,104.9,124.1","63:132,58:152,86:159",
gli,train,BraTS-GLI-02995-101,gli-02995,101,182x218x182,1.00x1.00x1.00,3513.262939453125,0.22596479284401455,9ab0bc882c1f69715941bd038a7d989f,600519dfe99a378842857810477f90bf,True,6112,60219,18797,7978,7221032,93106,"98.6,103.7,124.1","51:130,61:156,85:158",
gli,train,BraTS-GLI-02996-100,gli-02996,100,182x218x182,1.00x1.00x1.00,8665.3896484375,0.24277083940356448,793e42192d1d4e096c837166929a61f8,fb378a4ad1d2c632728ae5e6bc8b4208,True,542,178603,35884,27734,7221032,242763,"56.2,113.0,78.5","20:92,36:188,35:121",
gli,train,BraTS-GLI-02996-101,gli-02996,101,182x218x182,1.00x1.00x1.00,9512.5205078125,0.23853626462256364,a167982aadc08d75de6ef0d1241e0ded,59d953ee6e5b10da099135ac2a25d10a,True,296,65550,18701,24701,7221032,109248,"53.7,117.1,75.1","21:83,29:173,32:121",
gli,train,BraTS-GLI-02997-100,gli-02997,100,182x218x182,1.00x1.00x1.00,3972.274658203125,0.18836324226232484,a55e8f246fe5693ff689d650b2911cbc,e010c5563fdb35eebe780ca3544f24fd,True,407,81012,7686,20881,7221032,109986,"62.4,114.3,91.2","38:88,45:170,46:127",
gli,train,BraTS-GLI-02997-101,gli-02997,101,182x218x182,1.00x1.00x1.00,3157.8232421875,0.18618626811236955,e06f84e706358c0c4ef6259764ecb917,740f1fc73348a185938d86e55397c34f,True,372,92094,14168,18767,7221032,125401,"63.4,114.1,93.2","38:89,41:171,47:129",
gli,train,BraTS-GLI-02999-100,gli-02999,100,182x218x182,1.00x1.00x1.00,8311.6982421875,0.21023130765796358,15badb5e82dac190314d533d4e4a73c2,096517c119fd92fd0b9bb0ab67f015cf,True,0,25191,580,246,7221032,26017,"114.3,77.3,112.0","93:135,43:114,76:140",
gli,train,BraTS-GLI-02999-101,gli-02999,101,182x218x182,1.00x1.00x1.00,10230.115234375,0.20464346370435693,fe45cd0297538a9cae5e193dafaf7453,3df9ed6d442b5c22226196da8d8ee9e8,True,0,27934,451,297,7221032,28682,"114.5,77.5,111.6","93:136,41:115,77:143",
gli,train,BraTS-GLI-03000-100,gli-03000,100,182x218x182,1.00x1.00x1.00,3996.468505859375,0.18531700178035493,8f544ce651f509ba4b8c2f8d67d3f20d,17bb0e6746e34c7ebc903344b8bd13ef,True,361,105633,27059,10440,7221032,143493,"89.4,134.4,101.9","44:130,77:178,69:134",
gli,train,BraTS-GLI-03000-101,gli-03000,101,182x218x182,1.00x1.00x1.00,3911.234619140625,0.1784398684287786,4b85ef36e0fc953cbf2d24b8faa08243,aa4cb29552876285b3935637edab267e,True,398,68401,13407,9386,7221032,91592,"84.1,132.8,101.3","48:126,78:178,71:134",
gli,train,BraTS-GLI-03001-100,gli-03001,100,182x218x182,1.00x1.00x1.00,6852.013671875,0.22853215440673855,a45b98a5f722a45462179f434115ff13,9f6fc34e96674a8451efae5a98961291,True,0,36141,738,1958,7221032,38837,"57.3,98.5,84.2","33:126,40:149,41:114",
gli,train,BraTS-GLI-03001-101,gli-03001,101,182x218x182,1.00x1.00x1.00,8910.5927734375,0.2208120667516776,9cbf2d739bab0af5b4fdffca3ed51c09,f223fdbdaab3faef97f6a802914182d1,True,0,38958,786,2124,7221032,41868,"57.4,99.6,85.2","34:78,44:149,42:119",
gli,train,BraTS-GLI-03005-100,gli-03005,100,182x218x182,1.00x1.00x1.00,10125.6455078125,0.18335800201411653,947d9e8d40773dba6529f9d2fd6adec6,f0fd0782da766a8cf454541dbd2889e9,True,17,56927,3309,273,7221032,60526,"69.1,90.0,117.2","39:115,48:143,79:147",
gli,train,BraTS-GLI-03005-101,gli-03005,101,182x218x182,1.00x1.00x1.00,8525.751953125,0.17430541784055242,4541d973ab5bd0b5b56a60f12e31f4b2,36bf9d9825cd2918a8b2eb668e8b19bc,True,0,45356,2096,272,7221032,47724,"69.4,90.3,114.6","42:112,41:141,80:146",
gli,train,BraTS-GLI-03006-100,gli-03006,100,182x218x182,1.00x1.00x1.00,5481.69287109375,0.18008658596167418,188ecc5db9d49c994c2fe464d0da3f3e,57cdec458cbc82d26c812fe67dfb556f,True,1092,41360,14487,5071,7221032,62010,"131.8,67.1,87.7","103:156,31:115,62:132",
gli,train,BraTS-GLI-03006-101,gli-03006,101,182x218x182,1.00x1.00x1.00,8492.5810546875,0.17173334780956517,04fd40096bce05ab9b3bf58a543abf00,eec4f2c439b2e5c649d37cde938bc1bc,True,874,98574,22993,5620,7221032,128061,"129.0,72.3,92.6","101:158,28:133,58:135",
gli,train,BraTS-GLI-03007-100,gli-03007,100,182x218x182,1.00x1.00x1.00,7104.42626953125,0.22175168313891974,518a2ece9f7e6cca6cb9a4bc3f095633,5ec17a30b73b7735a9b4bae382f92d0c,True,53,17137,8400,7641,7221032,33231,"48.9,120.0,69.6","22:78,86:148,44:111",
gli,train,BraTS-GLI-03007-101,gli-03007,101,182x218x182,1.00x1.00x1.00,8342.8603515625,0.21350410855401278,492aac3aa9577e97303b3652038f006d,b2cc47e6d35a997304485dcde001a48a,True,168,24463,6478,6783,7221032,37892,"49.1,116.5,69.2","22:81,69:149,44:111",
gli,train,BraTS-GLI-03008-100,gli-03008,100,182x218x182,1.00x1.00x1.00,5475.24609375,0.23199204767407208,3285f78d849aac3498f3e82cd34020d2,0127425859b25f8aaf3187712261bc03,True,1216,52371,23993,29420,7221032,107000,"99.6,163.7,95.0","52:135,74:198,62:140",
gli,train,BraTS-GLI-03008-101,gli-03008,101,182x218x182,1.00x1.00x1.00,6432.99267578125,0.2235964333075937,b38e773cedf48ec134b935b0babaea79,78c77f7698e213cb1dc767fb35d37b04,True,7303,42622,25777,27356,7221032,103058,"101.8,163.1,93.2","63:134,127:196,62:141",
gli,train,BraTS-GLI-03009-100,gli-03009,100,182x218x182,1.00x1.00x1.00,9093.4443359375,0.183878287757207,b3de7f9cb9f4ef0226d621e59163a214,30c05f03b36a36d311e23683f5d36f90,True,2088,24528,11130,7111,7221032,44857,"63.9,50.9,73.4","38:84,21:100,47:106",
gli,train,BraTS-GLI-03009-101,gli-03009,101,182x218x182,1.00x1.00x1.00,7960.4873046875,0.17507829905753083,f928c090a6401829631d9497b864c912,7b7b3d4012df5f7fe10032add8e28c95,True,987,27964,6493,9253,7221032,44697,"62.5,50.5,72.6","39:83,20:94,47:112",
gli,train,BraTS-GLI-03010-100,gli-03010,100,182x218x182,1.00x1.00x1.00,6511.96630859375,0.2246617934943371,e32abc335f6eeecd167298b26acc9aed,78bcdc17b50f766e6c48b1fe60a40343,True,0,10007,0,27041,7221032,37048,"113.9,145.4,108.6","58:142,73:180,27:150",
gli,train,BraTS-GLI-03010-101,gli-03010,101,182x218x182,1.00x1.00x1.00,6796.7705078125,0.21562153442887388,8d7bbeb50d9bdae4db9c61a11e22ffeb,279d2151a6e93edf9c4c58865731b17b,True,0,10015,0,25585,7221032,35600,"113.3,145.0,109.4","58:142,80:179,25:151",
gli,train,BraTS-GLI-03011-100,gli-03011,100,182x218x182,1.00x1.00x1.00,8999.7822265625,0.2453852856489211,ee72e4d8bd607a742ae02b89842a26e9,f9a77505ddd8097bbd757f806b8bf6b4,True,2607,85370,9402,43,7221032,97422,"59.4,109.3,104.3","16:125,48:166,63:144",
gli,train,BraTS-GLI-03011-101,gli-03011,101,182x218x182,1.00x1.00x1.00,9985.0458984375,0.24202191598098444,44a84bdac65d95aa0cbf7ae245e97cc6,12c72c55ce1df2bd3031caea9f16f824,True,5010,116744,13599,0,7221032,135353,"60.9,106.2,102.9","18:130,35:178,61:149",
gli,train,BraTS-GLI-03013-100,gli-03013,100,182x218x182,1.00x1.00x1.00,4337.43603515625,0.20061439971461142,89a6d2728599ac23dcc54fec711b364b,3a13a4740e443485343265110b29de8f,True,3746,108360,18372,12044,7221032,142522,"61.8,84.4,101.8","28:112,29:133,61:145",
gli,train,BraTS-GLI-03013-101,gli-03013,101,182x218x182,1.00x1.00x1.00,3552.890625,0.19964362434621533,57950b87b86c763209b73f3eb0e98428,8000f2e410133d1d55122b5e6b9688a2,True,973,122917,7470,11684,7221032,143044,"63.6,84.8,102.0","30:120,31:134,62:144",
gli,train,BraTS-GLI-03014-100,gli-03014,100,182x218x182,1.00x1.00x1.00,8081.681640625,0.2525137681151392,46b2c7b42739dc97ac13307b9d86d6a4,c41c46a5a800237103f9f99cf8510848,True,0,75008,5910,2070,7221032,82988,"116.5,73.3,105.0","56:152,32:141,55:143",
gli,train,BraTS-GLI-03014-101,gli-03014,101,182x218x182,1.00x1.00x1.00,9564.419921875,0.24721881858437963,e0e226d6fa03ca6d271c07f5a4c77bed,b7d65f63ec39f5e4e94ce035298eb779,True,0,74365,2559,3111,7221032,80035,"117.3,73.0,106.9","57:153,33:141,55:142",
gli,train,BraTS-GLI-03015-100,gli-03015,100,182x218x182,1.00x1.00x1.00,12239.72265625,0.23345042647643716,50d0b42593c42225058d46becb01eb0e,aa3cb3353931c84a0397384a9e1851d2,True,0,13652,192,10781,7221032,24625,"42.1,75.3,65.0","22:70,31:115,46:94",
gli,train,BraTS-GLI-03015-101,gli-03015,101,182x218x182,1.00x1.00x1.00,11123.60546875,0.22333622119386815,44009f9575274ea5dfd0330b3c2360ae,8be9410f530ef94477d860a59895f946,True,0,14963,193,10190,7221032,25346,"43.2,74.4,67.7","23:70,32:116,46:114",
gli,train,BraTS-GLI-03017-100,gli-03017,100,182x218x182,1.00x1.00x1.00,5270.02490234375,0.21106387563439685,d3d46ae4cf2b06b81b75f253807ace7c,04047233f43994ee278e994b702e536d,True,0,29342,0,15777,7221032,45119,"106.4,105.1,116.7","71:135,61:138,91:146",
gli,train,BraTS-GLI-03017-101,gli-03017,101,182x218x182,1.00x1.00x1.00,9605.9482421875,0.20187516133428018,e0fb2655275ead9b61b06ed96ab3c1f9,c89ef815fe5c0f93b29e4e94104601bd,True,0,24817,0,15784,7221032,40601,"105.5,106.2,118.0","72:135,61:139,91:146",
gli,train,BraTS-GLI-03018-100,gli-03018,100,182x218x182,1.00x1.00x1.00,10364.65234375,0.24127036135555138,94b203e3183405ae65fc059b1bc8ee5e,051051231e37152508e8371142a60d81,True,37,12156,2037,1774,7221032,16004,"126.8,78.5,102.5","104:149,56:115,72:122",
gli,train,BraTS-GLI-03018-101,gli-03018,101,182x218x182,1.00x1.00x1.00,10505.5830078125,0.23367297084405664,658238311b8d4231104cea6b07ddc578,55f9cacc50e891ee22b4b2b8be5411ac,True,82,12279,2058,2215,7221032,16634,"126.9,75.9,100.8","104:149,55:113,69:122",
gli,train,BraTS-GLI-03019-100,gli-03019,100,182x218x182,1.00x1.00x1.00,8845.2158203125,0.22960679304564777,db1e8396b543121064746762d6c2da9f,6a1d81c463b613d1309afdfc93b67612,True,329,29168,9430,104469,7221032,143396,"100.0,156.9,93.6","52:137,59:196,47:137",
gli,train,BraTS-GLI-03019-101,gli-03019,101,182x218x182,1.00x1.00x1.00,8133.1240234375,0.22036102318892922,a4c935107bc57b7a45717a166244dd0d,92a11e66e5bd3333af5e2230b2d720e8,True,2699,37854,36755,93278,7221032,170586,"97.8,142.8,95.7","47:137,53:196,46:143",
gli,train,BraTS-GLI-03020-100,gli-03020,100,182x218x182,1.00x1.00x1.00,3904.622802734375,0.23404466286813297,1fd5e9c056f4a09c23fb7a07a1a360a4,047841460bc0788f6964f041e7b63ee5,True,1489,41371,13632,403,7221032,56895,"54.8,92.8,100.7","29:82,53:130,70:127",
gli,train,BraTS-GLI-03020-101,gli-03020,101,182x218x182,1.00x1.00x1.00,4627.6513671875,0.22524065812199698,144d857c5add2553bd5b7590c204d511,11c44a2873762f74a8c3c4d904a9aadc,True,8232,53807,22505,343,7221032,84887,"57.7,90.5,100.8","29:85,47:139,66:136",
gli,train,BraTS-GLI-03021-100,gli-03021,100,182x218x182,1.00x1.00x1.00,5997.47265625,0.19497988653145423,2eaab221e4f3bd4df1bb0e970c1847a8,2a9f101f16d8ceb5e6739edb9e1d26cb,True,39,14719,7737,260,7221032,22755,"62.3,132.5,81.6","46:82,99:166,54:107",
gli,train,BraTS-GLI-03021-101,gli-03021,101,182x218x182,1.00x1.00x1.00,9767.2255859375,0.1899138516489056,a11e3998dde56ff2104490f9ec77cca0,700069e34a65ad35fd1133cba9b7ca77,True,283,18248,6310,581,7221032,25422,"62.6,133.7,81.5","44:82,104:166,50:112",
gli,train,BraTS-GLI-03022-100,gli-03022,100,182x218x182,1.00x1.00x1.00,8364.66796875,0.20132316267259306,d5836c52cfc3f2d7b10cc6a0c1726a1e,d310df7df239f99a4416dcb20dcea9d5,True,0,8447,2114,503,7221032,11064,"59.4,95.4,129.2","42:75,81:110,111:144",
gli,train,BraTS-GLI-03022-101,gli-03022,101,182x218x182,1.00x1.00x1.00,9757.5712890625,0.19412640741655762,07d8711391087f2eb2101d66320b5af9,15bc7bd8c4aee90a5c6334a10b59387d,True,0,4587,2388,428,7221032,7403,"60.4,96.1,128.5","48:75,84:107,112:146",
gli,train,BraTS-GLI-03023-100,gli-03023,100,182x218x182,1.00x1.00x1.00,6080.6513671875,0.2234835685536361,55ed1f2dab86d16ca1154bdfc4d98a5a,a9a6f1ee9c6e4d57d99b79d56795aa68,True,0,17249,0,58026,7221032,75275,"55.9,111.3,64.7","21:92,47:153,41:96",
gli,train,BraTS-GLI-03023-101,gli-03023,101,182x218x182,1.00x1.00x1.00,7534.72900390625,0.2151767226623563,1ad58e8ef1938f3f10ec74b22aa5e243,fe152fc855b0c6401898fcd244a7fb2c,True,0,16424,0,77627,7221032,94051,"51.9,110.3,66.8","20:91,49:153,42:96",
gli,train,BraTS-GLI-03024-100,gli-03024,100,182x218x182,1.00x1.00x1.00,10228.3720703125,0.2098580923059197,c08b1a904ad1d31f84ca14ac7f836a37,f8b6d09afcde745d961f87b3701f9533,True,0,15819,0,6416,7221032,22235,"124.2,97.0,123.8","105:146,71:124,96:148",
gli,train,BraTS-GLI-03024-101,gli-03024,101,182x218x182,1.00x1.00x1.00,8534.830078125,0.20195783649760865,552dab5d2f7d2a09af14d6d8eeddad7e,3e0fe06e83db4429dd2e6784e2701508,True,0,17917,0,6198,7221032,24115,"123.6,96.5,124.0","104:145,71:125,96:149",
gli,train,BraTS-GLI-03025-100,gli-03025,100,182x218x182,1.00x1.00x1.00,6580.3359375,0.2495892553862107,41e1ef80e2374bc1535b57cf0b72145d,72b42f30f1b5595c9aad23a18492907c,True,0,8314,579,3527,7221032,12420,"76.3,110.2,130.5","63:88,92:129,107:147",
gli,train,BraTS-GLI-03025-101,gli-03025,101,182x218x182,1.00x1.00x1.00,8368.44921875,0.24014877651837022,a5477a2e9f8e4fc2de69e5e3e1c5ddfe,8303b8cbde67e949e38c42af215bfb46,True,0,10184,766,2853,7221032,13803,"75.1,110.0,128.8","62:88,90:130,105:147",
gli,train,BraTS-GLI-03026-100,gli-03026,100,182x218x182,1.00x1.00x1.00,9626.0556640625,0.2392817259361266,2a147028bd9aaccb6b8f61b5f85604ce,38d946c0dbad6f00813383bfb36e2b05,True,63,77410,4505,17490,7221032,99468,"103.5,74.6,108.4","45:145,29:133,68:145",
gli,train,BraTS-GLI-03026-101,gli-03026,101,182x218x182,1.00x1.00x1.00,9379.4677734375,0.22995868180614626,c684bb1a374ca7d297bf2ff397ed2212,2394e1bd9c06cc4ac2993dc30627b04a,True,71,73867,4326,18918,7221032,97182,"103.0,73.5,107.2","44:141,28:131,67:143",
gli,train,BraTS-GLI-03027-100,gli-03027,100,182x218x182,1.00x1.00x1.00,6642.03515625,0.21561751838241403,e49e7fface07525228cf21e2eb20dd8a,ac72b32e82e8873a3f96e57e68d63676,True,0,4534,1878,13891,7221032,20303,"101.2,158.4,115.0","86:120,98:180,36:133",
gli,train,BraTS-GLI-03027-101,gli-03027,101,182x218x182,1.00x1.00x1.00,5955.7177734375,0.20473209369519482,c2d255984bf18bd7b4763c00b81db023,623161b363f53f9a8a853e6286cd5ada,True,0,4499,775,17232,7221032,22506,"100.6,157.6,115.1","86:120,96:178,19:135",
gli,train,BraTS-GLI-03028-100,gli-03028,100,182x218x182,1.00x1.00x1.00,3277.84521484375,0.18790901355928072,29be20dbf93d227d3a3aa2f479d45724,ad21f0287047c0968695b50aba32088e,True,0,35280,9382,10570,7221032,55232,"127.2,84.0,93.6","47:157,46:132,61:125",
gli,train,BraTS-GLI-03028-101,gli-03028,101,182x218x182,1.00x1.00x1.00,4144.68212890625,0.17975823954249198,c14de1feb6c21e9064d66fa237e56bf0,0c64b27888607c4666d2f72d6e0d73cc,True,1511,85334,24233,2608,7221032,113686,"126.4,85.5,94.9","96:157,38:139,59:133",
gli,train,BraTS-GLI-03029-100,gli-03029,100,182x218x182,1.00x1.00x1.00,9564.8544921875,0.20242632908980324,d6f4d6bd0af2f8d7f6dbdb6ed12dccb1,feb3f29c8e27c51f644ac4504fd1f607,True,1022,47938,5374,3406,7221032,57740,"108.5,86.7,126.3","90:141,39:137,100:153",
gli,train,BraTS-GLI-03029-101,gli-03029,101,182x218x182,1.00x1.00x1.00,9276.8193359375,0.19503985025963047,630513dea092c32f73f6f3c87b4e1139,9184495f58165427b6b674e84e303a79,True,318,42771,2136,1323,7221032,46548,"109.3,82.7,126.4","78:142,38:174,94:152",
gli,train,BraTS-GLI-03030-100,gli-03030,100,182x218x182,1.00x1.00x1.00,8871.9013671875,0.2129926858100061,6a1f6e9110562f7a183bf3b4f5a326cc,cbeefe98cf4dd52f11db8b6f5884a51e,True,0,66760,0,88,7221032,66848,"104.1,97.0,105.6","51:147,35:170,52:132",
gli,train,BraTS-GLI-03030-101,gli-03030,101,182x218x182,1.00x1.00x1.00,11107.1552734375,0.20707497210924977,d5842903850d1a1845adaf1d2a5336c9,ac5a4a40520263177141ac4953abc6d4,True,0,68826,0,95,7221032,68921,"103.9,98.3,105.3","50:146,36:160,52:132",
gli,train,BraTS-GLI-03031-100,gli-03031,100,182x218x182,1.00x1.00x1.00,2757.56982421875,0.2508439236940094,3f8edcc495715b216a71dd2182e03b5a,1c1aa3c646367d75fc39c1363b35894f,True,0,18266,709,8686,7221032,27661,"50.2,129.5,76.7","25:71,95:157,43:102",
gli,train,BraTS-GLI-03031-101,gli-03031,101,182x218x182,1.00x1.00x1.00,2724.568603515625,0.2411669135381203,fbd9322c7265fde5de42065936209e0d,8584987633fc0268fb70aa041198bd3d,True,0,16567,617,8208,7221032,25392,"50.1,129.2,76.6","26:68,98:157,44:104",
gli,train,BraTS-GLI-03032-100,gli-03032,100,182x218x182,1.00x1.00x1.00,2676.139892578125,0.2250625672341571,bf372a2542b29e24c40ac86ebdfb501a,d86ea8752f6e018bdeb0c2473561f9f1,True,4893,111487,21857,723,7221032,138960,"68.7,58.0,84.1","28:134,19:113,39:141",
gli,train,BraTS-GLI-03032-101,gli-03032,101,182x218x182,1.00x1.00x1.00,4256.80810546875,0.22072856068218505,c421608d09bfedca2346e456e4198e94,7ac1f6efbedb5e27820ea03459d4943f,True,8918,153704,47998,342,7221032,210962,"67.0,62.9,85.2","26:135,19:121,39:141",
gli,train,BraTS-GLI-03049-100,gli-03049,100,182x218x182,1.00x1.00x1.00,700.7760009765625,0.16499940728693627,77a49384e5337d108a514c7eed1c7892,8149d9bb493339f339ad4fe4a4d4a0fe,True,0,13864,0,21099,7221032,34963,"123.6,110.6,74.2","99:149,76:134,52:97",
gli,train,BraTS-GLI-03049-101,gli-03049,101,182x218x182,1.00x1.00x1.00,757.3751831054688,0.16449601663584928,2d5455d80a9d0ca93c76f207569ece02,8e6002bcc3b1e485044bbe30969262ed,True,0,5356,9159,12255,7221032,26770,"123.5,109.2,70.8","102:145,77:133,51:91",
gli,train,BraTS-GLI-03050-100,gli-03050,100,182x218x182,1.00x1.00x1.00,1142.749755859375,0.2378319331641239,7fc182d031d29e0b2203b6cca143f787,037d1e4e7c133ee96df9b241c4e488dd,True,16180,44697,40800,0,7221032,101677,"111.9,72.2,106.0","74:157,31:119,66:148",
gli,train,BraTS-GLI-03050-101,gli-03050,101,182x218x182,1.00x1.00x1.00,2352.032470703125,0.2335613524493452,4fb67214fe3faf162536e840154c7fdb,95b5194016aa8e475728e7c3c472bca2,True,16774,73000,47092,0,7221032,136866,"112.5,76.7,106.4","57:157,28:133,66:148",
gli,train,BraTS-GLI-03050-102,gli-03050,102,182x218x182,1.00x1.00x1.00,1115.9906005859375,0.23289842781475004,043409dca861ce9968e8b0c10accf43f,0d1ed38c8659eccddec4f4a38844a708,True,17262,80907,40809,0,7221032,138978,"109.7,85.2,107.0","43:158,32:149,58:144",
gli,train,BraTS-GLI-03051-100,gli-03051,100,182x218x182,1.00x1.00x1.00,896.2697143554688,0.17875090430287527,d9dcd76874bd2f5de5ab60a33338e915,1e71c5596d6c50831ffe8fac442909b0,True,1648,37650,4644,31723,7221032,75665,"76.1,86.4,111.7","54:102,45:125,83:144",
gli,train,BraTS-GLI-03051-101,gli-03051,101,182x218x182,1.00x1.00x1.00,1061.6507568359375,0.17877624694088048,0256a87980ab767d108e251fea81b587,56c5cbe0de4c7ea8494e30826338e074,True,979,9264,35838,20873,7221032,66954,"80.6,84.9,110.4","55:127,47:121,48:140",
gli,train,BraTS-GLI-03051-102,gli-03051,102,182x218x182,1.00x1.00x1.00,1063.8626708984375,0.17516720601709007,ddfe23bf607aaf83751831b8c8da990e,3650314975261b16bd3aa2258c99a0b4,True,7884,65659,39318,17261,7221032,130122,"81.8,84.7,114.2","52:129,41:135,48:153",
gli,train,BraTS-GLI-03052-100,gli-03052,100,182x218x182,1.00x1.00x1.00,1197.749755859375,0.18375102062973825,cf879779d7fcae2dd7784265e328789a,609f2d59ca33af65a7d67ccaec17a6cd,True,0,17418,614,0,7221032,18032,"107.4,141.9,98.5","66:140,112:161,79:116",
gli,train,BraTS-GLI-03052-101,gli-03052,101,182x218x182,1.00x1.00x1.00,937.1843872070312,0.18338680676113886,e4c6be39f35bc5838b6c6cad82201e7d,0591e03176915d65ec6c18bd40791a2c,True,88,26210,2999,0,7221032,29297,"92.6,144.1,100.1","62:140,109:168,79:118",
gli,train,BraTS-GLI-03052-102,gli-03052,102,182x218x182,1.00x1.00x1.00,751.1644897460938,0.18444427333932326,5a0eb4e272e40fb60baa3986290fef33,25b1b47bdf368173cb6aea33ba1beac2,True,4474,110782,4869,0,7221032,120125,"81.4,138.1,104.5","42:139,93:179,72:145",
gli,train,BraTS-GLI-03053-100,gli-03053,100,182x218x182,1.00x1.00x1.00,811.19091796875,0.2316364198358351,60217586f175798185fadd32d147b8fa,d667bab3be6e4d59a7a29f5212d2fd9e,True,0,35732,3116,24512,7221032,63360,"114.4,135.9,111.7","68:142,105:171,85:139",
gli,train,BraTS-GLI-03053-101,gli-03053,101,182x218x182,1.00x1.00x1.00,1971.292236328125,0.2222711379758461,dc25f2d3046b58e0978cd1cbe108d921,ef7d3f7e072203535ee799bddc3f684c,True,0,62723,12409,6096,7221032,81228,"112.8,130.2,114.1","68:141,72:176,81:143",
gli,train,BraTS-GLI-03053-102,gli-03053,102,182x218x182,1.00x1.00x1.00,1028.4681396484375,0.2266066678557857,cdacfabc2e96e2eb5e9954cb20bf1116,04b280b7b66947c5ffefd146e07bebce,True,953,40745,22347,6735,7221032,70780,"111.0,133.7,111.1","60:141,65:175,74:140",
gli,train,BraTS-GLI-03054-100,gli-03054,100,182x218x182,1.00x1.00x1.00,776.5481567382812,0.2244945043866306,b91f43da137cf8ec25879400895d0550,1c42b4daddb41a30e994fb842ffd7ab2,True,2597,75300,7362,0,7221032,85259,"127.7,89.9,104.2","93:154,56:126,75:139",
gli,train,BraTS-GLI-03054-101,gli-03054,101,182x218x182,1.00x1.00x1.00,1213.010498046875,0.22173783470285133,5067c1304d773d94d605aa894f5f0632,f984cdf7dc252a43cdcd5de333cfb417,True,3302,76209,12801,0,7221032,92312,"120.3,95.1,108.4","47:154,51:147,77:140",
gli,train,BraTS-GLI-03054-102,gli-03054,102,182x218x182,1.00x1.00x1.00,1153.5108642578125,0.223005659024915,65d9dc8e9f1ad5b904740974f5464caf,306483a7ddaeaaeba81cd0a5ede66cdb,True,5919,190757,19101,0,7221032,215777,"118.8,101.0,105.7","43:156,45:160,64:146",
gli,train,BraTS-GLI-03055-100,gli-03055,100,182x218x182,1.00x1.00x1.00,822.4410400390625,0.18827544317765108,10506b22be53cac92852dbb5701e6c74,eabf8aa7cc57f41d432a9138f08ccd91,True,0,44725,845,1794,7221032,47364,"77.6,63.5,99.1","57:91,24:106,61:132",
gli,train,BraTS-GLI-03056-100,gli-03056,100,182x218x182,1.00x1.00x1.00,614.7633056640625,0.18528764309588988,604d12906e25b59f594367a12adfb0ea,573641c1ae95feb4322e996d7012f362,True,1642,159255,12086,26747,7221032,199730,"89.1,60.3,86.9","31:142,24:115,48:137",
gli,train,BraTS-GLI-03056-101,gli-03056,101,182x218x182,1.00x1.00x1.00,606.7930297851562,0.1820250900425313,63db9b49962a6f35e74dda2250ee6f4d,eb9302817d9ba9f060876802bc1cb645,True,0,105388,5800,33778,7221032,144966,"71.4,56.1,88.5","31:133,21:120,47:133",
gli,train,BraTS-GLI-03059-100,gli-03059,100,182x218x182,1.00x1.00x1.00,1164.60693359375,0.22485290191208127,d4235874e9c6c531a572906fc651c15c,627fe27cdcaad833c824691fa8abae42,True,0,88973,776,26596,7221032,116345,"128.5,89.0,71.4","97:154,41:134,37:106",
gli,train,BraTS-GLI-03059-101,gli-03059,101,182x218x182,1.00x1.00x1.00,1115.6995849609375,0.21980874755852073,24ed0c95cbbd7585b499727b990e9ec7,a6c35afc929e8920fa6f17f6c915c02f,True,0,18157,0,34172,7221032,52329,"136.8,79.0,64.3","103:158,31:116,43:98",
gli,train,BraTS-GLI-03060-100,gli-03060,100,182x218x182,1.00x1.00x1.00,1318.5262451171875,0.16799745521138806,c8b516784aba9e9a6b2db1355309e41f,0f3790c69059d317d2f2dab407bfdd25,True,0,27110,5728,7387,7221032,40225,"52.1,82.0,110.0","33:75,54:109,85:136",
gli,train,BraTS-GLI-03060-101,gli-03060,101,182x218x182,1.00x1.00x1.00,1480.7900390625,0.16925530865948246,d584ac711f3cff71c2df1319ac9568ac,f46bfe4905d7b595ed345500135785d7,True,0,52239,798,2715,7221032,55752,"53.3,81.0,110.1","32:76,52:116,81:138",
gli,train,BraTS-GLI-03060-102,gli-03060,102,182x218x182,1.00x1.00x1.00,755.1612548828125,0.1627479285509329,8947c6485e0cc82f81ff7cc19eb05516,024a36db1735978b2dd630d6580ea9b3,True,0,58099,1007,3478,7221032,62584,"55.8,83.5,111.6","32:81,44:143,75:137",
gli,train,BraTS-GLI-03061-100,gli-03061,100,182x218x182,1.00x1.00x1.00,970.8967895507812,0.1857481035951648,89b970a0adcef960b264c89dd9e2aa34,f12ff305213580745eb51df0e7109da9,True,3,77622,1477,52634,7221032,131736,"113.4,123.4,85.7","78:143,80:167,45:123",
gli,train,BraTS-GLI-03061-101,gli-03061,101,182x218x182,1.00x1.00x1.00,1169.9666748046875,0.18659078092992804,8d424b82501282e0865b498978b83ebf,7f5edd6f8284ed7b5ef0c43ce5fc8ec8,True,6007,110443,31235,12885,7221032,160570,"122.2,121.0,94.3","94:153,68:178,48:132",
gli,train,BraTS-GLI-03061-102,gli-03061,102,182x218x182,1.00x1.00x1.00,1049.5045166015625,0.17991805049472154,156f73048137b734671ab9bbb7b31310,0eac10988830932a5426d7436be782de,True,0,108516,4425,23171,7221032,136112,"118.0,114.3,92.6","36:152,37:173,47:135",
gli,train,BraTS-GLI-03062-100,gli-03062,100,182x218x182,1.00x1.00x1.00,1516.50830078125,0.2018847167551674,901732cd3d9cd183d7e56679b9539cae,b06b0afdc09b504e0b98d8a227f87488,True,4656,42902,18665,12327,7221032,78550,"108.7,91.5,91.5","79:134,40:122,61:121",
gli,train,BraTS-GLI-03063-100,gli-03063,100,182x218x182,1.00x1.00x1.00,774.7463989257812,0.1746672774750202,d50e77a735166079f7e93261c45185e4,77ed12717196039eb3d74805e52483a1,True,1133,47872,6973,47516,7221032,103494,"66.3,60.7,99.5","30:101,26:94,71:135",
gli,train,BraTS-GLI-03064-100,gli-03064,100,182x218x182,1.00x1.00x1.00,737.3140258789062,0.21244193350756513,952e9d3af2b4c4b667cc02b85d374ef3,73867b41d9ee034450635614a65a9ffa,True,0,72367,2853,2527,7221032,77747,"121.9,63.9,94.1","74:154,24:115,59:136",
gli,val,BraTS-GLI-02073-100,gli-02073,100,182x218x182,1.00x1.00x1.00,6626.46533203125,0.19430242103898723,1040964efb5a548d7a9f3899e1144978,8f84211d2a6406d38b15392b7bc54935,False,,,,,,,,,
gli,val,BraTS-GLI-02073-101,gli-02073,101,182x218x182,1.00x1.00x1.00,2149.138916015625,0.18953689721912326,6d361ee612f723cdcebf13c9f7145e0d,aba3cd094542bb499a32ca7e27a75296,False,,,,,,,,,
gli,val,BraTS-GLI-02095-100,gli-02095,100,182x218x182,1.00x1.00x1.00,1146.6436767578125,0.17810570566644768,125e072242402e5824e5d5c66d21163d,a144b7a5bac37457864d9ae134ce8d2f,False,,,,,,,,,
gli,val,BraTS-GLI-02095-101,gli-02095,101,182x218x182,1.00x1.00x1.00,2218.04150390625,0.18105722284570958,54111c8ba8e13b7a690c9cc2dd4d479d,11c9e3193a0356748dc7f53820636a75,False,,,,,,,,,
gli,val,BraTS-GLI-02095-102,gli-02095,102,182x218x182,1.00x1.00x1.00,8060.6103515625,0.1791928078978185,7082257286a08ba7ae08883bab122c16,e4dc626b1975b2675ff3ca13f85a18f3,False,,,,,,,,,
gli,val,BraTS-GLI-02097-100,gli-02097,100,182x218x182,1.00x1.00x1.00,1735.21875,0.19266428953645406,8fdee6cae580743566714b2b5b8801d8,f5de935eb10b191708c7b9cb7f103929,False,,,,,,,,,
gli,val,BraTS-GLI-02097-101,gli-02097,101,182x218x182,1.00x1.00x1.00,1933.07275390625,0.1927376862476167,d1e530944b7d4f61958cbbf2c2a08ffd,0c8ee1bf2051b142983c0ff8a4c0d345,False,,,,,,,,,
gli,val,BraTS-GLI-02109-100,gli-02109,100,182x218x182,1.00x1.00x1.00,2211.611572265625,0.23533353681302063,13287d8eb60f1cb3a0922f963466f5bd,c7128115a9f800d207aad43bc34c0bf5,False,,,,,,,,,
gli,val,BraTS-GLI-02109-101,gli-02109,101,182x218x182,1.00x1.00x1.00,2013.6904296875,0.23573611084952953,41d9c325180334ce7b979650fff1a799,c8acc7ea7aff70ecfe56f3c95c0abe2b,False,,,,,,,,,
gli,val,BraTS-GLI-02109-102,gli-02109,102,182x218x182,1.00x1.00x1.00,320.9279479980469,0.23684786329710214,c4abd78f7295bd92159ce1936e91b3ce,e819660fb84e3d91269dd394b1e5f86c,False,,,,,,,,,
gli,val,BraTS-GLI-02109-103,gli-02109,103,182x218x182,1.00x1.00x1.00,2352.751708984375,0.23822619813899176,18fd9bcf74bd2c66b2357d9b58c19b17,5cc12306fc071bb28c69b1d3086cf450,False,,,,,,,,,
gli,val,BraTS-GLI-02109-104,gli-02109,104,182x218x182,1.00x1.00x1.00,8297.900390625,0.24148944361415375,e76e6f59f93e755c6c3c4632b7877c2a,6f8bc8ac58452d96c1960409c9251fc9,False,,,,,,,,,
gli,val,BraTS-GLI-02113-100,gli-02113,100,182x218x182,1.00x1.00x1.00,2246.268310546875,0.1861830829720738,575904bafa22a8f6e279c8b6a2eb8823,82d813c4c3879ea031537dede464d9c5,False,,,,,,,,,
gli,val,BraTS-GLI-02113-101,gli-02113,101,182x218x182,1.00x1.00x1.00,868.179931640625,0.18627559052501083,fb0c7a25c7de8f6518371b64f45a3a1e,4df60c57dad7fda24ae5705d77493376,False,,,,,,,,,
gli,val,BraTS-GLI-02122-100,gli-02122,100,182x218x182,1.00x1.00x1.00,8054.53125,0.21432878292188706,7c0ad0dfa619ac953e705e1c8f77290b,18203b3dd3256ccc0978c418e0f54dee,False,,,,,,,,,
gli,val,BraTS-GLI-02122-101,gli-02122,101,182x218x182,1.00x1.00x1.00,8904.0361328125,0.21242780810277534,79d2bc2b50add84edcf998dd5b809c43,08ed55ef1f870b4a584316f9dd03e7d9,False,,,,,,,,,
gli,val,BraTS-GLI-02125-100,gli-02125,100,182x218x182,1.00x1.00x1.00,9540.5126953125,0.1942125446889032,6b5d394c93cd5d1bafd35a438920e804,599e883cc39ca30e13e4525106599757,False,,,,,,,,,
gli,val,BraTS-GLI-02125-101,gli-02125,101,182x218x182,1.00x1.00x1.00,1707.760009765625,0.19020494577506372,0bb1e0d8b55d32e08356acb381570305,1d8f13481d401bfec24519982a18c36c,False,,,,,,,,,
gli,val,BraTS-GLI-02126-100,gli-02126,100,182x218x182,1.00x1.00x1.00,2079.427734375,0.18217548405823433,93f5b84bfedfbb1eac256219a1458732,36858fb85c67a1d123a22ea54c8f4fe8,False,,,,,,,,,
gli,val,BraTS-GLI-02126-101,gli-02126,101,182x218x182,1.00x1.00x1.00,2058.564697265625,0.1820183043088578,218851b1e229392c4011545226be9426,7d62b376335264504c73d2d71b24b48f,False,,,,,,,,,
gli,val,BraTS-GLI-02127-100,gli-02127,100,182x218x182,1.00x1.00x1.00,1529.928466796875,0.21495154709188383,a411b58c3fd043d0da9d5f5bc88d610f,b5d2cf973b8d6a4c2225acc05f63fea0,False,,,,,,,,,
gli,val,BraTS-GLI-02127-101,gli-02127,101,182x218x182,1.00x1.00x1.00,1631.11767578125,0.20912412519429355,67d4b0ac1fa8be6da19c9fd52849c52c,3ad38e96233ad6ff9ce7d09b036914e5,False,,,,,,,,,
gli,val,BraTS-GLI-02127-102,gli-02127,102,182x218x182,1.00x1.00x1.00,1877.8240966796875,0.21284533845023815,39aa6eef3a5fe1a2a5d7089f774b311b,f0b4a1607beda45c95829f6c884e0985,False,,,,,,,,,
gli,val,BraTS-GLI-02127-103,gli-02127,103,182x218x182,1.00x1.00x1.00,8379.2783203125,0.20784965362291705,aa10c3e905374fe65d1fe2988d8005de,6070dd0baa0a4622e6a443e39f900924,False,,,,,,,,,
gli,val,BraTS-GLI-02130-100,gli-02130,100,182x218x182,1.00x1.00x1.00,1924.7403564453125,0.21101928367025655,d18ab17ed2084e88ca2c49cab17214b0,911fa7a4b136dab658f690162c858e6b,False,,,,,,,,,
gli,val,BraTS-GLI-02130-101,gli-02130,101,182x218x182,1.00x1.00x1.00,2676.218994140625,0.20584149190863577,70bcc005aa19ed071ff05b14c8462fe8,58b2fc86e7d283ae7eea34d9cd3b3385,False,,,,,,,,,
gli,val,BraTS-GLI-02130-102,gli-02130,102,182x218x182,1.00x1.00x1.00,9147.1396484375,0.2201423563834089,1f389e657f09f0412f5e5659becc6fef,a155b237e47662c0f2e0a900c33c61dc,False,,,,,,,,,
gli,val,BraTS-GLI-02130-103,gli-02130,103,182x218x182,1.00x1.00x1.00,1026.7537841796875,0.21160216434437626,6ddf8be5c5c60e03db6d5e65ecdedf30,4b87dc891c86701605a7d743dbdf7a2c,False,,,,,,,,,
gli,val,BraTS-GLI-02133-100,gli-02133,100,182x218x182,1.00x1.00x1.00,1666.0941162109375,0.18319583682775537,b6b20dd5af1c528113dc8f0b9cbae24e,0aefc1c1de1a1c405721026b41d1b062,False,,,,,,,,,
gli,val,BraTS-GLI-02133-101,gli-02133,101,182x218x182,1.00x1.00x1.00,1794.34326171875,0.18093701842063573,66f47609277ef78297444b2fbe2c27ec,a448b68341e5fba83655e5110dadbde5,False,,,,,,,,,
gli,val,BraTS-GLI-02133-102,gli-02133,102,182x218x182,1.00x1.00x1.00,1685.4486083984375,0.1888134549189091,abaaa597d674b600145197efeb36272d,a7c65809932ae88c2094cf4a4b8ebf42,False,,,,,,,,,
gli,val,BraTS-GLI-02133-103,gli-02133,103,182x218x182,1.00x1.00x1.00,7822.0703125,0.19281592991140326,9173ac5e93e9282a0413f30dbb5d01c2,bcc619624c6662ff9f6b6a9c637cda68,False,,,,,,,,,
gli,val,BraTS-GLI-02148-100,gli-02148,100,182x218x182,1.00x1.00x1.00,16061.328125,0.21495888676300007,1c8bb17691ef1569fc9f855749a494aa,af1d72f2136b1f1110bbeb6dfd6caef6,False,,,,,,,,,
gli,val,BraTS-GLI-02148-101,gli-02148,101,182x218x182,1.00x1.00x1.00,2193.321044921875,0.21825647635961176,c133dbfac1c93b418cf6e457efa05497,2471c4ae9b753fb9e65789c512895481,False,,,,,,,,,
gli,val,BraTS-GLI-02177-100,gli-02177,100,182x218x182,1.00x1.00x1.00,5367.50439453125,0.21549025125494528,f2926cc0d0e8e2c60246ebdfa6425e8f,d5bb2908e0304b332c9f44a84ac6fbab,False,,,,,,,,,
gli,val,BraTS-GLI-02177-101,gli-02177,101,182x218x182,1.00x1.00x1.00,1180.3875732421875,0.21979600699733778,8ba7071fca6ffdf57ca43d2d9747fde9,8924db2ac44d36e7658b8ce0ffef761c,False,,,,,,,,,
gli,val,BraTS-GLI-02180-100,gli-02180,100,182x218x182,1.00x1.00x1.00,6545.63720703125,0.2074447253522765,91fd955022b647b7e0531cb321a5f773,8699279daa7fb176e0ebdd2d4a3e5f58,False,,,,,,,,,
gli,val,BraTS-GLI-02180-101,gli-02180,101,182x218x182,1.00x1.00x1.00,10801.7890625,0.21273552035221557,a693ec878038c439bca2841287bc775c,b96f433a12da82243885925a8681fffd,False,,,,,,,,,
gli,val,BraTS-GLI-02180-102,gli-02180,102,182x218x182,1.00x1.00x1.00,9185.8671875,0.2139950356126382,77763998914d74361c8308aac9a693ea,00bd1717a27ba62b62a05cf707064b17,False,,,,,,,,,
gli,val,BraTS-GLI-02180-103,gli-02180,103,182x218x182,1.00x1.00x1.00,8135.34521484375,0.20613050876938366,2763cf0f0934558e09907c2441863257,333e84b007adb2d5e4e6f4f8c627edf9,False,,,,,,,,,
gli,val,BraTS-GLI-02180-104,gli-02180,104,182x218x182,1.00x1.00x1.00,6836.36474609375,0.20819655694643094,06541b4710597e11781d8518d182979a,b6fc0b6831a7a280bf567e3c0d5c910e,False,,,,,,,,,
gli,val,BraTS-GLI-02180-105,gli-02180,105,182x218x182,1.00x1.00x1.00,6327.73193359375,0.2076628382203541,328419fb4fbbdeaa4c6f5356ed1f196e,ac9e98bdeceb5a0499d96d67579b5cbe,False,,,,,,,,,
gli,val,BraTS-GLI-02187-100,gli-02187,100,182x218x182,1.00x1.00x1.00,5583.06396484375,0.24180311069110344,3cfdf4e6b21720920c5dcaea913b80a6,65946b99465973644c0b190dc473d420,False,,,,,,,,,
gli,val,BraTS-GLI-02187-101,gli-02187,101,182x218x182,1.00x1.00x1.00,10592.658203125,0.23907067577044389,228f20d60061f03427b30729cee97b78,0901c182b6e51eedf76164379bef9fb6,False,,,,,,,,,
gli,val,BraTS-GLI-02187-102,gli-02187,102,182x218x182,1.00x1.00x1.00,6148.96142578125,0.2401638713136848,de8dd1848b3e7f3a80b36abf084b4e12,3889c2e29148ba59c2ed3d081498f431,False,,,,,,,,,
gli,val,BraTS-GLI-02189-100,gli-02189,100,182x218x182,1.00x1.00x1.00,1087.49609375,0.2104123067173778,fa8bac6168ee201a8f615b590870a871,7e93372270aa70cc2da194fd8df9f4d9,False,,,,,,,,,
gli,val,BraTS-GLI-02189-101,gli-02189,101,182x218x182,1.00x1.00x1.00,1913.808837890625,0.20669538647661442,b57922f0d126aaceabb08a406ac851ff,8af6abbb208f70868f487eefa1f584f3,False,,,,,,,,,
gli,val,BraTS-GLI-02190-100,gli-02190,100,182x218x182,1.00x1.00x1.00,13288.17578125,0.22815298422718525,18ca4abcd82fa4bbade6ea9863d72b8f,0ecda38f0ce0f634aafb538d87ee7960,False,,,,,,,,,
gli,val,BraTS-GLI-02190-101,gli-02190,101,182x218x182,1.00x1.00x1.00,2628.58642578125,0.22323983607883194,37d1b28d986d30ebad11de4459192f01,5e7c95b8e7c37616306ec60083866e8f,False,,,,,,,,,
gli,val,BraTS-GLI-02210-100,gli-02210,100,182x218x182,1.00x1.00x1.00,1206.6719970703125,0.21514057824421773,b96bfd907ef77b3698fdaf67d3388658,4dc420af1289ccd6ad191ca62b6486ad,False,,,,,,,,,
gli,val,BraTS-GLI-02210-101,gli-02210,101,182x218x182,1.00x1.00x1.00,1666.231689453125,0.21249109545560801,84db09df8c95ff20a1c82d3dd8697f0c,25f52df258758676bc09757a2c1654bd,False,,,,,,,,,
gli,val,BraTS-GLI-02210-102,gli-02210,102,182x218x182,1.00x1.00x1.00,10062.8193359375,0.21878784085155695,8b4d7fa280a690e58d627c3e3c9a2f31,3ce55287e4ef858e80bb42922fe7e72e,False,,,,,,,,,
gli,val,BraTS-GLI-02210-103,gli-02210,103,182x218x182,1.00x1.00x1.00,7677.7744140625,0.21690403809317005,5f61b43366601aa4d5af64faf4130775,7f311b8e79a015c5a34f7ab3945c9174,False,,,,,,,,,
gli,val,BraTS-GLI-02210-104,gli-02210,104,182x218x182,1.00x1.00x1.00,2066.125,0.2108280367681517,becda60e84eac0a6fb83827a9bc7825d,142fee655cd9093ad7780ee6b5ce69e6,False,,,,,,,,,
gli,val,BraTS-GLI-02212-100,gli-02212,100,182x218x182,1.00x1.00x1.00,1230.285888671875,0.21867816123789507,a4562bb3ea7cedc831df367d4c900de8,a6b75e89415d50fa13ad425ab5fcd8eb,False,,,,,,,,,
gli,val,BraTS-GLI-02212-101,gli-02212,101,182x218x182,1.00x1.00x1.00,7996.0419921875,0.21886857723383582,301fdb16adbc0c25b9405fa8edd5d102,6087797803c55063758510dab4a0a4af,False,,,,,,,,,
gli,val,BraTS-GLI-02212-102,gli-02212,102,182x218x182,1.00x1.00x1.00,1273.1746826171875,0.21546075408611953,2fe4d06ec3ebccd8008ffc22c736e929,d1b257d307990ab10beb7909a79ca133,False,,,,,,,,,
gli,val,BraTS-GLI-02212-103,gli-02212,103,182x218x182,1.00x1.00x1.00,1781.1221923828125,0.21409197466511712,4038c28fa92e2d2f3e3fc5ebdf43813f,cb4962d0d042e0293cba0af0d9995053,False,,,,,,,,,
gli,val,BraTS-GLI-02212-104,gli-02212,104,182x218x182,1.00x1.00x1.00,2352.973388671875,0.21429277698810917,fcaaaba1dd1a2fea0e9efced41fc7a69,b90cde96a2d4cdf46655d3f648548c8c,False,,,,,,,,,
gli,val,BraTS-GLI-02213-100,gli-02213,100,182x218x182,1.00x1.00x1.00,1723.8658447265625,0.20029270054474207,0ebec0d055eb9b367f91b3f173cc8d7b,9c1b62ab98d6392b1022bc6809224371,False,,,,,,,,,
gli,val,BraTS-GLI-02213-101,gli-02213,101,182x218x182,1.00x1.00x1.00,2543.514404296875,0.19867201807165513,ea42049f04164ad5ae0ae132b4bfef2f,7eabf07473aeee5efdbe65f0a5726898,False,,,,,,,,,
gli,val,BraTS-GLI-02213-102,gli-02213,102,182x218x182,1.00x1.00x1.00,2204.45166015625,0.19456138679346663,b797a3f2535c59fa40481109817a06b2,bbdbf195e93014d7924ab7a193281c01,False,,,,,,,,,
gli,val,BraTS-GLI-02213-103,gli-02213,103,182x218x182,1.00x1.00x1.00,2102.27783203125,0.1964715015803835,b004533d5572e0b449268cb3101bf42e,d50bef346fd6b3943e53860d3dce9e5e,False,,,,,,,,,
gli,val,BraTS-GLI-02214-100,gli-02214,100,182x218x182,1.00x1.00x1.00,2339.610595703125,0.1907206615342516,b7fd5f768091c69129498cea9ca8979b,af05e5469ce348a94e51b98238f2b0c0,False,,,,,,,,,
gli,val,BraTS-GLI-02214-101,gli-02214,101,182x218x182,1.00x1.00x1.00,1862.2530517578125,0.19032722746554787,1d559e320e740e642ec88fd91b8210a3,62a2586b9563827deb60add0bf55120f,False,,,,,,,,,
gli,val,BraTS-GLI-02214-102,gli-02214,102,182x218x182,1.00x1.00x1.00,1835.8209228515625,0.19038359060034632,68c61eace541dcc48a2290d2a24fbb79,13dc326ec9ef204dd06daf3bd08edfc7,False,,,,,,,,,
gli,val,BraTS-GLI-02214-103,gli-02214,103,182x218x182,1.00x1.00x1.00,1768.328125,0.1883452392954359,4b3a6217d820058141b9c987eaf1c963,b488fea161cb4b5a1cae0d5baddb7534,False,,,,,,,,,
gli,val,BraTS-GLI-02214-104,gli-02214,104,182x218x182,1.00x1.00x1.00,1713.0692138671875,0.18752471945838212,44207f1a737d189347b1fd5569e8d301,1671e92adc387db8527d9184790bc10d,False,,,,,,,,,
gli,val,BraTS-GLI-02255-100,gli-02255,100,182x218x182,1.00x1.00x1.00,4615.00048828125,0.1970581213322417,db3bed0d5fbbed35324229f1f35b42d4,6747af6e1fa78308a4bdbd01037c3022,False,,,,,,,,,
gli,val,BraTS-GLI-02257-100,gli-02257,100,182x218x182,1.00x1.00x1.00,4201.7998046875,0.23231970167145083,589c11449dce263f34f4997e06662b2c,4b5b8e9038ba563fd81effb105bd1272,False,,,,,,,,,
gli,val,BraTS-GLI-02257-101,gli-02257,101,182x218x182,1.00x1.00x1.00,4055.0390625,0.22820117678470336,b01de681b41cdd5dafc2847bd9a6e1a4,078e48a40361b0f1980b6212f42992f0,False,,,,,,,,,
gli,val,BraTS-GLI-02257-102,gli-02257,102,182x218x182,1.00x1.00x1.00,4791.22119140625,0.23467061217842547,3c86e576f2a9e141617050d84df535f2,139eeda2b7d4f00c0704bf2315228606,False,,,,,,,,,
gli,val,BraTS-GLI-02272-100,gli-02272,100,182x218x182,1.00x1.00x1.00,6042.62451171875,0.22607488791075847,3e417401d9732164b4350fb324509d12,ee666706ce20f53c69aa3b33bf4f0133,False,,,,,,,,,
gli,val,BraTS-GLI-02272-101,gli-02272,101,182x218x182,1.00x1.00x1.00,5541.9111328125,0.22676827910470415,2017de6731dae9ea9c86d552451969cc,284fee0d903dcc3ba81100fe28908389,False,,,,,,,,,
gli,val,BraTS-GLI-02275-100,gli-02275,100,182x218x182,1.00x1.00x1.00,4176.2373046875,0.23797803416464572,ba315448a65f339f4ffb9d781a089687,2d25c1c2e3ee58b2464cdc95501744e5,False,,,,,,,,,
gli,val,BraTS-GLI-02275-101,gli-02275,101,182x218x182,1.00x1.00x1.00,3772.3857421875,0.2393542917411251,0ad0da46c4179862ddafc0d420e0d308,c52b65c8d297b0261fe4c83a11d59163,False,,,,,,,,,
gli,val,BraTS-GLI-02275-102,gli-02275,102,182x218x182,1.00x1.00x1.00,3958.5537109375,0.2394541389651784,646b451afbc1930fd0ab391b12ef1c42,ec29ce6504c51611af82ba80826e7d8a,False,,,,,,,,,
gli,val,BraTS-GLI-02276-100,gli-02276,100,182x218x182,1.00x1.00x1.00,5079.35302734375,0.2186367544140505,4eb317b5defa414965d31bba030a9efc,138c50209e3365d88f6278c9d828adce,False,,,,,,,,,
gli,val,BraTS-GLI-02280-100,gli-02280,100,182x218x182,1.00x1.00x1.00,4285.96923828125,0.20613729450305718,494c84ae7187c8b085be0243f2e5b238,8e15f7621a0d6852db04b585e987dc10,False,,,,,,,,,
gli,val,BraTS-GLI-02283-100,gli-02283,100,182x218x182,1.00x1.00x1.00,4642.97900390625,0.23341705174551228,ad201df4fcdad8357295863301a40231,52b35c74eecedd9cf6650ebecfd5e174,False,,,,,,,,,
gli,val,BraTS-GLI-02297-100,gli-02297,100,182x218x182,1.00x1.00x1.00,4625.28955078125,0.20460731928621836,3de0df1e655f7baed6c398c27a762f25,8e03fdecd592377ef359dadb5fbf31d8,False,,,,,,,,,
gli,val,BraTS-GLI-02298-100,gli-02298,100,182x218x182,1.00x1.00x1.00,4765.10205078125,0.1884877397025799,a8117f55a8bce11e3f4aa76ea5d0b62d,23a94f8a1cc98b5d993a32b146b4d35e,False,,,,,,,,,
gli,val,BraTS-GLI-02304-100,gli-02304,100,182x218x182,1.00x1.00x1.00,5598.48291015625,0.2247896145592486,1b689ea61048ce4feb4f63111e33a31d,be4caf438cf6b1c18fdea8e9561e630e,False,,,,,,,,,
gli,val,BraTS-GLI-02309-100,gli-02309,100,182x218x182,1.00x1.00x1.00,3884.01513671875,0.25210219259518585,f288f86117079b70380b6f80eede70e2,577f98ddfab9139bb424e456b96befb9,False,,,,,,,,,
gli,val,BraTS-GLI-02310-100,gli-02310,100,182x218x182,1.00x1.00x1.00,5488.77783203125,0.26125919397670583,404d41bd06c245c8fe8a8f6abbcfc512,3c1da5b2031eb57efcc23d65389c770f,False,,,,,,,,,
gli,val,BraTS-GLI-02313-100,gli-02313,100,182x218x182,1.00x1.00x1.00,5104.224609375,0.21975418472041117,3bad558f4ddb5f0ddbc90fe7ce670494,1f9e85b5aa039906c0666de154240b06,False,,,,,,,,,
gli,val,BraTS-GLI-02321-100,gli-02321,100,182x218x182,1.00x1.00x1.00,5278.50390625,0.19186426538478157,ed2ea7ec8333cb1b75c8926e261476be,c13b95db42683fa19bef4970e5675a3b,False,,,,,,,,,
gli,val,BraTS-GLI-02321-101,gli-02321,101,182x218x182,1.00x1.00x1.00,3260.509765625,0.18975750280569315,197e1af2e0136acc7c89594fcbc840ef,02d85bb658ffc11ea43bc1a15b86bece,False,,,,,,,,,
gli,val,BraTS-GLI-02328-100,gli-02328,100,182x218x182,1.00x1.00x1.00,18720.064453125,0.2235623661548654,f29a9410fed471ffd3fa08ca4d9643c2,0549445694c0ed05c841c50377a6fed3,False,,,,,,,,,
gli,val,BraTS-GLI-02328-101,gli-02328,101,182x218x182,1.00x1.00x1.00,3759.2802734375,0.22610632386063378,7268df815fb9a17493609844f791e69d,e39b70ee6cfae728edfd724c2f5846bd,False,,,,,,,,,
gli,val,BraTS-GLI-02349-100,gli-02349,100,182x218x182,1.00x1.00x1.00,4524.0263671875,0.2101707899923446,ae6e37fe9c9865106273c0c079e7e441,3e473b7e553a75412dc3270949a09875,False,,,,,,,,,
gli,val,BraTS-GLI-02356-100,gli-02356,100,182x218x182,1.00x1.00x1.00,4280.9072265625,0.19188531500760556,c3b8de5553b77c2b42a3e1485b75a7e4,b7d5cbc9678f698870d4d4f5b5f9e209,False,,,,,,,,,
gli,val,BraTS-GLI-02356-101,gli-02356,101,182x218x182,1.00x1.00x1.00,4120.7578125,0.19331599693783383,ba0a6c7c34a28384f75618df6d5f5b4c,b6a458762e153af4d5a3497427b90ec1,False,,,,,,,,,
gli,val,BraTS-GLI-02359-100,gli-02359,100,182x218x182,1.00x1.00x1.00,3593.816162109375,0.214135874207454,21dced177747bac614f072fbc89a2d70,f63917ba525a7172b5b8c645ac3b0d49,False,,,,,,,,,
gli,val,BraTS-GLI-02373-100,gli-02373,100,182x218x182,1.00x1.00x1.00,4805.49365234375,0.2299179674041051,8c7ad888ae88636638627ce1f8ef3c9a,14d4550fa2387f1eaedbb9c6e1e8aae5,False,,,,,,,,,
gli,val,BraTS-GLI-02374-100,gli-02374,100,182x218x182,1.00x1.00x1.00,6082.69873046875,0.23323009785858864,db87f1147fef2297dfefef2e7be18072,6050196c55610cf554ac5b382026f688,False,,,,,,,,,
gli,val,BraTS-GLI-02374-101,gli-02374,101,182x218x182,1.00x1.00x1.00,6301.326171875,0.22808138781271153,1316ed4fb6728878ee30c9403d05cf22,6c4ee390171490030654c44c8b7d4307,False,,,,,,,,,
gli,val,BraTS-GLI-02391-100,gli-02391,100,182x218x182,1.00x1.00x1.00,5137.814453125,0.2340129499495363,a9e858fc6b7d24ab890ceeaca0598d5b,b4f9b03d969db687f04458ce1bfac7d6,False,,,,,,,,,
gli,val,BraTS-GLI-02392-100,gli-02392,100,182x218x182,1.00x1.00x1.00,6065.4921875,0.2353268895637078,a72842750864fb53ba85459dde1ad766,04bbfc1c59649e6995b6bd3d1e4e7076,False,,,,,,,,,
gli,val,BraTS-GLI-02392-101,gli-02392,101,182x218x182,1.00x1.00x1.00,6566.7060546875,0.23190272526143077,5625796f109e606c08cfb27d968611f0,4948cc4b9d0b6a3233ed48c547c84399,False,,,,,,,,,
gli,val,BraTS-GLI-02395-100,gli-02395,100,182x218x182,1.00x1.00x1.00,6523.8876953125,0.2487458856296441,e18c62dcaa865e6150183a3b76b31cda,95fb7a37bf19518f8cfad43fe1d6c219,False,,,,,,,,,
gli,val,BraTS-GLI-02395-101,gli-02395,101,182x218x182,1.00x1.00x1.00,6068.06396484375,0.24709362872232113,dc9f918907675bdaee73250e91dc52fa,99aa411ddead5174cc08586a785694d6,False,,,,,,,,,
gli,val,BraTS-GLI-02397-100,gli-02397,100,182x218x182,1.00x1.00x1.00,5716.9921875,0.1904896696206304,1b23fd6add83d47ef60aa5b5c07f086a,2d0d841b4a69d338dca6187a49b2eb84,False,,,,,,,,,
gli,val,BraTS-GLI-02402-100,gli-02402,100,182x218x182,1.00x1.00x1.00,7200.5615234375,0.18734856735159186,681eef92ddbbde7e1f47534cc30c755d,e215bc09c7b22d1fbde220ab9daac22a,False,,,,,,,,,
gli,val,BraTS-GLI-02402-101,gli-02402,101,182x218x182,1.00x1.00x1.00,6860.35888671875,0.19088753518887605,2047215bf9c808525a9a798e05d36496,a2c50ca08162c4f7ff0659448de1047b,False,,,,,,,,,
gli,val,BraTS-GLI-02496-100,gli-02496,100,182x218x182,1.00x1.00x1.00,1016.1455688476562,0.26288070735595687,52db2fe830abbfc7da4a83804b3f416f,6898dc15557650ba386264438a4c0b9c,False,,,,,,,,,
gli,val,BraTS-GLI-02496-101,gli-02496,101,182x218x182,1.00x1.00x1.00,673.4301147460938,0.2621353845267546,ecb97abe7aab5562f5047263ac7c48f3,3e1ba5607d0439138e0fab2eff8d76db,False,,,,,,,,,
gli,val,BraTS-GLI-02496-103,gli-02496,103,182x218x182,1.00x1.00x1.00,807.699951171875,0.2598082933298177,fc655407e10778c85c421935c9fbfe3c,31572687f400f5f015e1ee27c68e0371,False,,,,,,,,,
gli,val,BraTS-GLI-02499-100,gli-02499,100,182x218x182,1.00x1.00x1.00,902.335693359375,0.2575541833909613,b42a14cd3059b4f67aadff772a1eb4ad,24c9624b094786f254e82e51ac55b850,False,,,,,,,,,
gli,val,BraTS-GLI-02499-101,gli-02499,101,182x218x182,1.00x1.00x1.00,682.1209106445312,0.2569539921717561,e358bf68be567bb813829f99c92194cb,65c79c3d336cbcd1d7fe94d36ee7bf56,False,,,,,,,,,
gli,val,BraTS-GLI-02499-102,gli-02499,102,182x218x182,1.00x1.00x1.00,688.9573364257812,0.25610868363413986,78a827212a63410e3315a6afc978117a,29e1a077be5ffbd969d0ba590d6e4c57,False,,,,,,,,,
gli,val,BraTS-GLI-02499-103,gli-02499,103,182x218x182,1.00x1.00x1.00,663.2357177734375,0.25544700535879084,d7c3d241534c3e63f7a7847cb77cc06e,f33c028f3750f90601aa21663fa9c61d,False,,,,,,,,,
gli,val,BraTS-GLI-02500-100,gli-02500,100,182x218x182,1.00x1.00x1.00,724.3554077148438,0.26149780253016464,cbe76349a060fe38fe1d645a78db9fc5,c9a4064ba5c9d7748bca1152236abaad,False,,,,,,,,,
gli,val,BraTS-GLI-02500-101,gli-02500,101,182x218x182,1.00x1.00x1.00,1021.1939086914062,0.2592576795117374,f6ceccc33726160cdb19410ae5f26a2c,ccd4f6316d801cefc23223723225d1fa,False,,,,,,,,,
gli,val,BraTS-GLI-02500-102,gli-02500,102,182x218x182,1.00x1.00x1.00,810.1327514648438,0.25895301391823217,c48628e509c03ec58ad9b6a3992e4c31,7a2b0f32068f341900c7bb510b49d05c,False,,,,,,,,,
gli,val,BraTS-GLI-02500-103,gli-02500,103,182x218x182,1.00x1.00x1.00,998.2643432617188,0.259423583775837,25a74f54177045abbad0b739dfd1ca1d,5b045b0fbea277951040fa9fefa6d57c,False,,,,,,,,,
gli,val,BraTS-GLI-02500-104,gli-02500,104,182x218x182,1.00x1.00x1.00,1164.7432861328125,0.2568195238575317,5ac886bd277615dba78659272f050087,c668926972dc122f96be2a823596d649,False,,,,,,,,,
gli,val,BraTS-GLI-02500-105,gli-02500,105,182x218x182,1.00x1.00x1.00,1135.110595703125,0.2584392369400939,85fbac9924283c3b0684ecad0be72a66,098c3c89e43a8b9e485f33459fd6f09a,False,,,,,,,,,
gli,val,BraTS-GLI-02519-100,gli-02519,100,182x218x182,1.00x1.00x1.00,1188.305419921875,0.20973719545904243,3282d737bfb85b89c9ec2db277c3e378,2ab3b9ffc254e728210e5ce7b1e90701,False,,,,,,,,,
gli,val,BraTS-GLI-02519-101,gli-02519,101,182x218x182,1.00x1.00x1.00,814.3850708007812,0.218651018303201,d12ba317935a47f44f4ec37b41a8f418,68442a04f499535c8e4ec8471252a0a2,False,,,,,,,,,
gli,val,BraTS-GLI-02519-102,gli-02519,102,182x218x182,1.00x1.00x1.00,774.790771484375,0.20537618445673694,1ae66d04708ea3f29d53dbc08e42b7ae,379bc535d218664ab4dd5ee2fa26725c,False,,,,,,,,,
gli,val,BraTS-GLI-02519-103,gli-02519,103,182x218x182,1.00x1.00x1.00,856.09033203125,0.16857521196416247,98cbacdfdff645abb194d11650f7a1d6,4268f2dcfd8f179fbaf92f1b5d86adef,False,,,,,,,,,
gli,val,BraTS-GLI-02519-104,gli-02519,104,182x218x182,1.00x1.00x1.00,683.9619750976562,0.20142328686536773,24c9eb6c7183e2660e1130d3bbe25446,d313f0f8c1182b3461d22fe569bc8fd6,False,,,,,,,,,
gli,val,BraTS-GLI-02519-105,gli-02519,105,182x218x182,1.00x1.00x1.00,721.7329711914062,0.2178541792918242,e1ce21b044cb3b9b6d820be2a730f99f,98a678b215c116e422807268a72a1bcb,False,,,,,,,,,
gli,val,BraTS-GLI-02522-100,gli-02522,100,182x218x182,1.00x1.00x1.00,1338.9820556640625,0.20197556249577622,98cd460926a8d871de1830a0d59fc4b9,bb8581d9423d61e314abd9877af62766,False,,,,,,,,,
gli,val,BraTS-GLI-02522-101,gli-02522,101,182x218x182,1.00x1.00x1.00,589.25732421875,0.23966131156876191,6c50b479db314a6de1b9b64ba522abc6,3cc4e6054efb161252941e1c2027fd33,False,,,,,,,,,
gli,val,BraTS-GLI-02526-100,gli-02526,100,182x218x182,1.00x1.00x1.00,655.6759033203125,0.14951297820034587,325456004a8c17b1802f4ddab2cebd0f,a1eb9f08eb82780e6975e485ae2d2835,False,,,,,,,,,
gli,val,BraTS-GLI-02532-100,gli-02532,100,182x218x182,1.00x1.00x1.00,1012.230712890625,0.2229591282797251,9a8786f0200f305c1b4b9eac769ffc19,5ae2bded3d4780315c6af1968a000a73,False,,,,,,,,,
gli,val,BraTS-GLI-02532-101,gli-02532,101,182x218x182,1.00x1.00x1.00,1252.5628662109375,0.20290700830573802,7d3b3cd6d8c1a7413b1aa65b713b99a8,48d0d3e588d800bc7f9da16350a1b47a,False,,,,,,,,,
gli,val,BraTS-GLI-02532-102,gli-02532,102,182x218x182,1.00x1.00x1.00,1592.7364501953125,0.22110399178399984,fb125fc1e16e7eab731e17a9a5f66be6,096933221a7ad13ada01adc9a465e652,False,,,,,,,,,
gli,val,BraTS-GLI-02551-100,gli-02551,100,182x218x182,1.00x1.00x1.00,786.5458984375,0.1946904542176243,89645b5f6779d57956895e7f675ade03,1fce5890062688ebea71e8da7a388e08,False,,,,,,,,,
gli,val,BraTS-GLI-02551-101,gli-02551,101,182x218x182,1.00x1.00x1.00,1456.377197265625,0.17882610131072676,9aeaec7fa593811b6fc46658fe4854fd,9c619b7e80297b4c1022b16b4c53521f,False,,,,,,,,,
gli,val,BraTS-GLI-02551-102,gli-02551,102,182x218x182,1.00x1.00x1.00,1113.165771484375,0.18344829381728261,4c1c7a5fd2b5c373e5dd518c41259ed2,70c0ba1b3822b0d44e78f97e9373a38b,False,,,,,,,,,
gli,val,BraTS-GLI-02557-100,gli-02557,100,182x218x182,1.00x1.00x1.00,700.8162231445312,0.15906812211883287,e6f74e80e8851486ee8295f3214f8b9d,ea587d6a34b5e8120809df7669103506,False,,,,,,,,,
gli,val,BraTS-GLI-02557-101,gli-02557,101,182x218x182,1.00x1.00x1.00,1094.508056640625,0.17138741387657608,1406bbc820b20c64677763071db86797,a3bae379e4c6f7a0981a8c5b03666dc3,False,,,,,,,,,
gli,val,BraTS-GLI-02557-102,gli-02557,102,182x218x182,1.00x1.00x1.00,1256.965576171875,0.17069734630728683,8c4e39a3fe28ecb34b6af4b2809a55e1,3ae7651d4a115de8f2df147d7cc8d40c,False,,,,,,,,,
gli,val,BraTS-GLI-02559-100,gli-02559,100,182x218x182,1.00x1.00x1.00,1064.374267578125,0.18024598146082166,13f1e2a8c63f70770219bb117924a8a4,5a4c74067dc253266053d503a7ac7473,False,,,,,,,,,
gli,val,BraTS-GLI-02559-101,gli-02559,101,182x218x182,1.00x1.00x1.00,1194.876708984375,0.12371611149209698,5493da52ac755297c68752bb0bb76477,19f8f3146d740a52cf5d40c10146e97a,False,,,,,,,,,
gli,val,BraTS-GLI-02559-102,gli-02559,102,182x218x182,1.00x1.00x1.00,1437.751953125,0.17272683461311347,ebebd7b60c1339f5e553ceadf4199068,d753c9a62083a2b9388d2a0b6f5faf4c,False,,,,,,,,,
gli,val,BraTS-GLI-02559-103,gli-02559,103,182x218x182,1.00x1.00x1.00,1755.9293212890625,0.17312234594722747,7c08e3fc909e07da7095b68c4a524b4d,877bb2422a99012d7343cedbe136cf63,False,,,,,,,,,
gli,val,BraTS-GLI-02587-100,gli-02587,100,182x218x182,1.00x1.00x1.00,1175.6234130859375,0.1878496037685472,f507cc85bbec1c8c22cd6046dabc127c,936f0845eaa37f6d74c4008069cb9a7d,False,,,,,,,,,
gli,val,BraTS-GLI-02587-101,gli-02587,101,182x218x182,1.00x1.00x1.00,909.6541137695312,0.19212821657624563,9b2f7d79d2dd05333135bd25f4df93f9,a7dd926dfe96a96ce4e5a12d2cb1076b,False,,,,,,,,,
gli,val,BraTS-GLI-02587-102,gli-02587,102,182x218x182,1.00x1.00x1.00,1001.1658935546875,0.1650200414566782,ef18a81e1b28fd0d88de6c1e72e16e61,31b70985f6c54a250d7ae0a17db6d968,False,,,,,,,,,
gli,val,BraTS-GLI-02587-103,gli-02587,103,182x218x182,1.00x1.00x1.00,866.2939453125,0.1635731568562499,9a95af4160138fd28e24323523041c3b,960e4eaa77615a5472ae402deeccf06a,False,,,,,,,,,
gli,val,BraTS-GLI-02587-104,gli-02587,104,182x218x182,1.00x1.00x1.00,867.8447265625,0.19255073236069303,b8139726f4db35622bc15247526198c1,cac554a86021fcd35485ae03381c4ac2,False,,,,,,,,,
gli,val,BraTS-GLI-02587-105,gli-02587,105,182x218x182,1.00x1.00x1.00,851.3433227539062,0.19237042572308224,f65a997135425b38da99d4e173d3b36f,531e47727e5edb4708840472686373f8,False,,,,,,,,,
gli,val,BraTS-GLI-02589-100,gli-02589,100,182x218x182,1.00x1.00x1.00,1231.537841796875,0.18787120732881393,a16649a65662ace60a66c778dfd37aa6,ae26f6ae1bf2acb07c708bff04f97c7d,False,,,,,,,,,
gli,val,BraTS-GLI-02589-101,gli-02589,101,182x218x182,1.00x1.00x1.00,1101.3480224609375,0.18429997263549033,d200c803185b320fae980f956a5cd848,6237c93aa321d767ca9b9e00b6614ac7,False,,,,,,,,,
gli,val,BraTS-GLI-02607-100,gli-02607,100,182x218x182,1.00x1.00x1.00,963.314453125,0.21094990300555377,54290dac389461791f37c025bfa88b46,344bb46fce1253af185d31dea36169e5,False,,,,,,,,,
gli,val,BraTS-GLI-02607-101,gli-02607,101,182x218x182,1.00x1.00x1.00,787.135986328125,0.22833758387997727,4c31a098c93364fbeff267d75eb08175,e318e126fa1f4393a79a5df4e8247218,False,,,,,,,,,
gli,val,BraTS-GLI-02611-100,gli-02611,100,182x218x182,1.00x1.00x1.00,1133.9708251953125,0.20263904106781414,b6aea4e9c42073e196c9267ae02b3897,008b24830d1d138a471432da9444552e,False,,,,,,,,,
gli,val,BraTS-GLI-02611-101,gli-02611,101,182x218x182,1.00x1.00x1.00,1430.6566162109375,0.20744583322716198,2d01f0a3e40ffc82b61641bcfce2d780,163895e4fc1020d49149cebdcef823b7,False,,,,,,,,,
gli,val,BraTS-GLI-02611-102,gli-02611,102,182x218x182,1.00x1.00x1.00,819.9637451171875,0.20724129182643145,3c5e89e0d0d544b57b9ae8ff5cc702b2,a12e5aeb8ee17826a943e7cc253ba30a,False,,,,,,,,,
gli,val,BraTS-GLI-02626-100,gli-02626,100,182x218x182,1.00x1.00x1.00,1264.7177734375,0.19102768136188844,60256397d6adb3498a4b4ad2c08e46b5,29df04cbcd3a6c5009dc21989e513b48,False,,,,,,,,,
gli,val,BraTS-GLI-02626-101,gli-02626,101,182x218x182,1.00x1.00x1.00,1094.98095703125,0.21142171922240477,0b64c9b4f6b6246414768c267ee37c02,ee46560a287a14376b14b580ae036b7b,False,,,,,,,,,
gli,val,BraTS-GLI-02627-100,gli-02627,100,182x218x182,1.00x1.00x1.00,1077.5584716796875,0.1708593730092873,3683d7c615b44aa3a1bac3b66c299fb7,b6728de03451a54c7c90e13f85ade5b3,False,,,,,,,,,
gli,val,BraTS-GLI-02627-101,gli-02627,101,182x218x182,1.00x1.00x1.00,4058.817626953125,0.1673888164461811,a8ff7f8cbec591db44584f0797a7d98a,6cc55a09bbf66a7de558a9a6696395db,False,,,,,,,,,
gli,val,BraTS-GLI-02627-102,gli-02627,102,182x218x182,1.00x1.00x1.00,1036.7716064453125,0.13301865993669604,f2f3bd96ac1f94f71701d4042edc6f80,d0fdf1cc4c1ca04fb4caf064c6bcfe04,False,,,,,,,,,
gli,val,BraTS-GLI-02678-100,gli-02678,100,182x218x182,1.00x1.00x1.00,10487.0,0.2551660205909626,116566797a6a7fe16ee7c28d5be1e012,53b2a2d8bafaeb25f67bcd10c2475eff,False,,,,,,,,,
gli,val,BraTS-GLI-02679-100,gli-02679,100,182x218x182,1.00x1.00x1.00,3519.694091796875,0.2558736756740588,24a04b63cc1b3dd3af5f616af5f179a4,24fe3fc67fa386037be2738f2a542ccd,False,,,,,,,,,
gli,val,BraTS-GLI-02680-100,gli-02680,100,182x218x182,1.00x1.00x1.00,10668.0,0.2569685330296279,d9b01a779ce99251a308443833f778a0,764314351a457034f7a8872608c4f4f8,False,,,,,,,,,
gli,val,BraTS-GLI-02681-100,gli-02681,100,182x218x182,1.00x1.00x1.00,5447.0,0.25532749335552035,e762f09f3db8ac2769ba30c7f7c3c2de,88c47f46ae3b15ecfbe52b0f14689c11,False,,,,,,,,,
gli,val,BraTS-GLI-02684-100,gli-02684,100,182x218x182,1.00x1.00x1.00,3485.5224609375,0.25988986061826064,55096716e9ae6f926fa15311622024a6,ac30d7393f105e9edd98ec0c87811d9b,False,,,,,,,,,
gli,val,BraTS-GLI-02692-100,gli-02692,100,182x218x182,1.00x1.00x1.00,9935.0,0.2574087748122429,f11e59ade7c9e59a35681bf82ccabca8,86410eb62a9b210b1e5d7f2c063407b1,False,,,,,,,,,
gli,val,BraTS-GLI-02700-100,gli-02700,100,182x218x182,1.00x1.00x1.00,15944.0,0.2569070459734841,607fd72c6b4362d485ae852dcf1bb0b9,edd4ed2edf28658f82db5afcf6c5b22b,False,,,,,,,,,
gli,val,BraTS-GLI-02702-100,gli-02702,100,182x218x182,1.00x1.00x1.00,4496.69384765625,0.2586523643711868,544f3b8bba971fcb2dc907789aa9ff54,cdc135e47ec5354b514eec7110ca6da2,False,,,,,,,,,
gli,val,BraTS-GLI-02703-100,gli-02703,100,182x218x182,1.00x1.00x1.00,3952.408447265625,0.2595989049764632,e909aad1a505c96cd8763dead4f5f90f,d8ee91a79a0ae4089ae3e50533c5bad9,False,,,,,,,,,
gli,val,BraTS-GLI-02711-100,gli-02711,100,182x218x182,1.00x1.00x1.00,3467.712158203125,0.256405455619086,c21fa87edce3679ce739ec927b8825b5,251c1f27d8b236a7d2667164624322f5,False,,,,,,,,,
gli,val,BraTS-GLI-02712-100,gli-02712,100,182x218x182,1.00x1.00x1.00,3763.4423828125,0.2604885285094984,8bebaf6aee3be7f4639edd70223ac00b,5c121add3c8a532ca8e5cb0a6fe00ceb,False,,,,,,,,,
gli,val,BraTS-GLI-02713-100,gli-02713,100,182x218x182,1.00x1.00x1.00,12469.0,0.25704262216259394,f99740cc9d4839fa1236de5c0f86af18,63650eaa2bfb3bc72e7de715b664b606,False,,,,,,,,,
gli,val,BraTS-GLI-02714-100,gli-02714,100,182x218x182,1.00x1.00x1.00,2927.002685546875,0.2585433771793284,0d8b7b290dcb30eb27e96f5d4cbf5974,39d88f7e45e713e16d58f6650142a065,False,,,,,,,,,
gli,val,BraTS-GLI-02715-100,gli-02715,100,182x218x182,1.00x1.00x1.00,3664.0,0.24949965600484805,a4f7f77edeba19ea9074a44b3bc8f8a8,bbf793f170dffd7c06ad52ef9aca0fa1,False,,,,,,,,,
gli,val,BraTS-GLI-02728-100,gli-02728,100,182x218x182,1.00x1.00x1.00,11170.0,0.25540739883163516,e98be49576c412eae8ad4b8b34d78071,3a1cf483826e0e6f306a24997595d34e,False,,,,,,,,,
gli,val,BraTS-GLI-02730-100,gli-02730,100,182x218x182,1.00x1.00x1.00,3743.6357421875,0.26125739368001694,a07756d3cca0cae8be59ef5803aabf56,c4d5a4d534515b4ecb0cb3e20ca215aa,False,,,,,,,,,
gli,val,BraTS-GLI-02733-100,gli-02733,100,182x218x182,1.00x1.00x1.00,3533.271240234375,0.254480938458658,0f69c3a5f6a1e4727aec6c3a7727e6ae,4aab94ea724e5a054569872043442020,False,,,,,,,,,
gli,val,BraTS-GLI-03033-100,gli-03033,100,182x218x182,1.00x1.00x1.00,623.0416870117188,0.18447501686739512,a77e345774be64bd478b268601249d20,8e183b994ee720ab826243d087ffb271,False,,,,,,,,,
gli,val,BraTS-GLI-03037-100,gli-03037,100,182x218x182,1.00x1.00x1.00,2087.41064453125,0.1876255360729602,d5b4fdd0166eec0a32753040f465fabd,82c5f609e9a62ad74e42305c34726d74,False,,,,,,,,,
gli,val,BraTS-GLI-03037-101,gli-03037,101,182x218x182,1.00x1.00x1.00,763.5079345703125,0.19102214198746106,d01081bd32d7bb97f1cd6df0360221e1,ba6d1e4210b2c636d62c99c9c8dba0f7,False,,,,,,,,,
gli,val,BraTS-GLI-03037-102,gli-03037,102,182x218x182,1.00x1.00x1.00,1155.0550537109375,0.1876335681658799,770f0925ae2fc6426a807a98c2b1826c,d3a68bf1638c9d05783f849b974dd8da,False,,,,,,,,,
gli,val,BraTS-GLI-03039-100,gli-03039,100,182x218x182,1.00x1.00x1.00,949.67431640625,0.20533186946131798,ecebe265e6f064e0c6ae17d73d6c8be3,72d8d39b65cdebb60e9c0b68611ce934,False,,,,,,,,,
gli,val,BraTS-GLI-03044-100,gli-03044,100,182x218x182,1.00x1.00x1.00,600.631591796875,0.23808979104371786,6e8e343ccff2cc4a264d66f78db00f1b,9bce69f93466cfcf480727b4025fb8f7,False,,,,,,,,,
gli,val,BraTS-GLI-03046-100,gli-03046,100,182x218x182,1.00x1.00x1.00,1174.708984375,0.16745819711088386,109be0d72f9acedf4def4679a32198d3,e056f16396c33806252eeb7268e1f191,False,,,,,,,,,
gli,val,BraTS-GLI-03046-101,gli-03046,101,182x218x182,1.00x1.00x1.00,745.3212890625,0.16847716503679808,ba3b510426cad4890c883ecf7973f0ee,2c0d1ee8d0c8a4899d4ef0013bce6cce,False,,,,,,,,,
gli,val,BraTS-GLI-03046-102,gli-03046,102,182x218x182,1.00x1.00x1.00,1073.4505615234375,0.16902099312120483,822e4022334d7eed7f37e77a8942d9f3,bf9e288c980a928979c64396fabbe443,False,,,,,,,,,
gli,val,BraTS-GLI-03047-100,gli-03047,100,182x218x182,1.00x1.00x1.00,646.3239135742188,0.18180046840950156,631f014b235ba1a1518b057fef5a9a27,9a8b263241f5c3dc19e1a52d3b507778,False,,,,,,,,,
gli,val,BraTS-GLI-03047-101,gli-03047,101,182x218x182,1.00x1.00x1.00,616.2669677734375,0.18545354735998953,7b99e2c9793ae16d886f718b405fe469,5369be98753d3e7c4ffbeacfd445ec46,False,,,,,,,,,
gli,val,BraTS-GLI-03057-100,gli-03057,100,182x218x182,1.00x1.00x1.00,1369.67724609375,0.2126022983972374,fbb148f6034e4aba37c54cef37235822,2b2d0ce3548d3305e4b96c1598a47100,False,,,,,,,,,
gli,val,BraTS-GLI-03058-100,gli-03058,100,182x218x182,1.00x1.00x1.00,974.812744140625,0.17512012133445745,eecdec1a4d385c4da2e71c0ec85f2a6c,bba4f2a0b3c2eebda372f2230c9bcbcc,False,,,,,,,,,
men_rt,train,BraTS-MEN-RT-0002-1,men-0002,1,256x256x124,1.02x1.02x1.50,7286.0,0.3412813986501386,7649a3bc83abc32d2a4eae0460d44ea0,44d30e3704367b826855833eb95a5cb1,True,,,,,8126464,7528,"132.9,73.3,93.6","122:144,48:99,82:104",7528
men_rt,train,BraTS-MEN-RT-0003-1,men-0003,1,320x320x205,0.81x0.81x1.00,1524.0,0.8532538586128049,85f8d44810687385db94a49e53e29091,f4d57d8b63fa22b01ccb63f29f47d1d4,True,,,,,20992000,17638,"156.3,216.1,137.0","138:175,198:236,123:151",17638
men_rt,train,BraTS-MEN-RT-0004-1,men-0004,1,512x512x168,0.51x0.51x1.10,1556.0,0.8666392735072544,94b143719bf9553b73a000eb69cb309f,dfbd69a8642b9a3c29ef2b2e2f752c25,True,,,,,44040192,32785,"230.3,293.7,52.8","202:256,267:324,37:68",32785
men_rt,train,BraTS-MEN-RT-0005-1,men-0005,1,288x288x202,0.90x0.90x1.00,1521.0,0.8592094940830889,062ef11c1c70f6114c49f487aeb84d40,6e8aa649604c2b31552157827395e9c7,True,,,,,16754688,2000,"123.1,125.4,161.9","110:136,115:137,155:168",2000
men_rt,train,BraTS-MEN-RT-0006-1,men-0006,1,512x512x136,0.51x0.51x1.40,12659.0,0.8223716791938332,6c16eafe52a036a76944573f51f53dd9,0429b571f44e03663f79c9e700e34b26,True,,,,,35651584,9775,"265.2,334.2,103.8","250:285,316:358,98:110",9775
men_rt,train,BraTS-MEN-RT-0007-1,men-0007,1,256x256x134,1.02x1.02x1.40,249.0,0.7775012343677122,c19af92dd94e3839b945d5086b8ef3ae,b2dda975bf920f8877ba1588af9b2bc9,True,,,,,8781824,1848,"120.7,171.8,97.0","111:126,153:197,78:107",1848
men_rt,train,BraTS-MEN-RT-0009-1,men-0009,1,256x256x91,1.02x1.02x2.00,1884.0,0.8467479328532795,c675e59c0edd3adcee8275b5f597f15e,baa483557368933d51155d61e038491e,True,,,,,5963776,271,"144.5,136.9,33.7","141:148,132:142,31:37",271
men_rt,train,BraTS-MEN-RT-0011-1,men-0011,1,512x512x136,0.51x0.51x1.40,9579.0,0.8367527232450598,06ca5ebfa1278669102522d78bc53364,3b41c5c4eb4caf736aeaacfc7b40bcbd,True,,,,,35651584,2017,"272.1,271.4,50.3","258:291,262:281,46:56",2017
men_rt,train,BraTS-MEN-RT-0015-1,men-0015,1,512x512x283,0.74x0.74x1.00,2098.0,0.20904113715613268,8d3be8498ae4f46e1f3b61657cc8b85d,cd6b7c5f9bb720fee42dfe6d5e7a1c07,True,,,,,74186752,8472,"275.2,245.4,112.3","251:297,185:290,100:122",8472
men_rt,train,BraTS-MEN-RT-0016-1,men-0016,1,672x672x170,0.37x0.37x1.10,2043.0,0.8828335500867014,8a45d9ce9ef45b73933f7a1666d018e7,5faf38ae21a16b9fc7e2de543454ea20,True,,,,,76769280,30137,"320.0,140.1,103.0","287:353,113:169,89:115",30137
men_rt,train,BraTS-MEN-RT-0017-1,men-0017,1,256x256x172,0.94x0.94x1.00,1735.0,0.6801848300667697,615d309f6a4dd9ff0150821bfc33bebd,df6f069e05da578d7c5d7066ffe1f2ad,True,,,,,11272192,133206,"111.4,79.8,119.3","81:138,46:115,88:152",133206
men_rt,train,BraTS-MEN-RT-0018-1,men-0018,1,256x256x124,1.02x1.02x1.50,8515.0,0.4010098365045363,3841a44834317d61c99e20e547b43967,fd951cfa95134599add95e7b6f3a4001,True,,,,,8126464,2592,"130.9,151.6,52.8","119:144,141:163,49:59",2592
men_rt,train,BraTS-MEN-RT-0020-1,men-0020,1,256x256x88,1.02x1.02x2.00,1638.0,0.8679493990811434,581f7f7084f36545474f79808f59b287,b423febccaf6e96baf53f4fdf2470a18,True,,,,,5767168,94,"124.3,141.0,33.3","119:128,138:144,32:34",94
men_rt,train,BraTS-MEN-RT-0022-1,men-0022,1,512x512x136,0.51x0.51x1.40,8349.0,0.8397478776819566,0dc6b487d69c2c5857dfe0e6558f07bd,f20d13d900ce6af1b2d1432b470cff41,True,,,,,35651584,1291,"200.0,370.2,98.2","191:210,361:379,94:102",1291
men_rt,train,BraTS-MEN-RT-0023-1,men-0023,1,256x256x124,1.02x1.02x1.50,674.0,0.5646992345010081,c65d8554f896793c1ffd02a96c7848a2,159670acfd72168f93b4a2a514f907fa,True,,,,,8126464,4655,"119.0,112.3,25.7","104:133,98:127,12:35",4655
men_rt,train,BraTS-MEN-RT-0024-1,men-0024,1,336x336x164,0.80x0.80x1.00,840.0,0.8537397682650296,3d7da83183cd736fedccec7305222ce1,6c069e1cfde05e7dfcd8fde419d93ca7,True,,,,,18514944,8913,"182.5,157.3,36.5","109:200,138:218,19:95",8913
men_rt,train,BraTS-MEN-RT-0026-1,men-0026,1,256x256x208,1.02x1.02x1.00,1325.0,0.7627324324387771,7bf3f4071c651c8e72c3674d85a64ffc,e2d02fa3d9dd295db0948ad5a49fb838,True,,,,,13631488,2795,"115.1,100.2,68.1","105:125,91:114,57:77",2795
men_rt,train,BraTS-MEN-RT-0028-1,men-0028,1,704x704x160,0.37x0.37x1.10,1344.0,0.8497355815792872,4d656d83f3f97c7b3c5c0e7f68e196d0,e28146ea110dd9b1884bf5e69efe8c58,True,,,,,79298560,24947,"438.2,331.6,50.0","407:478,306:365,41:58",24947
men_rt,train,BraTS-MEN-RT-0029-1,men-0029,1,256x256x176,0.94x0.94x1.00,3989.0,0.6646816080266779,bb6c66bfba6db0812d4bef4b96413d4f,77d222874f3d5ccc3495e34281a1485f,True,,,,,11534336,37904,"88.5,66.9,54.1","67:109,43:88,33:73",37904
men_rt,train,BraTS-MEN-RT-0030-1,men-0030,1,256x256x82,1.02x1.02x2.00,1895.0,0.9455439869950457,55c780220c059edc74b4fff0b3d52ebc,8998d53ba1c73c526bc2211f0ee7c5dd,True,,,,,5373952,1029,"99.1,144.6,24.9","92:109,138:153,21:29",1029
men_rt,train,BraTS-MEN-RT-0031-1,men-0031,1,256x256x124,1.02x1.02x1.50,838.0,0.5800172128985005,354c189e4c1e946a48e59552fd343d3f,38c14db50fb89fe7c76d00c844f53b62,True,,,,,8126464,17709,"118.1,96.8,44.4","100:135,77:117,32:60",17709
men_rt,train,BraTS-MEN-RT-0033-1,men-0033,1,256x256x130,1.02x1.02x1.50,14870.0,0.44611053466796874,324f280e288a3e8df3257bd5d976eac3,477f2da05859a2b8516ae2cefdce44f8,True,,,,,8519680,4412,"149.2,72.5,93.8","131:165,51:92,81:104",4412
men_rt,train,BraTS-MEN-RT-0035-1,men-0035,1,512x512x120,0.51x0.51x1.50,23488.0,0.615712292989095,66ca4328e474be42293a39bd486d3f41,97e904c1dd2bcc0b517638e364f8fe8c,True,,,,,31457280,86048,"233.4,195.8,49.5","198:267,151:243,32:65",86048
men_rt,train,BraTS-MEN-RT-0037-1,men-0037,1,256x256x120,1.02x1.02x1.50,1718.0,0.45175031026204426,1654aab59ee72e0046c8be4f8c7e0315,d7d7d111ee370fb4692f530c572a5825,True,,,,,7864320,53831,"177.7,94.3,47.5","155:198,53:134,31:67",53831
men_rt,train,BraTS-MEN-RT-0041-1,men-0041,1,256x256x85,1.02x1.02x2.00,1935.0,0.879052734375,52be6b9c2579557b5183f4ae6d95012f,62a90ae82d0f00c798c0be449e0c1368,True,,,,,5570560,951,"106.5,74.0,24.0","98:115,66:80,19:28",951
men_rt,train,BraTS-MEN-RT-0044-1,men-0044,1,256x256x180,0.94x0.94x1.00,3290.0,0.7097526550292969,0ffe9f371b778b83f82e842dac3b3b4c,431d212db1b028ea60e64ae5aa63669b,True,,,,,11796480,110805,"160.7,81.2,118.5","132:194,45:114,90:152",110805
men_rt,train,BraTS-MEN-RT-0045-1,men-0045,1,256x256x134,1.02x1.02x1.40,184.0,0.7753884614403568,8e4b0c4d891e15f67d6ab50e34eef781,666c1f0d054b1639eed8d8529ab3976e,True,,,,,8781824,2466,"132.7,127.2,46.9","125:143,118:137,39:55",2466
men_rt,train,BraTS-MEN-RT-0046-1,men-0046,1,256x256x124,1.02x1.02x1.50,657.0,0.578338376937374,522db1a56a6363d0641e6ec28408a0b4,70e8e78742738f1e2f4c515e8a51f62c,True,,,,,8126464,2860,"155.8,105.3,105.1","144:170,90:116,99:110",2860
men_rt,train,BraTS-MEN-RT-0048-1,men-0048,1,256x256x79,1.02x1.02x2.00,1639.0,0.8834311569793315,e96ab5e497fa8abb17d697e70bde742d,09037c396acf8fe6f087c2f8f46ced2f,True,,,,,5177344,884,"121.7,181.4,51.2","116:127,173:190,47:55",884
men_rt,train,BraTS-MEN-RT-0051-1,men-0051,1,256x256x75,1.02x1.02x2.00,1801.0,0.9186405436197916,275f26f9e120a6b88af4afabb1cfaf14,8503382764e473a5a2102a4ec06f8ec4,True,,,,,4915200,428,"110.4,183.0,54.0","104:116,176:190,52:56",428
men_rt,train,BraTS-MEN-RT-0052-1,men-0052,1,256x256x124,1.02x1.02x1.40,254.0,0.7839722171906502,2efcf33ff796ba674e0315bddfe600f4,c1efacb2c58eb1fe11c518eaa3e329c4,True,,,,,8126464,1189,"140.3,54.3,41.2","130:152,48:61,34:46",1189
men_rt,train,BraTS-MEN-RT-0053-1,men-0053,1,256x256x88,1.02x1.02x2.00,1828.0,0.8760788657448508,ba50d1ed2aa26dd094117f38e50e3ea1,9feffc490eb7373330281a0f16ae63da,True,,,,,5767168,2022,"124.3,191.0,67.2","114:136,174:202,61:73",2022
men_rt,train,BraTS-MEN-RT-0054-1,men-0054,1,512x512x136,0.51x0.51x1.40,9906.0,0.8517997124615837,c601d802a091e5c3ca0a8ec55ce95571,10f325b1da40ab1b67ab40d9774d29ee,True,,,,,35651584,926,"352.7,250.1,107.9","344:362,238:259,105:110",926
men_rt,train,BraTS-MEN-RT-0055-1,men-0055,1,256x256x124,1.02x1.02x1.50,355.0,0.6032745607437626,b0f60e0b2cdb6132408a140919c902c1,370632cd3a6601176ecc2c87fda4843c,True,,,,,8126464,10152,"141.5,75.6,83.7","129:157,56:96,71:97",10152
men_rt,train,BraTS-MEN-RT-0056-1,men-0056,1,256x256x85,1.02x1.02x2.00,1536.0,0.8694529813878676,48eaf70df81dddb66b5b5f80e47e66ed,1e016c8c385f909799a9363647a58148,True,,,,,5570560,2047,"128.1,55.7,28.2","120:136,45:67,23:33",2047
men_rt,train,BraTS-MEN-RT-0057-1,men-0057,1,512x512x326,0.74x0.74x1.00,1620.0,0.2912885630788979,9ba5ba097ca845e0edfd2c156c1c70f4,a021d7eb5983b3b98442d959169839e3,True,,,,,85458944,61769,"235.7,320.6,211.7","177:265,257:379,180:241",61769
men_rt,train,BraTS-MEN-RT-0058-1,men-0058,1,256x256x172,0.94x0.94x1.00,2350.0,0.6957708846691043,3f52b3e8b73fcd229dde0ece73df3223,3558246182e92d366bf9872d8a09c5f9,True,,,,,11272192,7224,"93.5,109.0,125.3","82:104,96:122,114:135",7224
men_rt,train,BraTS-MEN-RT-0059-1,men-0059,1,672x672x196,0.37x0.37x1.10,2129.0,0.8870741543056423,ce2cd0604cdc779f5cf3f106bf48907f,750ea284d7bbe0ac39dc58b28a3dc330,True,,,,,88510464,15875,"482.4,378.7,92.5","469:498,333:426,82:102",15875
men_rt,train,BraTS-MEN-RT-0060-1,men-0060,1,256x256x116,1.02x1.02x1.50,627.0,0.5604726857152479,726747312aa6193712ed22173b527390,957592b81faa278eac76dcc7ff0f1c04,True,,,,,7602176,22350,"163.2,99.1,51.8","142:182,77:119,39:65",22350
men_rt,train,BraTS-MEN-RT-0062-1,men-0062,1,256x256x160,0.94x0.94x1.00,3455.0,0.6773027420043946,acd5784b708f5594924ee441b16ba64e,dad9fb9c8faf63ff639c2801d3db31cf,True,,,,,10485760,23841,"129.3,160.5,74.7","108:151,143:178,63:90",23841
men_rt,train,BraTS-MEN-RT-0063-1,men-0063,1,256x256x124,1.02x1.02x1.50,388.0,0.6126776664487777,47115dbfbf48ade40cc6a2e6449d071a,8a032333192a43f07638a56553612158,True,,,,,8126464,25746,"86.6,61.7,57.9","65:106,40:83,42:75",25746
men_rt,train,BraTS-MEN-RT-0064-1,men-0064,1,256x256x124,1.02x1.02x1.50,10496.0,0.36615224038400956,8322bf2e6191cc47ef3108e2c10aaa7c,ee15c9df40832e07cd4f73f2d14fd69c,True,,,,,8126464,5440,"143.2,135.0,97.0","128:158,123:152,89:104",5440
men_rt,train,BraTS-MEN-RT-0065-1,men-0065,1,256x256x128,1.02x1.02x1.50,10300.0,0.3606445789337158,5064985d9e509b954871e7e26f6a3a1f,0566bdd8da52451380cd2218c7290fa6,True,,,,,8388608,800,"176.1,152.2,65.4","169:184,145:158,60:72",800
men_rt,train,BraTS-MEN-RT-0066-1,men-0066,1,256x256x128,1.02x1.02x1.50,1402.0,0.6075452566146851,2eb634637b7206ed11b34c127655dd3d,11a767edc260d49f5285dfc5adfc68fd,True,,,,,8388608,30638,"125.3,178.7,53.2","104:149,145:206,37:68",30638
men_rt,train,BraTS-MEN-RT-0067-1,men-0067,1,704x704x204,0.36x0.36x1.10,1712.0,0.8653125110775198,c5e472f76c2089dfa9d7c56f123ec4c1,37e5f6f7510276c737facf98f9894fad,True,,,,,101105664,5609,"350.6,469.2,107.2","332:367,452:489,100:115",5609
men_rt,train,BraTS-MEN-RT-0068-1,men-0068,1,256x256x172,0.94x0.94x1.00,4300.0,0.7562280699264171,7e19d7af36acf0aeb5661f04539b60e2,da8700d26540965e438bdc2dfe85bbe4,True,,,,,11272192,63707,"131.6,95.4,95.4","91:190,72:131,75:144",63707
men_rt,train,BraTS-MEN-RT-0069-1,men-0069,1,672x672x170,0.37x0.37x1.10,1950.0,0.8614140578106243,6e9b1c60491a8798e06f98facfa4974e,098284b0014f3cebd4631bb78f23f6d0,True,,,,,76769280,11549,"353.4,171.2,114.9","289:520,142:274,92:125",11549
men_rt,train,BraTS-MEN-RT-0070-1,men-0070,1,256x256x124,1.02x1.02x1.50,4853.0,0.40091668405840475,d2e9e7d1140e38cbefffb4d581d08e06,2e6ea943f98d06f0d4f8dfd4f6bb1c08,True,,,,,8126464,19788,"119.0,172.9,78.5","99:138,152:195,63:94",19788
men_rt,train,BraTS-MEN-RT-0071-1,men-0071,1,512x512x136,0.51x0.51x1.40,7709.0,0.8160054823931526,f31a146d0c5431af54dc3b3cb14cedc6,c60146f747327cd616c11cc307a260ca,True,,,,,35651584,36660,"297.9,219.1,107.8","269:328,190:252,96:116",36660
men_rt,train,BraTS-MEN-RT-0072-1,men-0072,1,672x672x168,0.37x0.37x1.10,1901.0,0.848927739963793,5722136ff63b3b4ee5f0e8743dfcbb28,cd968997b73824c5adc09d4503d6b5b5,True,,,,,75866112,189423,"348.2,233.7,91.8","295:391,166:288,72:116",189423
men_rt,train,BraTS-MEN-RT-0073-1,men-0073,1,256x256x128,1.02x1.02x1.50,1580.0,0.6001825332641602,23e6bd4c31a7f3cb7ac2ec738e689f39,893bcb3dad485c64acda235d116c85bb,True,,,,,8388608,2428,"94.2,139.8,37.7","84:103,130:150,32:44",2428
men_rt,train,BraTS-MEN-RT-0074-1,men-0074,1,672x672x186,0.37x0.37x1.10,1271.0,0.8647891798408431,203c53e34ce114ebb37c295bc8edfab5,0d7e492040ce79291ef8d6f431b5e77b,True,,,,,83994624,18537,"239.6,310.2,65.0","209:352,282:374,52:153",18537
men_rt,train,BraTS-MEN-RT-0075-1,men-0075,1,256x256x80,1.02x1.02x2.00,1696.0,0.9069330215454101,f51413d13b080a9d6cb0e557f3388d18,8750d5c3bb276f8ed69492d7e73e2f29,True,,,,,5242880,9572,"143.2,179.6,38.5","121:166,158:200,23:52",9572
men_rt,train,BraTS-MEN-RT-0076-1,men-0076,1,288x288x183,0.87x0.87x1.00,1233.0,0.8554603171591446,802e057c31ce21a455b3f0e184d7716f,654ff97a95c609e0e20a6333286901b5,True,,,,,15178752,9005,"182.4,157.0,81.6","156:202,88:195,52:101",9005
men_rt,train,BraTS-MEN-RT-0077-1,men-0077,1,512x512x281,0.74x0.74x1.00,1476.0,0.3203801192422779,303c1a8a3c2bcc4c9c197bc5bf4c68e4,9362bdd515645027d654af36331b8e80,True,,,,,73662464,25172,"327.5,266.2,165.2","298:346,215:316,138:192",25172
men_rt,train,BraTS-MEN-RT-0078-1,men-0078,1,256x256x124,1.02x1.02x1.50,8952.0,0.3805421398532006,b23feb79652d3a73d1450381c3c2f1c5,622257f92faccdbfbf9945d595d90d5f,True,,,,,8126464,8950,"117.7,65.6,39.9","103:133,49:80,30:49",8950
men_rt,train,BraTS-MEN-RT-0079-1,men-0079,1,256x256x124,1.02x1.02x1.50,612.0,0.5562485725648941,35c6e3e63bf127886c07bc42af36f1bd,1996da831d3476825b3c0334a0305985,True,,,,,8126464,28899,"122.3,144.6,69.6","100:145,123:170,55:82",28899
men_rt,train,BraTS-MEN-RT-0080-1,men-0080,1,320x320x164,0.88x0.88x1.00,1341.0,0.8759734660823171,ab6a395631a74d459e269c70f596c505,1238cf20ac2bb43cba4a4c6965882b89,True,,,,,16793600,19638,"130.0,122.7,109.2","95:167,86:182,76:144",19638
men_rt,train,BraTS-MEN-RT-0081-1,men-0081,1,256x256x112,1.02x1.02x1.50,578.0,0.6342261178152901,d4d7b86f4de84d6c69c90611e3201898,28b8bd1455b3c01314ea06bc7d9e1531,True,,,,,7340032,55130,"106.9,154.9,49.1","78:135,126:183,34:66",55130
men_rt,train,BraTS-MEN-RT-0082-1,men-0082,1,512x512x290,0.74x0.74x1.00,2160.0,0.20220865710028288,329f54f75902948b6a5e194d2af58252,0cfdc0e27a611ab2d982bfb28e7b5952,True,,,,,76021760,30070,"238.9,272.0,119.5","198:278,243:312,96:146",30070
men_rt,train,BraTS-MEN-RT-0084-1,men-0084,1,256x256x124,1.02x1.02x1.50,539.0,0.5771698490265877,cf8fa88294d74d3b2359be2ea5d306d2,90a4f3c8ac1c62b6c8a7bd0eefde9337,True,,,,,8126464,32899,"158.3,106.8,83.1","137:185,82:136,66:100",32899
men_rt,train,BraTS-MEN-RT-0085-1,men-0085,1,512x512x248,0.47x0.47x0.60,3909.0,0.6775715274195517,1abf61379d1c8a6c03e9cee2cad1c891,9fbc10d377e420d00623ccd45a179a90,True,,,,,65011712,567439,"286.1,356.3,85.1","224:343,295:425,33:138",567439
men_rt,train,BraTS-MEN-RT-0086-1,men-0086,1,256x256x208,0.94x0.94x0.90,1898.0,0.8312626618605393,5b05cf3f94685b307d643557cac6de07,1a56c4d66f7cc70b035894ddb3f0ac7e,True,,,,,13631488,22190,"105.5,153.7,66.5","89:125,120:186,51:83",22190
men_rt,train,BraTS-MEN-RT-0087-1,men-0087,1,704x704x215,0.37x0.37x1.10,1289.0,0.870974621762685,0d7040a0411b41d34a476e9d08b22464,76e2a9828108c436d6fd703f1b50a69a,True,,,,,106557440,6053,"291.5,176.3,126.8","268:315,158:192,120:134",6053
men_rt,train,BraTS-MEN-RT-0088-1,men-0088,1,704x704x220,0.37x0.37x1.10,1720.0,0.8513369313045878,80438dab2e6bccecd6d4123b025744c0,813f1a8515a68db0a69cd8f1dc638287,True,,,,,109035520,26432,"239.4,408.0,139.7","198:270,366:456,133:148",26432
men_rt,train,BraTS-MEN-RT-0089-1,men-0089,1,512x512x136,0.51x0.51x1.40,15942.0,0.8477058130152085,dc800d30fdfc382f5de697ceb4ad1189,25bd433a04630f32bc4285b1099d0ea4,True,,,,,35651584,36980,"239.5,298.1,82.6","198:273,165:375,62:112",36980
men_rt,train,BraTS-MEN-RT-0090-1,men-0090,1,256x256x124,1.02x1.02x1.50,5253.0,0.3583226357736895,180c619ea6a209b0cd1bf94a76efc906,27d0cc72d65d246d16dcb9746f225499,True,,,,,8126464,20040,"117.9,161.5,53.3","98:138,141:184,41:65",20040
men_rt,train,BraTS-MEN-RT-0091-1,men-0091,1,256x256x128,1.02x1.02x1.50,1349.0,0.6084524393081665,638a86e8fdb1ad986d695b880afcdf29,cdef890fdd2f3f2ce30746e9d657bf74,True,,,,,8388608,3015,"82.3,155.0,69.5","73:93,144:167,63:76",3015
men_rt,train,BraTS-MEN-RT-0092-1,men-0092,1,512x512x174,0.51x0.51x1.10,1081.0,0.8688687510874079,14e8ddc4c1226a0b2772493e4635702d,146f3596a5ca4d6b02a84e5fa13ca046,True,,,,,45613056,11029,"217.7,311.8,50.8","199:236,286:337,43:63",11029
men_rt,train,BraTS-MEN-RT-0093-1,men-0093,1,704x704x168,0.37x0.37x1.10,1537.0,0.8580872566856675,1e5534025ed526258e9be4fd95cbc968,b3ef386f183a0c24ed187a6c7475ab12,True,,,,,83263488,73367,"422.0,345.5,138.6","380:475,288:393,128:149",73367
men_rt,train,BraTS-MEN-RT-0094-1,men-0094,1,512x512x312,0.74x0.74x1.00,1694.0,0.3035442767999111,46ae0ee37508802f0c1aa984e2ca2fcc,2e63cd11f67ddf13fd3d276c96738ddc,True,,,,,81788928,2289,"281.9,220.2,130.4","274:290,203:232,121:138",2289
men_rt,train,BraTS-MEN-RT-0097-1,men-0097,1,512x512x136,0.51x0.51x1.40,14134.0,0.8466980597552132,312e182523584ae00f060b0917b48171,c280be16acbc84d5b77e5939428343a1,True,,,,,35651584,18222,"264.9,266.7,115.8","238:292,223:312,107:121",18222
men_rt,train,BraTS-MEN-RT-0099-1,men-0099,1,512x512x136,0.51x0.51x1.40,3551.0,0.8211678897633272,de5ad0e9e1507626b39ecd9954a16471,75023f03856622a008155d4fd16dfc2f,True,,,,,35651584,14864,"197.3,135.1,37.8","157:246,100:166,28:45",14864
men_rt,train,BraTS-MEN-RT-0100-1,men-0100,1,512x512x191,0.74x0.74x0.99,1600.0,0.4278636552900544,2d5a091f816954ad46d164805c869929,9191f8d6fbaf2832e08ee0d301bcf7d2,True,,,,,50069504,3821,"247.1,215.6,141.5","190:260,198:250,128:154",3821
men_rt,train,BraTS-MEN-RT-0101-1,men-0101,1,256x256x188,0.94x0.94x1.00,2057.0,0.6158677770736369,83942cd4d5987214b7620a4288b2ae30,446ef829dfe79eb3e180428dd642b5ca,True,,,,,12320768,16786,"105.5,148.5,87.1","86:132,130:172,70:101",16786
men_rt,train,BraTS-MEN-RT-0102-1,men-0102,1,512x512x136,0.51x0.51x1.40,14387.0,0.8170501204097972,699863e9425e2ad4266c4e3078d872be,532fdf34ee7dc7259ff1b19224770442,True,,,,,35651584,9440,"291.2,283.8,64.0","272:319,262:309,60:69",9440
men_rt,train,BraTS-MEN-RT-0103-1,men-0103,1,512x512x124,0.51x0.51x1.50,409.0,0.6156418708062941,39a6e9fcafeb1263ff5bca9e5344dea4,43ee164e78e21fef4ab2add16fd2b22f,True,,,,,32505856,38235,"239.0,391.0,69.3","211:266,366:422,59:83",38235
men_rt,train,BraTS-MEN-RT-0104-1,men-0104,1,256x256x124,1.02x1.02x1.50,6149.0,0.4462675279186618,2c7be44322806c92119281432205ecf8,9818696f4a9929ab8c6e67fce082e87c,True,,,,,8126464,11201,"133.4,155.5,56.1","115:152,138:174,50:65",11201
men_rt,train,BraTS-MEN-RT-0105-1,men-0105,1,512x512x205,0.74x0.74x1.00,2155.0,0.40178713914824693,5c556e1f0335f4b0030159639c862ddd,221a84b5c041553c1fab40bc8bd55adb,True,,,,,53739520,28862,"245.9,300.8,148.6","201:279,218:342,123:180",28862
men_rt,train,BraTS-MEN-RT-0106-1,men-0106,1,512x512x120,0.51x0.51x1.50,12849.0,0.6797465960184733,a3b517d489d0de5bdfc181869c77e67c,b1b542e49f96acfbdb32471181746762,True,,,,,31457280,22140,"279.5,395.2,70.4","252:308,371:417,61:79",22140
men_rt,train,BraTS-MEN-RT-0107-1,men-0107,1,256x256x124,1.02x1.02x1.50,482.0,0.623839839812248,65bf08f7bb14d63f3f844ec0e20d2d26,4ea961a8e1ac3d29b4ba88a4deccc8a5,True,,,,,8126464,48959,"146.5,112.7,64.0","118:173,84:137,47:84",48959
men_rt,train,BraTS-MEN-RT-0109-1,men-0109,1,256x256x124,1.02x1.02x1.40,182.0,0.7910484806183846,110082f9cd3d5ccd650f8d8d15acac62,29809e0ab6b501d5b8978c40bce9b80a,True,,,,,8126464,3622,"143.6,146.8,36.3","129:158,127:176,30:44",3622
men_rt,train,BraTS-MEN-RT-0110-1,men-0110,1,512x512x248,0.43x0.43x0.60,7790.0,0.5754067051795221,87b477a1ffba7bcdbb3757fdc4f9c82e,a4256adaaf80ccb6826219672189b0da,True,,,,,65011712,429799,"332.7,144.6,60.5","274:395,82:201,29:93",429799
men_rt,train,BraTS-MEN-RT-0112-1,men-0112,1,256x256x176,1.02x1.02x1.00,984.0,0.7305339466441761,63dcc0af6524914107bf080b6a4d795d,15f200372cdf8de266c141cd1672fd2e,True,,,,,11534336,14103,"138.1,130.4,60.9","114:157,110:154,49:74",14103
men_rt,train,BraTS-MEN-RT-0113-1,men-0113,1,256x256x106,1.02x1.02x1.50,488.0,0.59956187122273,5c0261d1431a915202b311a8d6c1aa0c,d49c7e2baac7304fa401c7f9c2e2487f,True,,,,,6946816,20924,"139.2,156.6,81.6","123:159,136:177,67:97",20924
men_rt,train,BraTS-MEN-RT-0114-1,men-0114,1,288x288x81,0.90x0.90x2.00,1988.0,0.884858949902835,56badcf914f6cd291df4577a8b4ac366,e7ab5862d708c082ed3244083e2e99d1,True,,,,,6718464,3491,"174.3,157.9,28.2","162:186,146:172,23:34",3491
men_rt,train,BraTS-MEN-RT-0116-1,men-0116,1,256x256x124,1.02x1.02x1.40,275.0,0.7721948931294103,070f8804be4b308dd9aa411ca4baee33,ab60231dac04eab3414cf63ec380a7b4,True,,,,,8126464,2661,"129.4,53.4,45.1","116:146,44:63,39:50",2661
men_rt,train,BraTS-MEN-RT-0117-1,men-0117,1,672x672x176,0.37x0.37x1.10,1559.0,0.8521276696935877,63f1ab34102f4f8aea937ffa04aa17e4,8cecd71dfd82260bf050cb20bca0833a,True,,,,,79478784,13058,"272.2,153.0,49.1","248:296,130:175,43:55",13058
men_rt,train,BraTS-MEN-RT-0119-1,men-0119,1,256x256x124,1.02x1.02x1.50,371.0,0.5704841613769531,bb4f8648a679f8887644856abce14a14,ec2ec5ae4332c3f975e9bc3e3ced558d,True,,,,,8126464,59774,"86.0,134.5,47.4","58:115,99:164,31:67",59774
men_rt,train,BraTS-MEN-RT-0120-1,men-0120,1,256x256x124,1.02x1.02x1.50,541.0,0.58522218273532,718ad2c7485d2732acddca09d7339727,573e5813e2430197c614e8a2dd2c71eb,True,,,,,8126464,25890,"150.6,69.2,71.4","132:171,48:96,53:86",25890
men_rt,train,BraTS-MEN-RT-0122-1,men-0122,1,704x704x164,0.37x0.37x1.10,1813.0,0.850227821932952,ae92ecec3d1f5d6b999ea359a85775ba,529f60524ccba1dddeb8520ecf93feb4,True,,,,,81281024,3912,"366.1,306.7,110.3","354:376,265:343,106:115",3912
men_rt,train,BraTS-MEN-RT-0124-1,men-0124,1,320x320x179,0.75x0.75x1.00,1405.0,0.8303444155900838,96651ce02d73e65821a97191e0ac511c,cae45f9b870468b28d8ad9487e3e8d07,True,,,,,18329600,1099,"126.2,118.8,148.0","111:137,106:130,144:151",1099
men_rt,train,BraTS-MEN-RT-0125-1,men-0125,1,256x256x128,1.02x1.02x1.50,1471.0,0.6057143211364746,bceb0605def0ba19588e6c9d159ffbf9,1a9dfacb55c5eac6855282ecc4f6c070,True,,,,,8388608,74344,"118.3,129.1,89.4","85:152,96:165,72:109",74344
men_rt,train,BraTS-MEN-RT-0126-1,men-0126,1,256x256x120,1.02x1.02x1.50,382.0,0.5983594258626302,76b416446440965519e7ea97f598889a,4afffdb8bc34ad359d3b7f686cea2712,True,,,,,7864320,26584,"138.2,116.3,91.6","118:178,80:150,79:100",26584
men_rt,train,BraTS-MEN-RT-0127-1,men-0127,1,672x672x170,0.37x0.37x1.10,1944.0,0.8636332658063225,000ed3e4b26fb7d1646f8cf79736c334,0d55ad6b4103a2b2bfff3e8a59503804,True,,,,,76769280,35242,"414.9,191.3,60.5","381:449,158:225,52:70",35242
men_rt,train,BraTS-MEN-RT-0128-1,men-0128,1,704x704x170,0.37x0.37x1.10,2780.0,0.8770256431924526,d2057a8435a0577533621a3f0ca0baac,ee72685d9d4b080be7b697e004594c9c,True,,,,,84254720,49920,"349.9,430.4,68.4","315:386,380:488,60:77",49920
men_rt,train,BraTS-MEN-RT-0129-1,men-0129,1,512x512x388,0.49x0.49x0.50,5069.0,0.625852683155807,f931c8b6913d535b87942538874cc455,85f2ff0ed98069faa12c6720d30068db,True,,,,,101711872,46948,"225.0,300.2,160.1","200:250,278:325,141:182",46948
men_rt,train,BraTS-MEN-RT-0130-1,men-0130,1,256x256x84,1.02x1.02x2.00,1806.0,0.881028311593192,690ef36244ce82e649a80e9ca444ca3a,179175346058948602503f2f15486621,True,,,,,5505024,736,"143.5,145.1,24.8","137:150,134:159,22:27",736
men_rt,train,BraTS-MEN-RT-0131-1,men-0131,1,352x352x164,0.74x0.74x1.00,1721.0,0.8762123370886666,c564b06e2d9397addcaf12e760d6cd8e,622effb13e66efe94557013d985e1bfd,True,,,,,20320256,1354,"107.9,197.6,104.9","101:115,187:210,100:110",1354
men_rt,train,BraTS-MEN-RT-0132-1,men-0132,1,256x256x124,1.02x1.02x1.50,681.0,0.5564427529611895,379357c327c6658a0982e86b5209712a,f56c2c1ffbe1951f9e7f0ecda155fa97,True,,,,,8126464,14654,"143.3,158.7,64.6","94:169,102:182,32:78",14654
men_rt,train,BraTS-MEN-RT-0134-1,men-0134,1,704x704x168,0.37x0.37x1.10,1483.0,0.8735324659951791,59c74821de0f1bd76b00097d8051c04d,e4f6073b55279b10ddfd9ac43d124aa1,True,,,,,83263488,3055,"347.9,425.1,115.1","339:360,405:443,110:119",3055
men_rt,train,BraTS-MEN-RT-0135-1,men-0135,1,256x256x192,1.02x1.02x1.00,1247.0,0.7789457639058431,f9f378c6f762321f64e1c697be2bc96d,24cea2401f34f6ea410700df48d200e8,True,,,,,12582912,9632,"137.5,138.0,68.9","114:162,110:160,57:82",9632
men_rt,train,BraTS-MEN-RT-0136-1,men-0136,1,256x256x82,1.02x1.02x2.00,2057.0,0.8781066522365664,b200419884199bcb71814bb9684690ef,7a8608043b0c3eba55e8e8fc1f3b9f8a,True,,,,,5373952,427,"180.8,125.4,31.9","162:192,116:134,14:42",427
men_rt,train,BraTS-MEN-RT-0137-1,men-0137,1,512x512x329,0.74x0.74x1.00,1498.0,0.2812269842733366,5bda927e834c1a7e3bc3d53a2cc64870,619cb3416fd359520125128f90812259,True,,,,,86245376,10980,"259.4,218.4,226.6","242:283,176:264,212:235",10980
men_rt,train,BraTS-MEN-RT-0140-1,men-0140,1,256x256x85,1.02x1.02x2.00,1787.0,0.8467270795036764,7474af87ed6cc37abb7f7236125b41ec,554e792dbd1a0e26ec9a88820f078283,True,,,,,5570560,3254,"163.0,138.7,38.5","149:179,122:151,32:44",3254
men_rt,train,BraTS-MEN-RT-0141-1,men-0141,1,512x512x120,0.52x0.52x1.50,14275.0,0.6761804580688476,b1379fa396ebca17dbff676b194c66a7,6c92bd63366dd89856d7967fa2c3fe82,True,,,,,31457280,91288,"214.8,157.5,32.1","175:256,102:201,17:43",91288
men_rt,train,BraTS-MEN-RT-0142-1,men-0142,1,512x512x210,0.74x0.74x0.99,1970.0,0.4099085489908854,8d9307264d9ccc29bf3494da5d7465fc,e8f49002e858fc23ae7504c817dd700b,True,,,,,55050240,1203,"254.4,321.1,85.6","247:261,308:338,82:90",1203
men_rt,train,BraTS-MEN-RT-0143-1,men-0143,1,672x672x168,0.37x0.37x1.10,1689.0,0.8514087027420095,9c95098704cd67bdbb8d441eb258452d,524ad553782012af2796b7f8bb2a172a,True,,,,,75866112,226148,"342.7,242.3,87.1","273:389,183:302,68:113",226148
men_rt,train,BraTS-MEN-RT-0144-1,men-0144,1,256x256x81,1.02x1.02x2.00,2169.0,0.9291029565128279,45a147ce658c9f350817527f3f87ae6a,5f2383ffb61c32e2c3f05c29d4b88e09,True,,,,,5308416,263,"114.0,150.3,24.6","109:119,142:161,23:26",263
men_rt,train,BraTS-MEN-RT-0145-1,men-0145,1,256x256x172,0.94x0.94x1.00,1577.0,0.6927894769712936,55d45ee50ccae309369bbc6bc1094d3d,fd4f8cad8d161589daf96c00bfbc724e,True,,,,,11272192,32809,"136.0,65.4,124.4","119:154,41:89,107:145",32809
men_rt,train,BraTS-MEN-RT-0146-1,men-0146,1,256x256x124,1.02x1.02x1.40,204.0,0.7851387762254284,dabf1b698bff3dbb47b9e011f6a3ebb9,468703fc5b8fe91af22628c073e42bfb,True,,,,,8126464,7134,"119.8,142.0,36.1","102:144,101:213,7:60",7134
men_rt,train,BraTS-MEN-RT-0147-1,men-0147,1,512x512x356,0.49x0.49x0.50,4233.0,0.5885464743282018,566dabd5b687e1459f42ca7e55462f48,adcb2579687dd1a23f9920d38852c313,True,,,,,93323264,5058,"173.4,205.9,116.0","162:185,195:216,107:126",5058
men_rt,train,BraTS-MEN-RT-0148-1,men-0148,1,162x256x256,1.00x1.00x1.00,1677.0,0.8042390611436632,36b7248b254cfa8bb8abde404b3d1810,fc5ee97c87497b01c99308b8c82049bb,True,,,,,10616832,6735,"98.5,141.3,97.9","87:110,125:161,84:109",6735
men_rt,train,BraTS-MEN-RT-0149-1,men-0149,1,256x256x176,1.02x1.02x1.00,1719.0,0.8238923332907937,4cfe27bb8cfa0d9fb3d32935a460e97e,827f1f73d595b14336153c01106ec1b7,True,,,,,11534336,5516,"131.3,178.5,63.6","118:142,158:197,57:71",5516
men_rt,train,BraTS-MEN-RT-0150-1,men-0150,1,512x512x136,0.51x0.51x1.40,9085.0,0.8235518231111414,010094d6f10a02c056f47b73d8af1041,9c38ada902827a1870d7685c11b9777a,True,,,,,35651584,9115,"240.4,115.1,56.0","217:264,99:131,51:62",9115
men_rt,train,BraTS-MEN-RT-0151-1,men-0151,1,672x672x188,0.37x0.37x1.10,1347.0,0.8620224893481329,457093f9a0b51aab2a5ffb319ec67380,cc12ac50b613b83669242a599c1d7dbd,True,,,,,84897792,3937,"193.6,383.2,109.9","177:206,364:402,105:116",3937
men_rt,train,BraTS-MEN-RT-0152-1,men-0152,1,256x256x192,0.94x0.94x1.00,1538.0,0.702817440032959,ebd5169732d1cb42da651fc4f105fd4d,8cc46f882c9c22fe6526bcb1c8c6ae3e,True,,,,,12582912,4838,"117.6,86.5,158.1","107:129,72:101,149:168",4838
men_rt,train,BraTS-MEN-RT-0153-1,men-0153,1,512x512x309,0.74x0.74x1.00,1776.0,0.30609960463440533,55cad99f6318d5b468ac9c0f4fad51a9,7c4292f1dad534f3dfebdc9f1ceb7d84,True,,,,,81002496,1815,"204.8,335.1,197.5","196:213,328:345,188:207",1815
men_rt,train,BraTS-MEN-RT-0154-1,men-0154,1,256x256x75,1.02x1.02x2.00,1712.0,0.8902646891276041,3afd7440cdb00a824992098ee60a47d3,ffd9643d00e263b4d1f6a9b3fe5ae9e0,True,,,,,4915200,1712,"87.0,157.0,20.5","75:100,145:167,15:25",1712
men_rt,train,BraTS-MEN-RT-0155-1,men-0155,1,256x256x108,1.02x1.02x1.50,593.0,0.5750473870171441,4e319ced1edae1f6d2bc4aeeb4478dab,ea64a34ea6605ac8cda15bcf24843b50,True,,,,,7077888,21912,"108.9,139.7,49.0","89:129,119:162,36:62",21912
men_rt,train,BraTS-MEN-RT-0156-1,men-0156,1,288x288x205,0.90x0.90x1.00,1138.0,0.8542705275143029,3d64336b79c45fcb0ea95a252bc586ae,eeab3e315feae57995f7b920cfa69876,True,,,,,17003520,6112,"129.4,60.8,131.8","113:144,45:72,121:145",6112
men_rt,train,BraTS-MEN-RT-0157-1,men-0157,1,672x672x170,0.37x0.37x1.10,1204.0,0.8323764922635721,a5bfe8439cb18433dbcaac41d040cb05,c02825c033787244c6e2d838376ba9b0,True,,,,,76769280,41792,"466.1,440.4,102.1","438:501,392:487,92:114",41792
men_rt,train,BraTS-MEN-RT-0158-1,men-0158,1,512x512x231,0.45x0.45x1.00,3728.0,0.47788040359298906,38fb33ec159199bb24254ee2cb435568,b57abefa253c11768a417e869c8d7c80,True,,,,,60555264,32746,"250.6,248.6,128.0","189:328,123:286,63:184",32746
men_rt,train,BraTS-MEN-RT-0159-1,men-0159,1,512x512x330,0.49x0.49x0.50,6102.0,0.619139492150509,44fb85ba214ff3a7afe47ca260a05571,b00460d5f98ce29bbc3051b312045c80,True,,,,,86507520,214524,"220.0,250.1,120.2","116:262,119:294,87:220",214524
men_rt,train,BraTS-MEN-RT-0160-1,men-0160,1,512x512x298,0.74x0.74x1.00,2137.0,0.32205666151622797,190de9c963e07bbd4208913966e47bf2,7d3519d784155204d43434aeb092ebec,True,,,,,78118912,14269,"257.3,293.5,109.9","226:283,275:315,96:121",14269
men_rt,train,BraTS-MEN-RT-0161-1,men-0161,1,416x512x80,0.46x0.46x1.75,1629.0,0.8401638324444111,82ae83fe4d44e65711eb7d8b10a3f879,d1b370f027d1a7355d33a3aac3f4891f,True,,,,,17039360,19998,"244.8,278.9,22.2","209:275,227:327,13:28",19998
men_rt,train,BraTS-MEN-RT-0163-1,men-0163,1,256x256x85,1.02x1.02x2.00,1872.0,0.8346992043887868,de26240b6b2776cdd35ed09f7b9f77a5,588562eee113d721d764476b3e84b5fa,True,,,,,5570560,854,"131.3,114.5,65.7","125:137,106:125,62:69",854
men_rt,train,BraTS-MEN-RT-0164-1,men-0164,1,256x256x124,1.02x1.02x1.40,252.0,0.7883032521893901,c71d5de9cf24d620a13816aeebc88527,eeb690e09a5ad4a2c317eebcf88e7cc7,True,,,,,8126464,3821,"129.5,100.8,96.8","124:138,80:117,87:107",3821
men_rt,train,BraTS-MEN-RT-0165-1,men-0165,1,256x256x176,1.02x1.02x1.00,1377.0,0.7701547796075995,d6ad16a437b9e9765fbde811d7995e64,96f466d9434ee6762f111e1b366f83e4,True,,,,,11534336,6638,"101.5,167.4,68.7","84:117,144:184,55:84",6638
men_rt,train,BraTS-MEN-RT-0166-1,men-0166,1,256x256x172,0.94x0.94x1.00,2273.0,0.6259249310160793,67a5832ff7ecc5855a59c45f1e621020,0484afb623de815d79b677db1fed1124,True,,,,,11272192,22422,"115.3,141.5,123.3","97:139,125:159,109:140",22422
men_rt,train,BraTS-MEN-RT-0167-1,men-0167,1,512x512x351,0.74x0.74x1.00,1680.0,0.2640905896482984,04b72efaab9fc09e564f9e5e62def7ad,85df0cde5c93f9c8b450f9956902d257,True,,,,,92012544,14182,"203.7,179.1,151.3","182:239,144:214,136:167",14182
men_rt,train,BraTS-MEN-RT-0168-1,men-0168,1,704x704x168,0.37x0.37x1.10,1686.0,0.8499946459125037,702393d36786eb9ff662413c45af565e,38c128d73bbc902959b65e1a81bf5b00,True,,,,,83263488,13208,"451.1,433.2,72.5","413:481,412:453,67:80",13208
men_rt,train,BraTS-MEN-RT-0170-1,men-0170,1,672x672x195,0.37x0.37x1.10,1458.0,0.8568677116947206,95ac2e1cb9caa64ff15df71368ddf5e3,4ae8757dde3150d2f5d1e8744f25b73b,True,,,,,88058880,6848,"438.3,218.2,55.1","422:455,198:237,49:60",6848
men_rt,train,BraTS-MEN-RT-0171-1,men-0171,1,512x512x120,0.52x0.52x1.50,18664.0,0.6431119283040364,93aa4d3ced486755c586129f356b7d6d,dab66c8a1099b16af95f026740e2937c,True,,,,,31457280,55991,"155.1,264.3,55.4","127:182,221:305,41:72",55991
men_rt,train,BraTS-MEN-RT-0172-1,men-0172,1,256x256x124,1.02x1.02x1.50,597.0,0.5844629349247101,165c6f069bacf3ba38a39b0ff91026b0,3ae21205e75d7d1e14738e88019a613b,True,,,,,8126464,1162,"182.5,101.1,61.5","176:188,94:109,56:67",1162
men_rt,train,BraTS-MEN-RT-0173-1,men-0173,1,256x256x208,0.94x0.94x0.90,1830.0,0.8285436630249023,556c9a94a56afb92ff7df36cdf2a81fc,3ba76fc864fefb21623c75649bce2095,True,,,,,13631488,10886,"120.7,144.7,67.1","97:170,117:174,56:78",10886
men_rt,train,BraTS-MEN-RT-0174-1,men-0174,1,512x512x289,0.74x0.74x1.00,2608.0,0.18218926822437959,1f8c7dfa520e0a1fc57f06b749bcbe44,1d4d861dec8e817f3ca43dd92077ffbe,True,,,,,75759616,16298,"307.4,278.0,136.2","266:342,243:301,115:152",16298
men_rt,train,BraTS-MEN-RT-0175-1,men-0175,1,512x512x286,0.74x0.74x1.00,1758.0,0.3226293016980578,2f9fda5236b9d09e89886a39a4d39ed3,717e62e4a457200784219a18ba7eafcf,True,,,,,74973184,3722,"219.2,223.0,92.6","207:231,194:239,84:99",3722
men_rt,train,BraTS-MEN-RT-0176-1,men-0176,1,256x256x85,1.02x1.02x2.00,1896.0,0.8936431884765625,eac564ce07a3874c7be3b04e9bec21c9,99389e79c2b290c4592138a3d10f4449,True,,,,,5570560,2692,"124.0,185.5,40.0","111:152,105:205,32:73",2692
men_rt,train,BraTS-MEN-RT-0177-1,men-0177,1,256x256x124,1.02x1.02x1.50,4661.0,0.35166463544291837,96187b655ba3b367c8e429fa7117248f,11626ea954862ed6897da7d1069aa696,True,,,,,8126464,32996,"113.9,60.8,82.4","90:143,37:90,68:98",32996
men_rt,train,BraTS-MEN-RT-0178-1,men-0178,1,512x512x283,0.74x0.74x1.00,2078.0,0.3305668241143648,6069acdac9a812905582f346ec5e9f51,bf9ebb4c23440d591d93686e6aa8e3c6,True,,,,,74186752,21727,"268.2,253.9,130.2","247:295,230:288,114:148",21727
men_rt,train,BraTS-MEN-RT-0179-1,men-0179,1,352x352x170,0.74x0.74x0.88,204.0,0.30581902117768595,bd975a20d88bb73ab1d8436eb3b7f5e5,c3a67ef3445342e33c807e33da9ae200,True,,,,,21063680,5232,"192.6,182.9,20.9","179:214,170:199,11:32",5232
men_rt,train,BraTS-MEN-RT-0180-1,men-0180,1,512x512x129,0.50x0.50x2.00,9008.0,0.6031142537908036,ee2f3d7cc12ec2b2c5740f2a2a3e1c12,4a5e398eeb5f2e6471164922f88aecfe,True,,,,,33816576,4128,"219.1,193.8,101.5","172:260,163:236,95:106",4128
men_rt,train,BraTS-MEN-RT-0181-1,men-0181,1,672x672x181,0.37x0.37x1.10,1794.0,0.837744044584915,16d0d42bcee627f4b852b8a2f80ff96a,a60d2857b0e15ae20c061dae51e83c3e,True,,,,,81736704,25766,"339.3,263.9,69.0","312:371,233:299,63:76",25766
men_rt,train,BraTS-MEN-RT-0184-1,men-0184,1,256x256x124,1.02x1.02x1.50,773.0,0.6053048410723286,fcce7b6cb347988b3e211510170a13aa,2ad3da942c9f68aa167de8d92bcb146e,True,,,,,8126464,14580,"100.1,100.5,79.9","81:116,81:119,69:92",14580
men_rt,train,BraTS-MEN-RT-0185-1,men-0185,1,256x256x172,0.94x0.94x1.00,4289.0,0.7526179468908976,5e399edf77d5fde60951742554cb2f20,5c5b027474bd1bdac20b90ff18001f7e,True,,,,,11272192,24617,"162.8,161.8,74.1","141:183,140:181,56:89",24617
men_rt,train,BraTS-MEN-RT-0186-1,men-0186,1,512x512x136,0.51x0.51x1.40,3801.0,0.8355521033791935,f50085d723463c8f1e6a4464c7a6672a,99da547e2a64fa7c70455386131efd10,True,,,,,35651584,20429,"217.3,260.0,45.3","195:241,212:304,38:53",20429
men_rt,train,BraTS-MEN-RT-0187-1,men-0187,1,256x256x124,1.02x1.02x1.50,505.0,0.7925851883426789,90de3855058791e8c90d912da32bb5f2,7b7b460ddfcbfac2d04d6be972ca1728,True,,,,,8126464,47286,"147.7,126.5,88.3","125:175,94:164,72:103",47286
men_rt,train,BraTS-MEN-RT-0188-1,men-0188,1,256x256x172,0.94x0.94x1.00,2712.0,0.7074694079022075,815feb0b94112b26c15ba8b039602956,08b15e2cf392f95446ba0f19fac418d8,True,,,,,11272192,183774,"163.6,78.3,88.3","131:197,41:114,44:129",183774
men_rt,train,BraTS-MEN-RT-0189-1,men-0189,1,512x512x129,0.50x0.50x2.00,5487.0,0.6007885008819344,7b3551887e227ae70e2122fecf5bb90c,82974b4335c797cd470454e3ca7fc665,True,,,,,33816576,31108,"218.2,235.2,89.7","146:253,191:306,48:100",31108
men_rt,train,BraTS-MEN-RT-0190-1,men-0190,1,512x512x120,0.53x0.53x1.50,27677.0,0.6455106735229492,94dd7951f9f863461c64c842dc88fa42,2c26b4f8f1cc1e596136a2f7692e899a,True,,,,,31457280,79096,"231.6,351.3,69.1","194:264,313:386,53:88",79096
men_rt,train,BraTS-MEN-RT-0191-1,men-0191,1,352x352x172,0.74x0.74x1.00,189.0,0.30602077152003654,96fc9d8918daaff7d0117bf21093026b,c4493d3121512cc48c48ad80c0b4c9c6,True,,,,,21311488,11704,"151.9,207.9,61.2","135:169,182:234,51:74",11704
men_rt,train,BraTS-MEN-RT-0192-1,men-0192,1,256x256x75,1.02x1.02x2.00,1863.0,0.8580246988932292,bc896eb460d484220e16be4ff42016c0,57b5030fe3a0b84ac7e20540fface831,True,,,,,4915200,2329,"99.2,165.0,41.8","83:139,81:192,34:64",2329
men_rt,train,BraTS-MEN-RT-0193-1,men-0193,1,512x512x283,0.74x0.74x1.00,1381.0,0.30667683092528436,43586ae7a6b3c6550fe5cdc797b3b3f4,263561c9342854b380d5a86a898dd59e,True,,,,,74186752,29916,"283.1,247.3,122.7","230:318,203:279,108:138",29916
men_rt,train,BraTS-MEN-RT-0194-1,men-0194,1,512x512x120,0.51x0.51x1.50,12910.0,0.6610643068949381,dbf830d73ad6579ddcacdaf6afe75971,3bfedd4838ff6303bc3e334b23bc3176,True,,,,,31457280,23887,"232.4,279.3,94.3","203:258,254:308,86:103",23887
men_rt,train,BraTS-MEN-RT-0195-1,men-0195,1,256x256x104,1.02x1.02x1.50,323.0,0.6032651754525992,be37e06278d26e14fa11e5eb226bc6c3,4db3b439d530551cf1aa74db98b99a57,True,,,,,6815744,9122,"111.5,160.0,80.0","98:124,143:180,71:89",9122
men_rt,train,BraTS-MEN-RT-0196-1,men-0196,1,704x704x183,0.37x0.37x1.10,1954.0,0.844965190307744,a2f7bf603c77afbbab07f3cc4139f000,25f3069d42835317b46c86b38daaf96e,True,,,,,90697728,20119,"396.5,416.4,80.1","369:425,391:447,70:87",20119
men_rt,train,BraTS-MEN-RT-0197-1,men-0197,1,512x512x120,0.51x0.51x1.50,16079.0,0.6688413619995117,96d1bd9141569f8d6947fb5974a42712,690c1f2c5ef38bcb702143f588b917eb,True,,,,,31457280,210647,"327.8,173.7,40.0","250:383,87:239,19:59",210647
men_rt,train,BraTS-MEN-RT-0198-1,men-0198,1,256x256x120,1.02x1.02x1.50,18062.0,0.6727338155110677,9789c274a27c6d9ee1104dc517cbd094,421e29811cb4f358cf9a42be78deb859,True,,,,,7864320,19541,"136.2,66.3,40.5","113:159,49:84,24:53",19541
men_rt,train,BraTS-MEN-RT-0199-1,men-0199,1,256x256x85,1.02x1.02x2.00,1778.0,0.8769559972426471,6a81086321cd02111aca92a5ee4325b9,73156dff572de71b724b63f2ef65062b,True,,,,,5570560,1381,"123.5,171.6,33.3","115:132,163:183,30:37",1381
men_rt,train,BraTS-MEN-RT-0200-1,men-0200,1,256x256x108,1.02x1.02x1.50,723.0,0.5686203285499856,d4cd6ec0d4f66bf299410b9e12a82a53,a0986758b7c5dd72e2639d9d9ac449ac,True,,,,,7077888,29330,"139.2,74.8,66.9","119:161,52:96,51:83",29330
men_rt,train,BraTS-MEN-RT-0201-1,men-0201,1,288x288x168,0.94x0.94x1.00,1277.0,0.8646923426247428,16d1b6cfebe5db21c891dd415e1edcdc,a194153ca4ff18e8d2dff0538b9c3477,True,,,,,13934592,778,"192.8,171.5,87.3","185:199,163:182,82:93",778
men_rt,train,BraTS-MEN-RT-0202-1,men-0202,1,512x512x290,0.74x0.74x1.00,1730.0,0.31887356988314924,bbe941b9da67bfabb829b2331e62730c,9696f443c11a00ece495893f23a46e9c,True,,,,,76021760,6724,"255.0,294.4,137.0","242:268,273:311,129:147",6724
men_rt,train,BraTS-MEN-RT-0203-1,men-0203,1,224x256x192,0.90x0.90x0.90,1334.0,0.8044409978957403,79371de1ce23679e31a2f217b8e19e6d,c238a50fd62331287fde0c298c624d0d,True,,,,,11010048,110976,"97.2,119.9,60.6","62:134,83:162,29:89",110976
men_rt,train,BraTS-MEN-RT-0206-1,men-0206,1,256x256x128,1.02x1.02x1.40,160.0,0.7746553421020508,506e7e56dea3ad9fb5628ea976b325a2,d9a3980203b1bcdc5c88bf5d9ed3076c,True,,,,,8388608,982,"150.7,130.9,40.5","135:162,123:141,36:44",982
men_rt,train,BraTS-MEN-RT-0208-1,men-0208,1,256x256x176,0.90x0.90x1.00,1526.0,0.8082140142267401,a53a0cd713da26f866b7c5b624559641,8bfc840146064f495f7bdc60773f64ba,True,,,,,11534336,5742,"150.2,103.4,44.7","135:167,92:116,32:55",5742
men_rt,train,BraTS-MEN-RT-0209-1,men-0209,1,512x512x120,0.53x0.53x1.50,23470.0,0.6641618728637695,d3be123c998a1ef97615aa56ddd8359a,0699f3d636b6c1b3985506b03e108580,True,,,,,31457280,334201,"238.3,334.8,64.1","170:310,278:395,42:88",334201
men_rt,train,BraTS-MEN-RT-0210-1,men-0210,1,256x256x118,1.02x1.02x1.50,1010.0,0.5675753577280853,560dd36865695f845976152fbc19c72d,3f73d4de33e606b2338e632b23c20a54,True,,,,,7733248,51834,"132.8,154.8,72.0","105:158,126:186,53:89",51834
men_rt,train,BraTS-MEN-RT-0211-1,men-0211,1,512x512x136,0.51x0.51x1.40,9150.0,0.8355184723349178,8b7c79fcfc5f20518529f332461d236a,bec069640191f4499439df9b12deb220,True,,,,,35651584,3814,"309.9,129.2,51.3","295:323,113:147,46:55",3814
men_rt,train,BraTS-MEN-RT-0212-1,men-0212,1,256x256x172,0.94x0.94x1.00,1325.0,0.7021696401196856,cccca6c7506e002b9df0baa04bb09430,9b9f289737594a9793429f5ec172c536,True,,,,,11272192,11246,"124.1,157.3,77.1","107:140,142:172,67:90",11246
men_rt,train,BraTS-MEN-RT-0214-1,men-0214,1,208x256x176,0.90x0.90x0.90,1735.0,0.8159054842862216,86de639e416f8a469ffb885f3da07725,2ad515595924d857a7cf90a63a1e68b9,True,,,,,9371648,10615,"106.7,157.5,69.7","87:127,146:178,55:84",10615
men_rt,train,BraTS-MEN-RT-0215-1,men-0215,1,704x704x203,0.36x0.36x1.10,1392.0,0.8691729478153116,9374db8fa9d3d9bba6293d302018e49c,cdf7de229bf56843b62992fa6b8c8327,True,,,,,100610048,21052,"303.3,413.0,76.6","275:333,387:442,65:86",21052
men_rt,train,BraTS-MEN-RT-0216-1,men-0216,1,256x256x124,1.02x1.02x1.50,531.0,0.5683999830676664,40a5ef92742ff5d9262857e3a10ad6af,50dbff6979da323ac5869e526c7edbe3,True,,,,,8126464,2553,"121.7,102.0,38.3","97:164,67:129,23:50",2553
men_rt,train,BraTS-MEN-RT-0217-1,men-0217,1,288x288x169,0.97x0.97x1.00,1485.0,0.8099966356426693,65e8653313ba0adcfe4dd3fca1018ef3,32a902f942251854585ea30847bfd401,True,,,,,14017536,5899,"145.8,214.0,102.5","137:154,198:227,91:117",5899
men_rt,train,BraTS-MEN-RT-0219-1,men-0219,1,256x256x192,0.94x0.94x1.00,3215.0,0.6774488290150961,c5d8bb1a453531d8037fbf2c0c4a1368,271e5010d10fde502023432203412cb9,True,,,,,12582912,49837,"107.6,121.8,139.5","83:130,98:145,117:161",49837
men_rt,train,BraTS-MEN-RT-0220-1,men-0220,1,512x512x136,0.51x0.51x1.40,16106.0,0.8354277049793917,58d1cf7deedded2e082a0329219fd638,0475f9a1fff267953600c56db9614289,True,,,,,35651584,10400,"279.5,256.3,51.0","259:325,227:350,44:96",10400
men_rt,train,BraTS-MEN-RT-0221-1,men-0221,1,768x768x168,0.35x0.35x1.10,1701.0,0.8520713079543341,3d17797b22a361d955db0c495f345110,660a34613d91852054f9814cd17d76e4,True,,,,,99090432,11782,"345.4,342.4,145.3","324:371,304:368,139:153",11782
men_rt,train,BraTS-MEN-RT-0222-1,men-0222,1,256x256x124,1.02x1.02x1.50,879.0,0.5549509602208291,457b7be39eda29c939eaa414dcf0983a,c505ffcb24ba2b27e4d518048c085f29,True,,,,,8126464,6249,"173.7,129.8,85.2","161:185,113:145,76:93",6249
men_rt,train,BraTS-MEN-RT-0223-1,men-0223,1,512x512x136,0.51x0.51x1.40,7022.0,0.8291212811189539,c7f4deda39b4da143a988d9d738b3e1d,7ecfc08a15784b9fc4d6cdff2edee6a8,True,,,,,35651584,25135,"293.1,182.1,53.9","267:319,154:209,45:63",25135
men_rt,train,BraTS-MEN-RT-0224-1,men-0224,1,704x704x194,0.36x0.36x1.10,1221.0,0.8675556662257977,c71c04dfa47ab150e989eca171ac9aa1,16c90700f5b0c0a21be1ef5beac4afe6,True,,,,,96149504,20280,"307.9,336.1,141.3","279:341,307:364,135:150",20280
men_rt,train,BraTS-MEN-RT-0225-1,men-0225,1,256x256x85,1.02x1.02x2.00,1987.0,0.9011625402113971,4f4170900184ed4d8f654b8b794b9ae5,bd641b4e7302afabc2733658f1d4b0d2,True,,,,,5570560,10457,"104.6,145.4,22.0","86:130,118:166,15:31",10457
men_rt,train,BraTS-MEN-RT-0226-1,men-0226,1,256x256x172,0.98x0.98x1.00,2535.0,0.7384444835574128,a86d3f1e82e14f29668baf635a64ac64,45e8edbc4d7a0addffe45aeb572f4744,True,,,,,11272192,18117,"124.6,116.8,50.2","106:143,102:129,32:69",18117
men_rt,train,BraTS-MEN-RT-0227-1,men-0227,1,256x256x130,1.02x1.02x1.40,174.0,0.7753279465895433,e11165063b15065c8d46d8d3942a99e7,fe15d60a80dcaa39ffbe5fdd5aed0683,True,,,,,8519680,1546,"113.1,124.8,49.0","100:121,107:139,45:54",1546
men_rt,train,BraTS-MEN-RT-0229-1,men-0229,1,256x256x124,1.02x1.02x1.50,448.0,0.5948539241667716,7ab6665187673d9a6e3dab4887b772c9,c529d6ef5d602a0c48cbffe9ae795c7b,True,,,,,8126464,9062,"95.2,137.0,38.4","71:113,119:156,32:45",9062
men_rt,train,BraTS-MEN-RT-0230-1,men-0230,1,512x512x298,0.74x0.74x1.00,1906.0,0.31194822580222314,04aa2631c353c947e445f4bbe5cbbe82,7c78cdb4069d980b69cca79ee0688a56,True,,,,,78118912,84138,"200.5,301.0,148.2","164:240,231:358,115:203",84138
men_rt,train,BraTS-MEN-RT-0231-1,men-0231,1,256x256x172,0.94x0.94x1.00,1493.0,0.7414981043616007,632a7bec89aed5bd735ec9c1476324fd,10ce70a4308bb3968603be45300910f7,True,,,,,11272192,36872,"158.8,70.8,51.5","137:183,49:91,35:69",36872
men_rt,train,BraTS-MEN-RT-0232-1,men-0232,1,512x512x271,0.74x0.74x1.00,1749.0,0.33677740906437387,88efa2e37d9672e60df3030b4549f736,840f00ee139624dffc6b99e438a4ca5c,True,,,,,71041024,25946,"230.0,264.7,126.2","208:251,235:303,106:142",25946
men_rt,train,BraTS-MEN-RT-0233-1,men-0233,1,704x704x177,0.37x0.37x1.10,1607.0,0.8528485329994864,1a4bae287b4e49ba9c5de94dcfed3942,c16c555036e539903fd83d70bfe5cd72,True,,,,,87724032,6842,"462.8,456.1,89.2","441:500,410:484,83:94",6842
men_rt,train,BraTS-MEN-RT-0234-1,men-0234,1,512x512x136,0.51x0.51x1.40,18488.0,0.8403444851146025,ce77b5cea2fe33912ef3401e4218d4cf,4cd8a16ebd6bd7e67c3b9b4889a3b926,True,,,,,35651584,6400,"298.1,213.1,52.1","284:315,174:238,43:64",6400
men_rt,train,BraTS-MEN-RT-0235-1,men-0235,1,512x512x136,0.51x0.51x1.40,3490.0,0.8183510724235984,73bf1052afdc43de7f1f9107d6b19a08,66b03c60618617994f761d5f2d0c2da6,True,,,,,35651584,8170,"330.0,276.5,95.0","314:351,240:305,88:101",8170
men_rt,train,BraTS-MEN-RT-0236-1,men-0236,1,512x512x136,0.51x0.51x1.40,9130.0,0.8203263563268325,585514a7da00aca20fba1fda27ad45d1,e52dd87bbde2d32904328d48ac5eff8f,True,,,,,35651584,5619,"259.4,77.1,74.7","243:275,65:88,67:83",5619
men_rt,train,BraTS-MEN-RT-0237-1,men-0237,1,512x512x314,0.74x0.74x1.00,1992.0,0.1664127665720168,e2f5085be5e9649a22e312b555c554eb,4d714e95020bf140ecbc546811dc52a9,True,,,,,82313216,6279,"276.0,271.0,161.5","260:302,253:302,147:172",6279
men_rt,train,BraTS-MEN-RT-0238-1,men-0238,1,512x512x319,0.74x0.74x1.00,1393.0,0.18160296831758793,a10f1c184bb1f83db39a3eab93b99960,8fe9a481075ab6df66c307c425593c16,True,,,,,83623936,4233,"281.9,304.4,114.5","253:325,286:327,107:121",4233
men_rt,train,BraTS-MEN-RT-0241-1,men-0241,1,704x704x192,0.37x0.37x1.10,1751.0,0.843454870639097,103be17032bab23ced22d79b902c616e,4c17b4632896b68e7016903a492e28bf,True,,,,,95158272,20104,"325.1,445.2,126.1","299:356,335:493,100:159",20104
men_rt,train,BraTS-MEN-RT-0242-1,men-0242,1,256x256x82,1.02x1.02x2.00,1729.0,0.8858638856469131,c57f9f05fa383fcd1f5c2fa83ec2d768,68dde6c646869a4322de7dfb83261397,True,,,,,5373952,2213,"152.2,60.8,43.3","140:170,50:72,38:53",2213
men_rt,train,BraTS-MEN-RT-0245-1,men-0245,1,512x512x136,0.51x0.51x1.40,18509.0,0.8578881095437443,e55f85243e6f6b56ccda69f200940cae,097b30ac4a47574f5644cedc41d33cea,True,,,,,35651584,4069,"366.0,315.0,74.7","355:378,293:332,70:81",4069
men_rt,train,BraTS-MEN-RT-0246-1,men-0246,1,512x512x240,0.47x0.47x1.00,5328.0,0.35040764808654784,f35d285423776de115f5fe5cf2454652,98d32b9ab0858834aaf17b7528c73ac0,True,,,,,62914560,1441,"214.2,385.5,164.7","204:224,378:394,160:169",1441
men_rt,train,BraTS-MEN-RT-0247-1,men-0247,1,256x256x124,1.02x1.02x1.50,695.0,0.5583437027469758,326b83d827d009aef879845a1bf81a0d,1eb384ba720d51dc59bbe8d1fe49e808,True,,,,,8126464,9151,"110.9,75.4,90.9","92:126,57:91,79:101",9151
men_rt,train,BraTS-MEN-RT-0249-1,men-0249,1,256x256x172,0.94x0.94x1.00,1528.0,0.6816681263058685,0a9a31ba49c985fbf3c33d3d50548616,80ddf7d56ab9dd0c8d2cec295d6bd70c,True,,,,,11272192,31003,"112.7,117.1,133.9","92:131,96:140,112:151",31003
men_rt,train,BraTS-MEN-RT-0250-1,men-0250,1,256x256x124,1.02x1.02x1.50,657.0,0.5462493896484375,02e61e3b0abef07f94feb54e302282ba,11d5bb29154a414ca437206646b5b4a6,True,,,,,8126464,8501,"120.3,177.4,74.1","97:132,154:191,59:89",8501
men_rt,train,BraTS-MEN-RT-0251-1,men-0251,1,512x512x219,0.49x0.49x1.10,1982.0,0.8770390689100849,87fcb1fe6d90ee18c08ff2acac579d49,e8efeddcc395453702c0100c4a57583f,True,,,,,57409536,33205,"292.9,273.2,66.0","267:327,228:315,56:80",33205
men_rt,train,BraTS-MEN-RT-0252-1,men-0252,1,512x512x136,0.51x0.51x1.40,8241.0,0.8580290289486155,395d884378d153fa5addde39806a578d,42dbd04a7204a921f5756fcfe130ae2e,True,,,,,35651584,5473,"277.5,289.9,47.1","256:299,272:314,39:55",5473
men_rt,train,BraTS-MEN-RT-0254-1,men-0254,1,256x256x176,1.02x1.02x1.00,1029.0,0.7532432729547675,789d756785da4e11e3db0a9040c66248,75cd1af2ccfce132a7981b104f421d7f,True,,,,,11534336,3572,"143.4,104.3,52.5","131:157,95:116,36:66",3572
men_rt,train,BraTS-MEN-RT-0255-1,men-0255,1,512x512x184,0.49x0.49x1.10,1912.0,0.8870721277983292,53e28f6521982b8b3528d83bbbcc0eb1,2b22b41e59c9d740f6f10ba68e334cf2,True,,,,,48234496,9715,"275.8,164.3,117.6","258:295,145:181,111:126",9715
men_rt,train,BraTS-MEN-RT-0256-1,men-0256,1,672x672x190,0.37x0.37x1.10,1691.0,0.8447702449949278,c4f8d333e84ab155e19c32bc3a5815b0,0d983d321b6a3560cadcebd7919113f5,True,,,,,85800960,2899,"377.0,383.0,132.9","362:392,365:400,130:136",2899
men_rt,train,BraTS-MEN-RT-0257-1,men-0257,1,512x512x310,0.74x0.74x1.00,2093.0,0.1906603782407699,48aeb715bcb8e95a04b0ebb68ab89fa2,7b671fef07229a754a8e0d73e58d04b3,True,,,,,81264640,2361,"319.1,296.5,178.4","310:329,283:310,170:185",2361
men_rt,train,BraTS-MEN-RT-0258-1,men-0258,1,256x256x124,1.02x1.02x1.50,820.0,0.5699795138451361,345375762021542f4ddf1f8d5588f6be,7cd91efb06eac53c872b192bc8c420ef,True,,,,,8126464,5387,"177.6,141.8,40.5","165:190,125:157,34:48",5387
men_rt,train,BraTS-MEN-RT-0260-1,men-0260,1,256x256x184,1.05x1.05x1.00,2565.0,0.6641643358313519,b960d23ef8d1da2a32e1d449cac63f9e,0e5aefd2fa9848b34185c2b6d2f24dea,True,,,,,12058624,25574,"159.8,154.7,111.8","138:183,137:179,94:133",25574
men_rt,train,BraTS-MEN-RT-0261-1,men-0261,1,256x256x184,0.94x0.94x1.00,2003.0,0.6847408128821332,687e3a8e33f37c431e3fc53489abbfbd,661b554a7a47462e337efb275ffdb628,True,,,,,12058624,35974,"165.1,142.2,73.0","144:189,121:161,49:93",35974
men_rt,train,BraTS-MEN-RT-0262-1,men-0262,1,256x256x172,0.94x0.94x1.00,1363.0,0.7066669907680777,ea8a5b7ddaefd4baa7c5adc1ae741cd3,6c3ccdc76aad41353cc26d717f860fc6,True,,,,,11272192,40937,"127.9,100.9,133.1","98:156,62:133,117:144",40937
men_rt,train,BraTS-MEN-RT-0263-1,men-0263,1,256x256x82,1.02x1.02x2.00,1860.0,0.8628240445765053,dd8a3f27dc05149b6f7e87df6ae61af2,ee1d3032799f4271586d51afd6808657,True,,,,,5373952,1091,"145.1,152.1,32.5","130:163,138:165,29:35",1091
men_rt,train,BraTS-MEN-RT-0264-1,men-0264,1,672x672x168,0.37x0.37x1.10,2013.0,0.8521385279372166,ab8deda332a452b56be7d27c4e2c3c9d,808cdc3a102de484fe9cd2bf5e51b36c,True,,,,,75866112,9630,"428.3,454.7,65.9","391:464,444:466,57:74",9630
men_rt,train,BraTS-MEN-RT-0267-1,men-0267,1,288x288x174,0.97x0.97x1.00,1213.0,0.8741557799418193,c328518bedec5e1137b09b074397291a,fb94b089f26f8f8567b474d5b22fc8cb,True,,,,,14432256,9403,"119.0,201.9,108.2","103:135,186:221,96:126",9403
men_rt,train,BraTS-MEN-RT-0268-1,men-0268,1,672x672x170,0.37x0.37x1.10,2227.0,0.8539504343404029,80fee2f88d02afa96a718b3249e8a6cb,74595de738169fc9246eb36839fd454b,True,,,,,76769280,32245,"207.9,435.3,71.1","171:252,410:474,55:83",32245
men_rt,train,BraTS-MEN-RT-0270-1,men-0270,1,512x512x317,0.74x0.74x1.00,2244.0,0.18004008873780067,8e995d5d476a64823936aafe7274e5a4,3d35c79674b7e9a1db606588afd8fa64,True,,,,,83099648,18170,"299.6,253.3,200.8","246:331,231:283,186:219",18170
men_rt,train,BraTS-MEN-RT-0271-1,men-0271,1,256x256x172,0.94x0.94x1.00,2678.0,0.6966350466706032,8283cd1d4030bc5b3d35a0cc8f8dc4a6,dde47075663d7272b4793e359b8dfc4b,True,,,,,11272192,79210,"132.3,73.8,133.9","111:156,40:107,107:157",79210
men_rt,train,BraTS-MEN-RT-0273-1,men-0273,1,256x256x124,1.02x1.02x1.40,198.0,0.8099597807853453,2595d9807bf39cae9327e201710d64dc,2e2be2309c19b3ffdf92b1ed11f25862,True,,,,,8126464,964,"83.6,149.7,63.4","76:89,141:159,58:69",964
men_rt,train,BraTS-MEN-RT-0274-1,men-0274,1,256x256x184,0.98x0.98x1.00,2015.0,0.6914519434389861,d3eb7df74b1fc2522495b1f9536c52a1,b3036f67b9b4bc849293785ca264ec34,True,,,,,12058624,249213,"86.2,128.2,143.6","48:143,68:181,93:179",249213
men_rt,train,BraTS-MEN-RT-0275-1,men-0275,1,704x704x209,0.36x0.36x1.10,2065.0,0.8605078997723813,e575bf5b547ea611fdd58e45ef79c92b,228275053bd7992fb646c4268f2cd139,True,,,,,103583744,1878,"362.7,466.5,121.8","350:371,455:481,118:126",1878
men_rt,train,BraTS-MEN-RT-0279-1,men-0279,1,256x256x90,1.02x1.02x2.00,1999.0,0.8672493828667535,90771a656b4ff7e89547de51f9d2c095,4f6bd105571c09b45b2b7c2235911b06,True,,,,,5898240,643,"124.8,166.4,73.6","119:131,154:181,71:77",643
men_rt,train,BraTS-MEN-RT-0280-1,men-0280,1,512x512x156,0.49x0.49x1.20,14633.0,0.8550131871150091,9681697eb1eb706b537fb24d77472c3f,595d35d776851c6b70d4b7c7e09bed4d,True,,,,,40894464,26458,"274.3,255.9,44.7","248:308,226:284,34:55",26458
men_rt,train,BraTS-MEN-RT-0281-1,men-0281,1,256x256x124,1.02x1.02x1.50,621.0,0.5433045664141255,0148658953742f938090b1d0fa1fe9d2,f0adadc537eb872630f7fd8d261ea29f,True,,,,,8126464,23349,"111.8,125.6,95.5","95:130,101:154,82:108",23349
men_rt,train,BraTS-MEN-RT-0282-1,men-0282,1,512x512x240,0.49x0.49x1.00,9132.0,0.526529057820638,60c836a604aa8d6582c0dd91c0b1a8ab,d2b579b91eef27484a32a890b22e82c6,True,,,,,62914560,4110,"256.6,114.3,161.4","247:266,96:130,154:168",4110
men_rt,train,BraTS-MEN-RT-0283-1,men-0283,1,288x288x200,0.83x0.83x1.00,1583.0,0.878998420621142,b90a3c764d04487b098c45bc481306c1,ca420c51f01c3a10581723196e2fde89,True,,,,,16588800,3550,"143.8,187.8,103.0","124:158,101:227,44:148",3550
men_rt,train,BraTS-MEN-RT-0284-1,men-0284,1,256x256x124,1.02x1.02x1.50,682.0,0.5768988824659779,953053dca528e02bd780243df0ab0735,06c637cf67aea229d886098c73bce0d7,True,,,,,8126464,103878,"136.2,99.3,70.1","95:174,66:135,46:93",103878
men_rt,train,BraTS-MEN-RT-0285-1,men-0285,1,320x320x199,0.78x0.78x1.00,1401.0,0.8485395237908292,9c6616d32deb0b41f4062c987be350f5,83d187177d309c301d2ceda24efd59c9,True,,,,,20377600,998,"165.4,130.4,158.3","159:172,122:140,153:163",998
men_rt,train,BraTS-MEN-RT-0286-1,men-0286,1,256x256x78,1.02x1.02x2.00,1961.0,0.9105416322365786,1354089a9b5cafa5e8403959bbd5e899,9012249d4f5f54d2e0d986be5fa1350d,True,,,,,5111808,3723,"170.6,76.7,19.1","158:184,64:88,14:25",3723
men_rt,train,BraTS-MEN-RT-0287-1,men-0287,1,256x256x124,1.02x1.02x1.50,507.0,0.6216303917669481,84a2a0c9bafc8e44f98b2f6b4640e7dd,a80ee3ce507a2ab5ed54f466729e8b5c,True,,,,,8126464,23860,"111.8,182.9,56.7","94:129,159:205,42:72",23860
men_rt,train,BraTS-MEN-RT-0288-1,men-0288,1,256x256x172,0.94x0.94x1.00,2193.0,0.6931019272915152,a637e5b70d95966a0bf118b03be00b99,49d9c98156a672a8098e6707b2646147,True,,,,,11272192,50999,"138.2,181.5,100.7","117:162,154:208,75:125",50999
men_rt,train,BraTS-MEN-RT-0289-1,men-0289,1,672x672x203,0.37x0.37x1.10,1817.0,0.8548153302782525,94b3afcf471b10a017096128297bc83e,8117912469e0ab81cb4b11a20c18a9de,True,,,,,91671552,35164,"289.1,408.0,82.9","253:327,366:457,73:91",35164
men_rt,train,BraTS-MEN-RT-0290-1,men-0290,1,288x288x192,0.83x0.83x1.00,1294.0,0.8556820590800218,211de8f110fa904d429d3509e989581c,d1b40921056094e6e75a454dadb3ed8c,True,,,,,15925248,612,"137.1,170.8,67.1","105:166,160:182,64:71",612
men_rt,train,BraTS-MEN-RT-0291-1,men-0291,1,512x512x136,0.51x0.51x1.40,6732.0,0.8418103386374081,394e7af8d5009c22641ec64b92670ab5,64367f98cdfbaa284254bd384c59194f,True,,,,,35651584,39662,"295.0,287.6,58.5","264:325,257:321,48:69",39662
men_rt,train,BraTS-MEN-RT-0294-1,men-0294,1,256x256x172,0.94x0.94x1.00,1584.0,0.7133665750193041,4a42e58a277ee29da2f047c11f0559e1,455a19432ed95b8603494d0b1e9979d1,True,,,,,11272192,21456,"126.4,164.0,70.2","106:146,146:184,59:85",21456
men_rt,train,BraTS-MEN-RT-0295-1,men-0295,1,256x256x172,0.94x0.94x1.00,2082.0,0.7471161775810774,1e5c5dd8e8fd1701949c29349199b2e7,f2e6bf6c0d57afbec30f282ca4f74f2c,True,,,,,11272192,7257,"128.8,137.8,66.3","115:142,123:152,57:76",7257
men_rt,train,BraTS-MEN-RT-0296-1,men-0296,1,512x512x319,0.74x0.74x1.00,2271.0,0.18267555595565366,542966f196fd28dc5baedfa2c63723e9,0d094c112c584acc422a5cad057a2469,True,,,,,83623936,4318,"254.1,170.6,247.6","240:264,129:201,218:257",4318
men_rt,train,BraTS-MEN-RT-0297-1,men-0297,1,256x256x124,1.02x1.02x1.50,489.0,0.5690031974546371,c9237ddba181a3ebca18c85cb41e59ce,7aee20798f281a4eeaf1cbc794b3a5b5,True,,,,,8126464,10588,"115.8,91.2,83.0","98:132,75:109,73:92",10588
men_rt,train,BraTS-MEN-RT-0298-1,men-0298,1,512x512x191,0.74x0.74x0.99,1832.0,0.43783809002781415,e21107f6d78cba11eebd2c70f978d39a,78768c75c947aeed5b7f169d0d486e69,True,,,,,50069504,19494,"265.8,237.1,151.4","241:285,215:257,136:166",19494
men_rt,train,BraTS-MEN-RT-0299-1,men-0299,1,512x512x212,0.47x0.47x1.00,2143.0,0.5543993823933151,676b748f11a0ba02aad4dd5d3c7825c8,3d8d1f17c9261921624a2e2e795d8177,True,,,,,55574528,2887,"308.9,202.4,57.9","295:321,189:217,53:61",2887
men_rt,train,BraTS-MEN-RT-0300-1,men-0300,1,256x256x124,1.02x1.02x1.50,415.0,0.614043205015121,c20ae0f5636e3817a53402bd1a448bc3,1ae110fbbf3df2e786ea771104c236df,True,,,,,8126464,45069,"180.8,157.6,67.4","149:207,119:188,55:82",45069
men_rt,train,BraTS-MEN-RT-0301-1,men-0301,1,512x512x130,0.51x0.51x1.50,12606.0,0.6641372387225811,4b9eacc2f64a3f774691a0866abc2f33,ca50cd0ef552f161465e77782081d216,True,,,,,34078720,164040,"186.9,201.3,83.5","135:235,156:248,66:100",164040
men_rt,train,BraTS-MEN-RT-0302-1,men-0302,1,320x320x164,0.84x0.84x1.00,1661.0,0.9075687166539634,e56e88e5b9f61d8db430a94ef706d85f,f386ca79804ac94edb0672d270257859,True,,,,,16793600,11818,"96.1,178.8,100.2","81:110,158:200,88:114",11818
men_rt,train,BraTS-MEN-RT-0303-1,men-0303,1,512x512x231,0.78x0.78x1.25,1629.0,0.2934802497104133,69710498c5ea1cd263accc30a95e6aca,2397321ba7560a7994151c9c8db331b7,True,,,,,60555264,5940,"238.4,266.2,92.6","227:256,238:289,87:101",5940
men_rt,train,BraTS-MEN-RT-0304-1,men-0304,1,256x256x124,1.02x1.02x1.50,382.0,0.5855004095262096,8f1a34b91a0c572e7895be932d69d7cb,2d9585ecad0acfaec20e8e29ae3d0fab,True,,,,,8126464,95109,"136.9,160.9,69.4","107:167,128:197,48:92",95109
men_rt,train,BraTS-MEN-RT-0305-1,men-0305,1,256x256x124,1.02x1.02x1.50,5903.0,0.45894327471333163,9913737cf27a52f64cb3ea816a7bb4f5,f4fb5a3869579130293fb146f7e603ce,True,,,,,8126464,4143,"132.7,170.2,44.4","121:143,158:184,36:52",4143
men_rt,train,BraTS-MEN-RT-0306-1,men-0306,1,256x256x124,1.02x1.02x1.50,941.0,0.5817151223459551,5e43d0925c73ae075c82e21365628d85,c52569649cc09b919e04efa0ecdd9db8,True,,,,,8126464,54933,"136.0,100.3,67.3","107:172,66:127,47:93",54933
men_rt,train,BraTS-MEN-RT-0309-1,men-0309,1,768x768x168,0.34x0.34x1.10,1726.0,0.8466735214152664,ea2c22b395cc9bb98a92f53f5d2f2d35,62de6ac6e8188fe238e5712b344a5b2d,True,,,,,99090432,25961,"403.2,567.0,88.1","264:467,445:623,67:101",25961
men_rt,train,BraTS-MEN-RT-0310-1,men-0310,1,256x256x82,1.02x1.02x2.00,2073.0,0.8638910433141197,3f98752641cd12f9b06d2afd415c946a,c30c96d8e41b6bf6d4cdf1f28c063fad,True,,,,,5373952,9260,"159.3,127.3,60.9","143:177,109:146,52:70",9260
men_rt,train,BraTS-MEN-RT-0311-1,men-0311,1,256x256x172,0.94x0.94x1.00,2567.0,0.7213748665743096,bb34f3ae5d5f95246f3089f93e299d6b,5f3680c425d4d18d60cc4ca1f850857b,True,,,,,11272192,61910,"120.4,70.0,127.4","96:140,40:99,101:153",61910
men_rt,train,BraTS-MEN-RT-0312-1,men-0312,1,672x672x193,0.37x0.37x1.10,1429.0,0.8838086710828545,c7b03362fbe8eac1abe54de6fba5e793,f12650365299e0e082fe1a00e9963ac3,True,,,,,87155712,10104,"385.1,288.1,55.8","367:407,270:312,48:63",10104
men_rt,train,BraTS-MEN-RT-0313-1,men-0313,1,256x256x84,1.02x1.02x2.00,1797.0,0.87412352789016,a6ccf6b376f91beba961674043a7d094,19f2699af3bbe1b97a035f6074b7f946,True,,,,,5505024,260,"101.2,161.6,30.8","97:106,158:167,28:33",260
men_rt,train,BraTS-MEN-RT-0314-1,men-0314,1,256x256x124,1.02x1.02x1.50,8526.0,0.40081651749149444,179c7e04eefa5c03053fb515e5ab36d0,d5d620e1226060bedb87486eff21ed13,True,,,,,8126464,21322,"119.8,111.7,72.7","100:141,92:131,60:86",21322
men_rt,train,BraTS-MEN-RT-0315-1,men-0315,1,768x768x170,0.34x0.34x1.10,2103.0,0.8521043465807547,1819ada6b4ef94824bfa70ee48a6221f,425b93cbe8525f94003fc5fa11598453,True,,,,,100270080,19510,"433.2,366.7,54.1","411:462,330:397,46:63",19510
men_rt,train,BraTS-MEN-RT-0316-1,men-0316,1,256x256x134,1.02x1.02x1.40,280.0,0.7902165882623018,6a5fc62def725598aada2ba7139c2063,dba59a022296eda7f098e49a87f7743b,True,,,,,8781824,1609,"109.7,133.6,44.4","98:117,120:149,40:49",1609
men_rt,train,BraTS-MEN-RT-0317-1,men-0317,1,256x256x96,1.02x1.02x2.00,1780.0,0.8679040273030599,e5928c10c35a6a634fd229088637a44d,86cc0004c44cb5dad30a70dd8baaa365,True,,,,,6291456,5746,"94.7,166.0,44.6","73:158,153:182,31:52",5746
men_rt,train,BraTS-MEN-RT-0318-1,men-0318,1,672x672x170,0.37x0.37x1.10,2294.0,0.8703359468787515,92a617cc382a5e361b7daec7a2d0eb69,3f6518ba5c20adaacce0b3cd3fb67c90,True,,,,,76769280,21758,"444.6,334.2,52.6","417:479,313:358,44:62",21758
men_rt,train,BraTS-MEN-RT-0319-1,men-0319,1,256x256x128,1.02x1.02x1.50,2157.0,0.5827704668045044,243d24ea329455c6b327974e674fd57b,e3e730cb14310f66eea0f314f96c219d,True,,,,,8388608,25450,"94.0,116.2,84.4","72:115,96:140,71:98",25450
men_rt,train,BraTS-MEN-RT-0320-1,men-0320,1,512x512x296,0.74x0.74x1.00,1901.0,0.312918843449773,0ca796e29cb113bb11049bd43d599be7,0224a81aee7e2743da1cfcb2f2b4a6d3,True,,,,,77594624,2647,"255.1,292.4,162.8","247:264,275:304,155:171",2647
men_rt,train,BraTS-MEN-RT-0321-1,men-0321,1,512x512x215,0.74x0.74x0.99,1826.0,0.39765449346498,d7bf2c12b7502023bffe642745fc4953,5f885454ce9a7344626ee308534b4353,True,,,,,56360960,11879,"265.4,287.4,79.8","244:281,260:313,69:93",11879
men_rt,train,BraTS-MEN-RT-0322-1,men-0322,1,256x256x180,0.94x0.94x1.00,1513.0,0.7190409342447917,738e362ae42b739be46b6ba3e31504b2,c8c00ebb90437aebc59592018d73ce9b,True,,,,,11796480,18240,"112.3,97.3,144.6","93:130,78:115,131:158",18240
men_rt,train,BraTS-MEN-RT-0323-1,men-0323,1,256x256x75,1.02x1.02x2.00,1743.0,0.856019287109375,da97141b612a7df1081befcb4a7ac3c3,d012f313eabf1fafc98c98c822e6ba5c,True,,,,,4915200,259,"108.8,130.0,24.7","104:112,121:139,23:27",259
men_rt,train,BraTS-MEN-RT-0325-1,men-0325,1,256x256x176,1.02x1.02x1.00,1621.0,0.7470958016135476,eae7b23c7f9ad3403160e1250a8c9627,1ba2fcfc3c00173a09f70cece6bee859,True,,,,,11534336,7163,"114.2,127.0,60.2","97:132,111:143,48:72",7163
men_rt,train,BraTS-MEN-RT-0326-1,men-0326,1,256x256x172,0.94x0.94x1.00,3740.0,0.7599938858387082,c395669163adf36d8aba6baa127d1540,8d6c4ef3e2648bcc01f5a1787ec31bc9,True,,,,,11272192,50151,"161.1,148.8,71.4","139:184,117:180,49:98",50151
men_rt,train,BraTS-MEN-RT-0327-1,men-0327,1,512x512x128,0.52x0.52x1.50,14314.0,0.6520416140556335,63dd4d6d595c0d89f36affbf681c6dfd,04ea397d7eb9ce7310e630eb4159715b,True,,,,,33554432,8664,"191.4,159.1,85.9","174:209,142:175,79:92",8664
men_rt,train,BraTS-MEN-RT-0330-1,men-0330,1,256x256x172,0.94x0.94x1.00,3783.0,0.7636017910269803,26c997ec0b50eacd3df584b49d2fbd6c,a9e39e7374e1124d49c138615e6d8776,True,,,,,11272192,11294,"122.5,125.9,144.3","101:140,110:145,130:156",11294
men_rt,train,BraTS-MEN-RT-0332-1,men-0332,1,768x768x160,0.34x0.34x1.10,1917.0,0.8436617745293511,c7d880a93e15a22892fedc47c317fcae,3ac83e098f0775f4d4414dfb3dd51d7e,True,,,,,94371840,20614,"322.4,420.0,134.6","255:379,371:468,130:139",20614
men_rt,train,BraTS-MEN-RT-0334-1,men-0334,1,256x256x176,1.02x1.02x1.00,1341.0,0.770208705555309,c4c825444cd054b6425eef89ce8a5583,72a1a23c49d2ddac848d3b8a9dff78f9,True,,,,,11534336,14840,"106.0,141.6,53.8","74:131,121:166,32:75",14840
men_rt,train,BraTS-MEN-RT-0335-1,men-0335,1,256x256x130,1.02x1.02x1.40,251.0,0.8054142878605769,02a89e907dc0b44979d37c4b854c44f9,f8f3165d28c1d46314d325311030a58a,True,,,,,8519680,1283,"109.1,133.1,34.0","102:115,123:145,29:41",1283
men_rt,train,BraTS-MEN-RT-0336-1,men-0336,1,256x256x80,1.02x1.02x2.00,1783.0,0.8911048889160156,f9d4c578cfec0a5f23fb76ea36bfc011,496b61db8c66d6893091740aa37c8376,True,,,,,5242880,2958,"112.7,105.9,24.6","87:189,95:125,16:46",2958
men_rt,train,BraTS-MEN-RT-0337-1,men-0337,1,512x512x136,0.51x0.51x1.40,7714.0,0.8145423215978286,86c8959d677aef9c161528e92f3b0ec6,8553f1ce2e81a3e1613d1355e8cc90e7,True,,,,,35651584,9053,"223.0,298.2,57.7","180:259,273:322,54:62",9053
men_rt,train,BraTS-MEN-RT-0338-1,men-0338,1,512x512x136,0.51x0.51x1.40,19106.0,0.8437750199261833,96cb2de7f28b9064102cc570dade3cb7,3ed39755f4bfbfe5dfc44d31228f3240,True,,,,,35651584,6093,"276.5,288.0,52.5","253:298,270:309,47:58",6093
men_rt,train,BraTS-MEN-RT-0339-1,men-0339,1,672x672x195,0.37x0.37x1.10,1929.0,0.8704945486474505,8986a4c602128544b3f6696f85f197a9,e2ce7bf1c49efe0fd2455abb7b65ddf5,True,,,,,88058880,175985,"242.7,195.2,87.2","147:346,102:283,59:120",175985
men_rt,train,BraTS-MEN-RT-0340-1,men-0340,1,512x512x171,0.50x0.50x1.00,16377.0,0.6044047617772866,9374d537930ae1d03c891b8f8af988a3,1663f80ff6af493a1a3a5877cf1f4d9d,True,,,,,44826624,32616,"266.1,178.1,144.8","246:297,139:255,132:154",32616
men_rt,train,BraTS-MEN-RT-0342-1,men-0342,1,256x256x172,0.94x0.94x1.00,3178.0,0.677107433940089,c9ffd7e9d7a50542ce71ef0f035c1b87,39227b753a479ed532f2bf9302fef842,True,,,,,11272192,21994,"170.6,80.2,130.3","153:192,57:106,114:148",21994
men_rt,train,BraTS-MEN-RT-0343-1,men-0343,1,256x256x124,1.02x1.02x1.50,451.0,0.598525877921812,7ea1f5978394a8729492790faa472475,bccae4925391f612eb1a66da0ea494bf,True,,,,,8126464,47069,"140.5,135.4,44.6","109:170,106:166,24:59",47069
men_rt,train,BraTS-MEN-RT-0344-1,men-0344,1,256x256x134,1.02x1.02x1.40,218.0,0.8157102670242538,dd779949400ffe3137f68ff7fa83e6c9,6e3065e4b03578d7f4fa720fe535564d,True,,,,,8781824,5473,"116.1,79.9,101.7","98:132,61:100,91:109",5473
men_rt,train,BraTS-MEN-RT-0347-1,men-0347,1,512x512x256,0.74x0.74x1.00,2250.0,0.22429127991199493,7dbff3e959b37304ef955b4fc18b948d,54be7a3ba77b317037dd1cdda638ff30,True,,,,,67108864,6333,"190.0,184.8,88.1","178:211,162:209,75:98",6333
men_rt,train,BraTS-MEN-RT-0348-1,men-0348,1,256x256x124,1.02x1.02x1.50,4146.0,0.3478271730484501,6a6b3522518e40bcf46559ed67825e2a,aea19b49f05cf63ce0368dd16bcff8fb,True,,,,,8126464,25494,"166.6,127.6,38.9","144:191,101:153,28:51",25494
men_rt,train,BraTS-MEN-RT-0349-1,men-0349,1,512x512x322,0.74x0.74x1.00,1696.0,0.28340028087544883,877a6fc2f20f37208467329ecae21cea,8c0f64fe3f92abe4124ea1e65ec722e9,True,,,,,84410368,21226,"233.3,244.9,142.2","211:252,211:285,130:157",21226
men_rt,train,BraTS-MEN-RT-0350-1,men-0350,1,256x256x140,0.98x0.98x1.20,5755.0,0.4057959420340402,4bad469d70683de38522bab5fc0ee25a,7c907c185b4308cc7ffdbe1b88a4b8a0,True,,,,,9175040,18691,"141.3,131.7,44.3","119:166,105:157,33:57",18691
men_rt,train,BraTS-MEN-RT-0351-1,men-0351,1,512x512x136,0.51x0.51x1.40,15485.0,0.8486191805671243,a82e4bbaae0a1d8b99b69d525ffadd74,badad14fa32dd89baaa9854b9013cf84,True,,,,,35651584,25553,"319.1,179.3,41.6","294:344,145:215,31:49",25553
men_rt,train,BraTS-MEN-RT-0354-1,men-0354,1,512x512x136,0.51x0.51x1.40,8013.0,0.8367810249328613,7972361d4d6fc8e72b316d059364c53b,c6f4bff1c6845e5887a71659674eda5c,True,,,,,35651584,3889,"234.7,234.3,46.8","220:250,221:246,41:54",3889
men_rt,train,BraTS-MEN-RT-0355-1,men-0355,1,256x256x124,1.02x1.02x1.50,9392.0,0.34597667571037044,efb3a82d0eae644ab50ef8d1fff3495c,5d4e5165b6fbcf8fa699b47f9d2c92d7,True,,,,,8126464,20184,"80.7,108.6,76.5","64:97,86:135,63:91",20184
men_rt,train,BraTS-MEN-RT-0356-1,men-0356,1,256x256x124,1.02x1.02x1.50,515.0,0.560822025422127,078c84a363af847a07f1b639668258fa,5e79594bec8bc70630a4498ed20bed74,True,,,,,8126464,127261,"119.9,176.5,74.1","79:160,144:212,51:102",127261
men_rt,train,BraTS-MEN-RT-0358-1,men-0358,1,256x256x124,1.02x1.02x1.50,610.0,0.5722624255764869,2ca2b8f692750f325b4584834c856f01,e7a685a8f243c4f1aefee1ce38fccc8e,True,,,,,8126464,28709,"109.2,95.8,57.3","87:132,71:119,44:72",28709
men_rt,train,BraTS-MEN-RT-0360-1,men-0360,1,672x672x189,0.37x0.37x1.10,2604.0,0.8995267405352794,c36c0c34647ea474d951f5a05197724b,f436444670f31e49839eb93de30a5ef0,True,,,,,85349376,133984,"283.7,379.8,67.0","196:493,294:490,34:135",133984
men_rt,train,BraTS-MEN-RT-0361-1,men-0361,1,672x672x171,0.37x0.37x1.10,1273.0,0.843212774723681,237680ca4746080a282320dc548d4aa5,ae5ca8d3223b7aa57f9e80739d667165,True,,,,,77220864,14142,"346.7,358.2,124.7","327:362,275:406,119:131",14142
men_rt,train,BraTS-MEN-RT-0363-1,men-0363,1,512x512x120,0.51x0.51x1.50,13366.0,0.6422221501668294,78d6ca94e23a023990cdd968ca980a98,0ae4744a150ec622b9b7a6696d50cc62,True,,,,,31457280,95297,"184.1,177.7,29.2","139:236,141:217,15:42",95297
men_rt,train,BraTS-MEN-RT-0364-1,men-0364,1,256x256x156,0.86x0.86x1.00,11148.0,0.6695838341346154,34ed8ab40193abf9c6412e666b430e9c,756a9ab9d524108f51bd4bec7ebbf6fe,True,,,,,10223616,116767,"138.1,141.9,105.2","109:171,106:181,74:136",116767
men_rt,train,BraTS-MEN-RT-0365-1,men-0365,1,256x256x124,1.02x1.02x1.50,625.0,0.6034049987792969,11666faf9db92b90f3b329e00c1f26b7,e805b6fb18be5ff518dda8357b701de0,True,,,,,8126464,17743,"111.9,106.0,41.3","85:131,85:131,28:55",17743
men_rt,train,BraTS-MEN-RT-0367-1,men-0367,1,512x512x136,0.51x0.51x1.40,8241.0,0.8435732897590188,3f01607263f207655a62ff3338377d5e,bb9dba144391620354cf01c00d657614,True,,,,,35651584,28948,"239.8,178.0,100.9","209:273,143:208,91:110",28948
men_rt,train,BraTS-MEN-RT-0369-1,men-0369,1,768x768x161,0.35x0.35x1.10,1799.0,0.8681009212306979,5f16a6e8a474bad53394ab7a8976b24e,2eba59f6fe5449d3f8b0f441fd895af6,True,,,,,94961664,7137,"381.1,341.0,108.6","365:391,318:365,102:117",7137
men_rt,train,BraTS-MEN-RT-0370-1,men-0370,1,256x256x128,0.94x0.94x2.00,2852.0,0.6277931928634644,2644c9ce2477728b1b0c9c51dc52e54e,016d09a6b37a96b23c6d3223659959e2,True,,,,,8388608,22581,"112.8,111.7,62.2","69:154,60:172,51:73",22581
men_rt,train,BraTS-MEN-RT-0371-1,men-0371,1,288x288x190,0.83x0.83x1.00,1335.0,0.8450941535696881,0675a1c60623e6924e9f092ac2992860,df94c52e05e022b322cf7a544820d857,True,,,,,15759360,13991,"188.6,138.5,113.9","141:213,80:204,71:156",13991
men_rt,train,BraTS-MEN-RT-0372-1,men-0372,1,512x512x120,0.51x0.51x1.50,17550.0,0.6590105056762695,2fb7a39d8192a7619724c6bac65972a4,5bcf7494417f9f7f19a19b457a7626cf,True,,,,,31457280,122852,"274.2,357.2,69.1","226:326,320:402,53:84",122852
men_rt,train,BraTS-MEN-RT-0373-1,men-0373,1,256x256x108,1.02x1.02x1.50,596.0,0.6084139788592303,d67025851123658f180b395b058b5632,c55ea97cbb8611cb2898280ea0c16264,True,,,,,7077888,71565,"143.5,70.2,54.1","99:176,45:102,24:89",71565
men_rt,train,BraTS-MEN-RT-0374-1,men-0374,1,256x256x124,1.02x1.02x1.50,820.0,0.5699795138451361,70fafff39bda0c135491ef9d80c2887c,7cd91efb06eac53c872b192bc8c420ef,True,,,,,8126464,5436,"178.5,141.9,40.5","166:191,125:157,34:48",5436
men_rt,train,BraTS-MEN-RT-0375-1,men-0375,1,256x256x78,1.02x1.02x2.00,1751.0,0.8778737386067709,f935359ae9a82588c576414570b33561,8421a1e604b030a1086f99f406f28593,True,,,,,5111808,2900,"162.1,123.1,23.7","150:175,110:134,18:30",2900
men_rt,train,BraTS-MEN-RT-0376-1,men-0376,1,512x512x256,0.50x0.50x1.00,5013.0,0.6264766752719879,2a8daa2a0110da1a95feded80aab7f75,12dac1c71582d703fcea66be5cf917be,True,,,,,67108864,2426,"329.8,148.3,108.9","276:344,138:179,4:113",2426
men_rt,train,BraTS-MEN-RT-0377-1,men-0377,1,256x256x126,1.02x1.02x1.50,13304.0,0.3862206595284598,50ecae2c0dfece1633cd7fe42d4191eb,04490f1371fa7d4d421ff0421a253e60,True,,,,,8257536,22293,"158.7,129.6,87.4","127:190,68:173,28:105",22293
men_rt,train,BraTS-MEN-RT-0378-1,men-0378,1,512x512x136,0.51x0.51x1.40,16835.0,0.8372128150042366,6d5694b281a6c2a21c79a34c22129c33,8ad823cc9dbf4d1bb8806be623e2eb14,True,,,,,35651584,24846,"281.1,273.3,46.0","252:317,233:322,34:56",24846
men_rt,train,BraTS-MEN-RT-0380-1,men-0380,1,512x512x136,0.51x0.51x1.40,8214.0,0.8422155660741469,ee09a1e4f12bfa41cf109625907f5ed3,905473863315dd9898cdb55089879680,True,,,,,35651584,17053,"297.6,306.5,57.1","273:342,253:344,49:66",17053
men_rt,train,BraTS-MEN-RT-0382-1,men-0382,1,256x256x172,0.94x0.94x1.00,2216.0,0.6867660699888717,55dd4ea3f9ee0f43dae73139e45baa8a,e5fa13b141514aeb92980eb70992fcc1,True,,,,,11272192,17342,"87.6,99.1,67.3","70:106,80:116,55:81",17342
men_rt,train,BraTS-MEN-RT-0383-1,men-0383,1,672x672x182,0.37x0.37x1.10,1155.0,0.8438448188627558,4045afd74a5efcf67ae1745ec5c2147e,8790773f0ac5ff9e51ba2e981f31f861,True,,,,,82188288,12217,"319.2,473.9,70.2","283:353,427:530,67:76",12217
men_rt,train,BraTS-MEN-RT-0384-1,men-0384,1,704x704x221,0.36x0.36x1.10,2141.0,0.87257652472444,103cdfff70fb0c30da0afba073c50354,7368e24c89afbc036e3619acbf135525,True,,,,,109531136,17404,"257.2,449.8,83.0","208:288,426:474,73:96",17404
men_rt,train,BraTS-MEN-RT-0385-1,men-0385,1,256x256x124,1.02x1.02x1.50,9633.0,0.3918960325179561,1e5309c462e8a4337350e3e26beeae67,0619b22a03c78c5dffb55dad0054466d,True,,,,,8126464,19735,"131.4,147.6,60.9","110:152,128:168,48:75",19735
men_rt,train,BraTS-MEN-RT-0387-1,men-0387,1,288x288x173,0.97x0.97x1.00,733.0,0.8802034550506672,b46f558d71403ffbb3e5bd18e7d65097,b242e5d216e670fbe58bd484a9a1a92a,True,,,,,14349312,15625,"108.8,115.2,44.7","90:124,101:134,30:59",15625
men_rt,train,BraTS-MEN-RT-0388-1,men-0388,1,512x512x232,0.50x0.50x0.80,7271.0,0.633089937012771,a04303bddd7be065c68e6bb78bb278bd,11fd161e80af16d0b5d855c602ade332,True,,,,,60817408,21786,"242.3,154.8,155.6","204:359,85:338,141:193",21786
men_rt,train,BraTS-MEN-RT-0390-1,men-0390,1,256x256x124,1.02x1.02x1.50,17219.0,0.3976841588174143,efc21fe635df7d024e1b441333b26438,8fe9c988db3dde160cdc3067df0296c4,True,,,,,8126464,4360,"164.3,137.5,44.3","144:182,126:156,34:55",4360
men_rt,train,BraTS-MEN-RT-0391-1,men-0391,1,288x288x201,0.83x0.83x1.00,1515.0,0.8370588583893802,8c3278ca56aff18c11bb54e721451471,a9a1f1658dc5cacfd3b37e0e95752ec3,True,,,,,16671744,2383,"193.4,174.2,105.0","181:206,154:191,99:111",2383
men_rt,train,BraTS-MEN-RT-0392-1,men-0392,1,256x256x172,0.94x0.94x1.00,1805.0,0.6828611506972202,b181d9ce56339fca5492928635481d04,c9e000eb0e187f3dd48134e2bf628de6,True,,,,,11272192,27133,"84.8,77.6,109.7","69:100,58:96,90:134",27133
men_rt,train,BraTS-MEN-RT-0393-1,men-0393,1,256x256x160,1.02x1.02x1.00,710.0,0.7067931175231934,d35916451aa806e4a7a11bfe5cb8aac8,684ec9f4cd5474d82fa3051305ddc7a1,True,,,,,10485760,7280,"118.4,121.7,57.7","106:133,108:139,47:72",7280
men_rt,train,BraTS-MEN-RT-0394-1,men-0394,1,256x256x172,0.94x0.94x1.00,3036.0,0.665442710699037,4fb3ad6a1ad4186180e165ee65ed4c13,e2a9c5ec8e0048392f95df1d1d829217,True,,,,,11272192,21005,"102.1,82.8,135.3","79:125,61:108,118:154",21005
men_rt,train,BraTS-MEN-RT-0395-1,men-0395,1,512x512x323,0.74x0.74x1.00,1844.0,0.2940232008234266,e65a0551a907b246e64a0b40958cb8a3,42f85e2944ac1dee0a722433669d5a03,True,,,,,84672512,6369,"318.5,296.8,155.7","303:334,275:318,138:170",6369
men_rt,train,BraTS-MEN-RT-0396-1,men-0396,1,672x672x170,0.37x0.37x1.10,2260.0,0.8513737396000066,7a27f41066b8c6b0d6e82c3259c386fb,d2c528f3dd5426aaf931d7cc9b3322bc,True,,,,,76769280,100165,"242.1,417.2,69.2","186:290,385:456,51:87",100165
men_rt,train,BraTS-MEN-RT-0397-1,men-0397,1,256x256x124,1.02x1.02x1.50,791.0,0.614485832952684,226914780236c7deb6c26eedcd98c762,b30723e4d7239478e79cf88087c39ee3,True,,,,,8126464,5471,"87.3,141.3,49.0","74:103,126:155,39:59",5471
men_rt,train,BraTS-MEN-RT-0398-1,men-0398,1,704x704x218,0.37x0.37x1.10,2036.0,0.8663286577444983,f79cb03a39086a626b66f2c22dd39cc9,b5df13981a5d9ac09dfffa0fa270a306,True,,,,,108044288,15515,"409.2,323.4,144.7","197:485,284:409,127:154",15515
men_rt,train,BraTS-MEN-RT-0400-1,men-0400,1,256x256x124,1.02x1.02x1.40,151.0,0.7411612233807964,400d4f920c60b2aca606a680362b38c1,5792c5fb21d8682ce446f111ab6662b5,True,,,,,8126464,2424,"148.5,146.3,53.7","135:163,124:166,49:59",2424
men_rt,train,BraTS-MEN-RT-0401-1,men-0401,1,512x512x136,0.51x0.51x1.40,9178.0,0.8182596599354464,562f33bb3c27268966b0d5f2d833b6a4,036a73fc265abfb2e285d14c6f55265f,True,,,,,35651584,10821,"314.9,256.5,110.4","277:352,187:335,98:115",10821
men_rt,train,BraTS-MEN-RT-0402-1,men-0402,1,352x352x200,0.68x0.68x0.80,32700.0,0.6735173602143595,7978750193a8364ee059d0a9d988ae8f,5101f530baa69905f00ae98bb3aee8e1,True,,,,,24780800,45738,"214.8,119.2,58.8","190:255,91:159,30:79",45738
men_rt,train,BraTS-MEN-RT-0403-1,men-0403,1,256x256x172,0.94x0.94x1.00,2974.0,0.6926454056140988,60dc161c2be6eeda9e06db77325cd2e0,ea72b77f7a752919419a6676378580ac,True,,,,,11272192,52370,"151.6,87.3,129.0","129:176,59:115,109:151",52370
men_rt,train,BraTS-MEN-RT-0404-1,men-0404,1,256x256x124,1.02x1.02x1.50,618.0,0.5929603576660156,3647014763d23ca08e141331f94b497a,acf018e7a72142007735a4c453a9037f,True,,,,,8126464,599,"133.3,63.3,70.8","128:138,56:71,67:74",599
men_rt,train,BraTS-MEN-RT-0405-1,men-0405,1,256x256x180,0.94x0.94x1.00,2102.0,0.6512704637315538,f3de85221f02109dda5dbb021797fd41,09872c5d7633d13c26ecd4ed5f44e162,True,,,,,11796480,47525,"96.5,74.1,59.2","73:120,49:97,41:79",47525
men_rt,train,BraTS-MEN-RT-0406-1,men-0406,1,256x256x124,1.02x1.02x1.50,671.0,0.5698051452636719,0666fb85f84586b2d261bfc3672be793,21b04e5b37da3135bb1a24fd209e0766,True,,,,,8126464,10382,"90.3,142.9,91.0","73:110,122:167,80:102",10382
men_rt,train,BraTS-MEN-RT-0409-1,men-0409,1,256x256x172,0.94x0.94x1.00,1507.0,0.6581381864325945,53ba1304324d27193778ca71ec4589ab,2934e0df3dcbe74cf4ef2d351555a20f,True,,,,,11272192,71803,"133.4,103.3,55.2","104:164,76:135,29:82",71803
men_rt,train,BraTS-MEN-RT-0410-1,men-0410,1,256x256x124,1.02x1.02x1.50,386.0,0.5766759072580645,eef57bec477080e87167099f1d7636ff,077f50433aa9674dbe35e1d6a4d599e3,True,,,,,8126464,60000,"161.8,94.5,55.4","129:188,55:133,39:73",60000
men_rt,train,BraTS-MEN-RT-0411-1,men-0411,1,256x256x128,1.02x1.02x1.40,157.0,0.7768442630767822,5972087b6c0efba531ef72b1d5962be7,8ff3e6c367454eda9ade42f8d01fa28b,True,,,,,8388608,2507,"108.2,134.9,45.1","95:119,115:159,36:49",2507
men_rt,train,BraTS-MEN-RT-0412-1,men-0412,1,256x256x128,1.02x1.02x1.50,5344.0,0.372188925743103,17c2d0b269f4f38dc6a12300fa9969fd,78d57bd49d21fc8a3e57e45fa2a50eba,True,,,,,8388608,5342,"167.6,135.4,87.9","155:181,123:147,80:97",5342
men_rt,train,BraTS-MEN-RT-0413-1,men-0413,1,512x512x138,0.47x0.47x1.20,12128.0,0.6791337607563406,84830db5e5f4693dd8548d840bdf6fc0,18ea8186416fd14eec55f40d95fb3355,True,,,,,36175872,23879,"294.2,278.0,43.8","273:320,243:313,34:52",23879
men_rt,train,BraTS-MEN-RT-0414-1,men-0414,1,512x512x136,0.51x0.51x1.40,15998.0,0.8403399972354665,33a819e28ec979d6c4f93e43de548443,3bb938215a92cfe9d07a5dd602022fc9,True,,,,,35651584,755,"278.4,249.3,51.4","272:287,240:260,49:54",755
men_rt,train,BraTS-MEN-RT-0415-1,men-0415,1,768x768x168,0.35x0.35x1.10,1737.0,0.8747414785718161,4e1f3906d0bbeb5173266a4f6755fa93,4e6bc051ce5649abf307d2c22f0cdbd5,True,,,,,99090432,21216,"391.3,526.2,110.4","368:418,496:554,103:119",21216
men_rt,train,BraTS-MEN-RT-0416-1,men-0416,1,512x512x129,0.50x0.50x2.00,5313.0,0.6153229410334151,e782f565599c24a3907665de88f4a566,4ed003078800afc4bbda65df3d49006d,True,,,,,33816576,7396,"235.8,258.8,57.0","213:258,234:296,2:62",7396
men_rt,train,BraTS-MEN-RT-0417-1,men-0417,1,512x512x120,0.51x0.51x1.50,14088.0,0.6366414705912272,8e972790874d63d11571091bdf59c4d3,9d69a2310f667837a9464af20eeae1d3,True,,,,,31457280,68952,"320.0,216.3,43.0","279:357,174:256,30:54",68952
men_rt,train,BraTS-MEN-RT-0418-1,men-0418,1,256x256x176,1.02x1.02x1.00,1447.0,0.7916010943326083,05b4edf935e8275b924e1cf60fb799d1,66f363e0a671f690c53e2e18b1a3e954,True,,,,,11534336,7275,"113.6,140.1,56.6","101:128,122:157,47:69",7275
men_rt,train,BraTS-MEN-RT-0419-1,men-0419,1,256x256x85,1.02x1.02x2.00,1921.0,0.8969152113970589,68c637508989fc0fb8f06927b3289ec5,11e743af94a44212efbfa895480a0305,True,,,,,5570560,4370,"133.0,72.3,52.4","125:142,55:90,44:59",4370
men_rt,train,BraTS-MEN-RT-0420-1,men-0420,1,256x256x128,1.02x1.02x1.50,1460.0,0.5420886278152466,5176ebf5d900b4eae3832fb1fd5a6ff4,d2ede060720755db2e4f5e4daaa57b2b,True,,,,,8388608,8549,"152.2,105.9,98.3","137:172,84:125,91:106",8549
men_rt,train,BraTS-MEN-RT-0421-1,men-0421,1,672x672x208,0.37x0.37x1.10,1917.0,0.8725084497440804,917405f100a607c6ebaa90f629d8a686,40bb2d71b4a5959b1d84e2cf55c05c08,True,,,,,93929472,33584,"455.3,240.1,45.4","404:489,193:283,32:59",33584
men_rt,train,BraTS-MEN-RT-0422-1,men-0422,1,256x256x134,1.02x1.02x1.40,204.0,0.7897817127740205,0740a8fd7873d3bb01e5fc1e35969393,2a654502e746e9f467b75a1960e6b7f5,True,,,,,8781824,2689,"135.8,115.1,35.9","125:148,106:127,29:42",2689
men_rt,train,BraTS-MEN-RT-0423-1,men-0423,1,768x768x171,0.35x0.35x1.10,1685.0,0.8497496983538672,1cecbc188100f2553a9332a3c681a37c,74bb3ae11925b37325d92fe22c28fdec,True,,,,,100859904,36206,"386.6,194.3,130.1","344:427,156:225,120:142",36206
men_rt,train,BraTS-MEN-RT-0424-1,men-0424,1,512x512x310,0.74x0.74x1.00,2143.0,0.3059014966410975,d43d492581862b0fd6d8026d0436a499,c20e328778bc7d31c8b9932eda7ee49f,True,,,,,81264640,29470,"248.6,265.2,153.2","206:274,242:299,136:166",29470
men_rt,train,BraTS-MEN-RT-0425-1,men-0425,1,256x256x130,1.02x1.02x1.50,342.0,0.5977720994215745,ff699e1dfaddb7a0dfa3e312e1f9d1a7,1faf5a9a8ca0e3167a5b79eedc7e0794,True,,,,,8519680,4269,"94.9,128.7,98.7","82:106,116:140,92:107",4269
men_rt,train,BraTS-MEN-RT-0426-1,men-0426,1,512x512x304,0.74x0.74x1.00,1620.0,0.28896949165745783,c46afe76048d3630cdddaccadd771c54,cb7cf810207e6ee4cbea16e9c57c758f,True,,,,,79691776,60838,"292.4,269.8,140.3","262:329,219:328,117:160",60838
men_rt,train,BraTS-MEN-RT-0428-1,men-0428,1,256x256x172,0.94x0.94x1.00,1887.0,0.6909574464310048,2bb74cbaaec4c1c65686cab7ce86cb97,5f9ec575c091c3bd1107418a6a46ae45,True,,,,,11272192,34166,"81.8,81.5,124.5","61:101,54:105,104:147",34166
men_rt,train,BraTS-MEN-RT-0429-1,men-0429,1,288x288x164,0.94x0.94x1.00,1344.0,0.8726593081903041,672b6d3be270e7bc4e01018119611e3d,054304f9c8a96331d76c98cac3fb2121,True,,,,,13602816,1851,"144.3,216.3,106.6","137:152,208:225,100:113",1851
men_rt,train,BraTS-MEN-RT-0430-1,men-0430,1,512x512x309,0.74x0.74x1.00,1470.0,0.28503982148895757,b43d2096a1427ebae8763cafb6230cc7,5264ea7d34e042e05865a14cde1517ba,True,,,,,81002496,3303,"241.5,236.3,137.9","224:253,203:262,131:150",3303
men_rt,train,BraTS-MEN-RT-0431-1,men-0431,1,256x256x124,1.02x1.02x1.50,7964.0,0.28808483000724544,268107e8b09b1132b301c73ca5c4c71a,9a0355725c2123dece71b275ac050fb2,True,,,,,8126464,2984,"96.7,74.5,59.6","86:110,64:85,53:66",2984
men_rt,train,BraTS-MEN-RT-0433-1,men-0433,1,512x512x136,0.51x0.51x1.40,15140.0,0.8391844805549172,05c8f2d825df897b14f6966c4506f408,0dce4dde0ae56240279f8ecafc77c1ee,True,,,,,35651584,2372,"218.7,305.9,77.5","163:246,168:356,69:96",2372
men_rt,train,BraTS-MEN-RT-0434-1,men-0434,1,512x512x136,0.51x0.51x1.40,17263.0,0.8273051486295813,f2c568b1d282ef29b223d588a9a255ff,8aa5428a95387c5265818cbc8b8dfb78,True,,,,,35651584,7256,"241.2,267.5,51.9","225:258,244:299,44:57",7256
men_rt,train,BraTS-MEN-RT-0435-1,men-0435,1,512x512x124,0.51x0.51x1.50,515.0,0.5942081635998141,a2366248d261f04ce4a0b2a93d23a26b,1fd90ccd498172cdd2df592234f067c4,True,,,,,32505856,86291,"214.0,220.5,40.3","159:267,180:267,29:51",86291
men_rt,train,BraTS-MEN-RT-0436-1,men-0436,1,256x256x128,1.02x1.02x1.40,205.0,0.798267126083374,6defea040bc8a1e8a9842a9c3fe8db93,c0b96afff373204459761e0f55e8adf0,True,,,,,8388608,1319,"108.5,106.5,31.0","100:116,98:113,27:36",1319
men_rt,train,BraTS-MEN-RT-0438-1,men-0438,1,256x256x124,1.02x1.02x1.50,6409.0,0.554978770594443,32f0cd8522e9a71846acec024d831fe0,a511e1f77782b331e9b19e4de252feed,True,,,,,8126464,41748,"148.9,146.8,87.3","125:177,120:177,73:102",41748
men_rt,train,BraTS-MEN-RT-0439-1,men-0439,1,704x704x168,0.37x0.37x1.10,1599.0,0.8662911167017169,bad873a10bebd12a9238ac4f873410c3,4a3e65f74311c3d3caa60865dbf9dd02,True,,,,,83263488,21091,"415.3,174.0,111.2","390:447,136:237,94:125",21091
men_rt,train,BraTS-MEN-RT-0440-1,men-0440,1,256x256x134,1.02x1.02x1.40,246.0,0.7845318922355994,cd63c2dfec9670923cb44aa6ebaa31b5,510b7dc34e501289c444c3be8ae18fa8,True,,,,,8781824,20553,"100.0,123.1,46.1","57:129,52:163,34:105",20553
men_rt,train,BraTS-MEN-RT-0441-1,men-0441,1,704x704x168,0.37x0.37x1.10,1437.0,0.853993205281047,4de79860fc194a3d28a123355ec6a681,601958498d3871bcd44910fa99dbde04,True,,,,,83263488,10694,"226.8,499.3,83.9","200:251,474:528,78:90",10694
men_rt,train,BraTS-MEN-RT-0442-1,men-0442,1,672x672x170,0.37x0.37x1.10,1986.0,0.8310917596205148,22b6a31ed8ed31d37364ab64c45a4d9c,de800ef8d1e0a4b23465b0cd1638e536,True,,,,,76769280,3692,"326.0,392.0,72.5","311:341,376:408,69:77",3692
men_rt,train,BraTS-MEN-RT-0443-1,men-0443,1,512x512x323,0.74x0.74x1.00,1733.0,0.28893970926479656,ce02f803d50d5cf0e981b9fb7d4b39fe,283a4498f441a9689cc3d5b500281eb0,True,,,,,84672512,27436,"246.6,215.0,110.2","210:266,193:241,90:125",27436
men_rt,train,BraTS-MEN-RT-0444-1,men-0444,1,672x672x198,0.37x0.37x1.10,1238.0,0.8806570456728566,8c66f1793f553a817a04b125279d5bcf,e609335118d22cac28ed3f1b3289a78a,True,,,,,89413632,7706,"370.3,351.5,65.2","352:397,333:374,58:72",7706
men_rt,train,BraTS-MEN-RT-0445-1,men-0445,1,512x512x255,0.51x0.51x1.02,5614.0,0.542168067483341,8a29be73a93ba04e1a4c0f06523af9fb,d5e023d9b3efc28aed838cb8aff3670b,True,,,,,66846720,37536,"226.4,287.0,195.7","180:267,236:357,178:205",37536
men_rt,train,BraTS-MEN-RT-0447-1,men-0447,1,704x704x194,0.36x0.36x1.10,2750.0,0.8631944788815551,15b4116230d1018ec582689d557ce332,1905e4edf557e86847128a25712b6d85,True,,,,,96149504,40973,"305.5,423.1,86.6","271:343,389:466,77:96",40973
men_rt,train,BraTS-MEN-RT-0448-1,men-0448,1,512x512x120,0.51x0.51x1.50,13316.0,0.6257620811462402,7bc1a52a83c910d5e76e94e3c50d21c1,77f8c29f3baaeab054f5aabe2f49ed74,True,,,,,31457280,60436,"309.7,269.6,85.6","275:355,236:313,73:98",60436
men_rt,train,BraTS-MEN-RT-0449-1,men-0449,1,256x256x124,1.02x1.02x1.40,179.0,0.8167458811113911,6f270413699784c2a51d066791951e5f,3d99f0dd177bc0b16d9903a75dd10b0d,True,,,,,8126464,8724,"87.6,151.9,78.9","74:102,131:169,70:89",8724
men_rt,train,BraTS-MEN-RT-0450-1,men-0450,1,256x256x124,1.02x1.02x1.50,588.0,0.5757843755906628,ddca99b6e4cc6a8039ab94bd358401c0,d05e037759ae2fdc43c2856f8757d560,True,,,,,8126464,59684,"115.7,138.7,90.3","86:142,103:175,73:106",59684
men_rt,train,BraTS-MEN-RT-0451-1,men-0451,1,256x256x75,1.02x1.02x2.00,1823.0,0.9157421875,7f177c5cbcb5d626a50bea289d7fc333,883b255d67deed11da15199d574cab11,True,,,,,4915200,2067,"93.3,166.0,48.9","77:107,154:177,43:54",2067
men_rt,train,BraTS-MEN-RT-0452-1,men-0452,1,256x256x102,0.86x0.86x1.50,481.0,0.6082652970856312,2948c29db5e3605dd664e2b8d9627d44,8250748b39bef57f3c486b7817513144,True,,,,,6684672,7325,"184.9,172.1,47.9","172:197,157:190,39:57",7325
men_rt,train,BraTS-MEN-RT-0453-1,men-0453,1,256x256x124,1.02x1.02x1.40,194.0,0.7965187564972909,09916baeb811cc4257fd506c7b63fa5d,ee9b4ce05b56657ce49d85265f8c6a5d,True,,,,,8126464,1297,"149.5,111.3,39.1","141:159,105:121,32:45",1297
men_rt,train,BraTS-MEN-RT-0454-1,men-0454,1,672x672x203,0.37x0.37x1.10,1546.0,0.8600472259922031,b6d3614d2fb96407c18fe92394759770,6b50de8362e63c2bd39a61c40d45386a,True,,,,,91671552,44434,"356.9,395.3,85.9","327:390,364:434,73:97",44434
men_rt,train,BraTS-MEN-RT-0455-1,men-0455,1,256x256x124,1.02x1.02x1.40,191.0,0.7543805030084425,91cc36fa7cb09325b64c2c8773459d14,90a87c871a34377999cfac1c652aacbd,True,,,,,8126464,1261,"92.2,119.5,96.7","48:119,69:161,69:107",1261
men_rt,train,BraTS-MEN-RT-0456-1,men-0456,1,512x512x120,0.51x0.51x1.50,20634.0,0.6507711092631022,e5eea9645da293a582e8a4bb9623a423,eaa75ecdd5a607d5415806e6087eb1bc,True,,,,,31457280,4611,"224.7,242.4,38.5","208:240,228:258,34:43",4611
men_rt,train,BraTS-MEN-RT-0457-1,men-0457,1,672x672x170,0.37x0.37x1.10,2038.0,0.8724188373265973,3af4a8edde9210b2339251f1a41f89ad,0d0bb3f6d98f004c0ecf606effbfcd01,True,,,,,76769280,5241,"329.6,494.7,73.6","314:347,475:514,70:78",5241
men_rt,train,BraTS-MEN-RT-0458-1,men-0458,1,256x256x172,0.94x0.94x1.00,3124.0,0.7447838894156522,121d98091ef17a728634ebfa55e3d4f3,f38b1ee4c69ae3fc715a7657c6925fd4,True,,,,,11272192,121622,"135.8,144.3,103.0","87:170,82:188,41:144",121622
men_rt,train,BraTS-MEN-RT-0459-1,men-0459,1,704x704x168,0.37x0.37x1.10,1111.0,0.8371859824080394,485752db22c08e4c265b975ef3d5ed91,c9cada4b241b9cc1569ff9dcedd7ad65,True,,,,,83263488,496,"367.4,448.6,74.8","362:374,441:457,72:77",496
men_rt,train,BraTS-MEN-RT-0460-1,men-0460,1,256x256x172,0.94x0.94x1.00,3096.0,0.6893829523130904,13f6cda5c0ee1bd96d9f363c1dc126e2,293f81f992cfdb287a000dd681ae22bf,True,,,,,11272192,15504,"177.2,125.0,79.6","162:190,107:142,63:99",15504
men_rt,train,BraTS-MEN-RT-0462-1,men-0462,1,256x256x82,1.02x1.02x2.00,1690.0,0.8825212804282584,2f3912d8b1d41a5a8a00e4387af71d61,be18897b35037a7521ab253bc87e9830,True,,,,,5373952,367,"122.9,179.3,60.3","116:129,175:184,58:62",367
men_rt,train,BraTS-MEN-RT-0463-1,men-0463,1,512x512x136,0.51x0.51x1.40,8414.0,0.8330258201150333,9c4b5b10a51a3dd140e1abd3aa964b9e,46804f9b4808aea39445aec2d561d9a6,True,,,,,35651584,9104,"277.8,228.7,26.4","265:289,208:249,14:34",9104
men_rt,train,BraTS-MEN-RT-0464-1,men-0464,1,256x256x84,1.02x1.02x2.00,1892.0,0.8769028073265439,b3c043a15702e3742510e6a75224e702,57b20448c98522a0dc8f852ee8bdd132,True,,,,,5505024,932,"138.5,162.8,66.1","134:145,153:173,63:70",932
men_rt,train,BraTS-MEN-RT-0465-1,men-0465,1,256x256x80,1.02x1.02x2.00,1807.0,0.8920913696289062,3ac6fc5a8b57018e12b63519ff408c0c,193f8e2410b42b45aa8fed6c9cc3ad99,True,,,,,5242880,2070,"148.9,142.9,67.2","132:167,129:160,64:72",2070
men_rt,train,BraTS-MEN-RT-0466-1,men-0466,1,288x288x171,0.94x0.94x1.00,1082.0,0.8450394629674752,a861f69a8ba016f925688171c99066f0,566321ff7562bfaa75c1f874428e47b6,True,,,,,14183424,613,"170.1,117.2,146.2","164:176,109:125,142:150",613
men_rt,train,BraTS-MEN-RT-0467-1,men-0467,1,320x320x185,0.81x0.81x1.00,1540.0,0.8444417229729729,1b8d2b5006e4b418314cc0e9d0284e87,32b8b63fa8e5653c5a6b2a8b681bb04e,True,,,,,18944000,264,"192.2,157.2,60.8","188:199,153:163,58:64",264
men_rt,train,BraTS-MEN-RT-0468-1,men-0468,1,512x512x136,0.51x0.51x1.40,9065.0,0.8379571858574363,1ecefd0523febfaa3ff07aa09b450066,a1bdfcc5b066a89f91669e19668d9967,True,,,,,35651584,3637,"141.0,233.1,66.5","124:157,222:246,61:74",3637
men_rt,train,BraTS-MEN-RT-0469-1,men-0469,1,340x572x512,0.50x0.49x0.49,5000.0,0.5231376720131891,6196285d05dc27237c4d943144f99ade,875ebe23fd5e791b8b37ab12ebf11813,True,,,,,99573760,22356,"186.9,352.7,242.4","166:214,324:374,230:261",22356
men_rt,train,BraTS-MEN-RT-0470-1,men-0470,1,256x256x162,0.94x0.94x1.00,10396.0,0.7477218251169464,b94a4fbf5219d7441d177430c1c4b1c9,de9a062910c2cf6eed058665479989e4,True,,,,,10616832,30724,"92.4,136.3,60.4","69:114,116:155,46:77",30724
men_rt,train,BraTS-MEN-RT-0471-1,men-0471,1,672x672x170,0.37x0.37x1.10,1552.0,0.8477953290691277,4ba0cea83c5d3f5b0378360cbf7ffa1f,ac50a7fccc66b76c28df484aabc55bda,True,,,,,76769280,58267,"423.3,417.9,63.1","367:501,346:449,52:76",58267
men_rt,train,BraTS-MEN-RT-0473-1,men-0473,1,512x512x136,0.51x0.51x1.40,17044.0,0.852104523602654,57904b8ec7183f5feeef81617d8bc7c9,fa68e6ccfae166c54a504ca6673a7ba8,True,,,,,35651584,6026,"237.7,312.7,51.9","222:260,293:340,46:57",6026
men_rt,train,BraTS-MEN-RT-0475-1,men-0475,1,704x704x168,0.37x0.37x1.10,1581.0,0.8677931796467618,1d208d1f6a6d607e5c0b30e802e36e2b,ceb5ef81e755266a903747c525837569,True,,,,,83263488,3762,"333.2,382.9,51.0","318:348,370:396,45:56",3762
men_rt,train,BraTS-MEN-RT-0476-1,men-0476,1,256x256x172,1.05x1.05x1.00,2890.0,0.6277155321697856,21bd75c1134781898906b6f7c23d66b3,8a26b3c51af62455ace7d710694f0830,True,,,,,11272192,8210,"122.3,83.1,30.3","107:134,69:97,14:44",8210
men_rt,train,BraTS-MEN-RT-0478-1,men-0478,1,512x512x240,0.74x0.74x1.00,1985.0,0.3577544848124186,8568a1f8afb083fa72e782c921ae068d,8215750fe338e1da32dda87cca4b8db7,True,,,,,62914560,1352,"226.9,251.4,106.6","220:234,244:259,101:111",1352
men_rt,train,BraTS-MEN-RT-0479-1,men-0479,1,160x256x256,1.00x0.98x0.98,552.0,0.7664324760437011,c5fa485d4989f42700419591bf0a3f58,47c40174d41902f3f4719c1e62824cba,True,,,,,10485760,58713,"99.0,184.7,149.4","65:130,151:213,116:182",58713
men_rt,train,BraTS-MEN-RT-0481-1,men-0481,1,256x256x124,1.02x1.02x1.50,2807.0,0.3699703831826487,8ce7fb91c609f7404db6fc528cb516d0,890b73ea518a9697fc482212bb280d68,True,,,,,8126464,34040,"122.7,118.9,91.3","97:150,90:147,77:106",34040
men_rt,train,BraTS-MEN-RT-0482-1,men-0482,1,672x672x160,0.37x0.37x1.10,2312.0,0.8304004487537202,f7b981fd9c2d613705356a5b586f54d4,92cc8dcb627df8f832b3bb46aa94a8d6,True,,,,,72253440,19508,"353.9,174.6,118.1","328:381,151:199,110:125",19508
men_rt,train,BraTS-MEN-RT-0483-1,men-0483,1,512x512x136,0.51x0.51x1.40,15975.0,0.8397380043478573,e6453e080ddc17b6f9401726280fa8f3,9811e9ab96217437af0ae1a162b1356a,True,,,,,35651584,16856,"218.4,244.1,41.3","191:249,206:300,32:49",16856
men_rt,train,BraTS-MEN-RT-0484-1,men-0484,1,256x256x124,1.02x1.02x1.50,922.0,0.5729190457251764,58f745a1f442ad5dbaca766f9dbd80b2,83616e4cf3f4d72235bce7f3b0b4bf10,True,,,,,8126464,22262,"135.0,76.9,32.8","112:165,56:100,21:49",22262
men_rt,train,BraTS-MEN-RT-0485-1,men-0485,1,256x256x180,0.98x0.98x1.00,4362.0,0.6996493021647135,3f809d1d30f114fada4931955993f491,366b15e168759e64a1ab0d8151e794d9,True,,,,,11796480,55332,"143.9,58.5,123.7","116:173,34:80,101:149",55332
men_rt,train,BraTS-MEN-RT-0486-1,men-0486,1,256x256x124,1.02x1.02x1.50,481.0,0.601118395405431,551a03436016a15d87f4eb0ec1f73bc4,b17db0f3254c904c6e845883341e3fbd,True,,,,,8126464,27369,"151.9,97.6,34.5","132:177,79:119,19:49",27369
men_rt,train,BraTS-MEN-RT-0488-1,men-0488,1,288x288x164,0.97x0.97x1.00,1262.0,0.8904022520042909,423ef87f5d3f07c25a4cd35fbd5db7d5,0d516f9470e4a16c604778aa83eff78f,True,,,,,13602816,20048,"125.1,75.1,89.8","95:156,53:97,64:120",20048
men_rt,train,BraTS-MEN-RT-0489-1,men-0489,1,256x256x172,0.94x0.94x1.00,3533.0,0.7257222020348837,64a6226e9b2d758a84c60f91a1564f47,3fc389b36e0b69bb757b1cc3d47d5e1f,True,,,,,11272192,5147,"91.8,108.2,140.2","79:103,97:122,129:152",5147
men_rt,train,BraTS-MEN-RT-0490-1,men-0490,1,256x256x124,1.02x1.02x1.50,5871.0,0.49141200896232357,4eb85606b66869d1936c82a9e067cf94,8323232471343312461adc0c12f54295,True,,,,,8126464,20885,"127.4,102.5,61.3","110:145,82:119,47:77",20885
men_rt,train,BraTS-MEN-RT-0491-1,men-0491,1,512x512x232,0.50x0.50x0.80,6246.0,0.6423744497628048,73523da0f70e21d8ef290c5f2058be76,9bc0110a42279c909cc53a76336ed91c,True,,,,,60817408,233958,"198.0,154.0,33.4","147:249,104:227,2:63",233958
men_rt,train,BraTS-MEN-RT-0493-1,men-0493,1,256x256x176,1.02x1.02x1.00,1342.0,0.7828005010431464,b0784c6d9d9f144411f5ba66a015b144,fa9942e0b6fa752a900a3acf9ef89dd6,True,,,,,11534336,22330,"146.8,156.9,64.4","78:171,116:193,47:134",22330
men_rt,train,BraTS-MEN-RT-0495-1,men-0495,1,256x256x176,0.90x0.90x1.00,1779.0,0.8384341326626864,d3e219c393d74ef6f805c1def8af6921,fabd1b2eadb05289231346677a7e6636,True,,,,,11534336,15327,"141.2,138.4,58.2","123:157,112:161,43:71",15327
men_rt,train,BraTS-MEN-RT-0497-1,men-0497,1,512x512x136,0.51x0.51x1.40,8102.0,0.8282300444210277,0b8f96c31d72e16aea48390bd2a70b4e,15205e26ef8fb518f78edb3e682908e2,True,,,,,35651584,8541,"222.4,252.7,47.7","200:245,229:282,40:56",8541
men_rt,train,BraTS-MEN-RT-0498-1,men-0498,1,512x512x136,0.51x0.51x1.40,18810.0,0.8240452093236587,4e299592afa07c65cd6386dd205f2ed8,7df08f94f82fe0edd2870112a399689f,True,,,,,35651584,1330,"212.6,231.6,54.0","200:220,220:248,51:56",1330
men_rt,train,BraTS-MEN-RT-0500-1,men-0500,1,704x704x168,0.37x0.37x1.10,1965.0,0.858191227828457,64cf582aab6353132d61975cea4f2a68,229fa6d971621d4242108553499ec872,True,,,,,83263488,52577,"328.4,395.8,63.1","284:378,348:451,52:73",52577
men_rt,train,BraTS-MEN-RT-0501-1,men-0501,1,256x256x124,1.02x1.02x1.50,921.0,0.5646134653399068,c90d37ae1be0442ac52d07ef884e5237,9f9ebd1017607a225585844bc8bcf888,True,,,,,8126464,18673,"118.7,67.3,85.6","93:139,43:90,72:101",18673
men_rt,train,BraTS-MEN-RT-0502-1,men-0502,1,256x256x106,1.02x1.02x1.50,223.0,0.6161660248378538,58d7ee68aba829343a86223a78f2f453,1f8a05849d5dacfd8a8231e1e79ceabf,True,,,,,6946816,22285,"97.2,152.3,59.7","76:117,132:175,47:76",22285
men_rt,train,BraTS-MEN-RT-0503-1,men-0503,1,256x256x124,1.02x1.02x1.50,1403.0,0.5603353438838836,2dc26ee470a6a347beffeaab8da89d23,149d866d4fb1f6d07a04ff85e4974b5e,True,,,,,8126464,30215,"109.9,121.7,55.7","86:134,96:148,42:68",30215
men_rt,train,BraTS-MEN-RT-0505-1,men-0505,1,512x512x136,0.51x0.51x1.40,16203.0,0.8349259881412282,43fd3a612f2dff1cdb4eef5f12ffeb32,177e71f25869ffc1a8f617a30c96b61e,True,,,,,35651584,319,"229.5,315.8,57.9","220:241,309:321,57:59",319
men_rt,train,BraTS-MEN-RT-0506-1,men-0506,1,256x256x124,1.02x1.02x1.40,233.0,0.7394540848270539,7565ba904eb2056dc0a6191048fcf209,4e0e46e04fdb07ea50b3ef115532d13c,True,,,,,8126464,1875,"142.7,127.3,50.1","134:152,115:143,47:54",1875
men_rt,train,BraTS-MEN-RT-0507-1,men-0507,1,256x256x176,1.02x1.02x1.00,3232.0,0.8864466927268289,93aa2a452ce4fbc590c7c8268bf5ec53,cadf8420b9f2e7eaa1d6f5db329f8abf,True,,,,,11534336,4298,"139.8,132.1,50.6","111:152,113:152,40:59",4298
men_rt,train,BraTS-MEN-RT-0508-1,men-0508,1,288x288x196,0.87x0.87x1.00,1481.0,0.8617726097962333,d89920bb151f194127e33856954916e6,bbfb75b9621c186a8c506e4c04877464,True,,,,,16257024,2492,"191.7,180.4,73.4","176:204,174:187,65:81",2492
men_rt,train,BraTS-MEN-RT-0509-1,men-0509,1,704x704x208,0.36x0.36x1.10,1282.0,0.8675115916354597,364992ce9e6db5bdddadf2483b2ae777,67280db34051ffe2fdacd183ee4e6937,True,,,,,103088128,9865,"358.9,232.1,63.4","339:377,209:255,56:69",9865
men_rt,train,BraTS-MEN-RT-0510-1,men-0510,1,288x288x175,0.97x0.97x1.00,1831.0,0.8617136518959435,fea91fffab5a9fa4158bfe13f6b8954c,8253f67c1bfd33a2b18182b112fe44f0,True,,,,,14515200,4204,"105.2,115.9,45.8","91:117,105:128,37:55",4204
men_rt,train,BraTS-MEN-RT-0513-1,men-0513,1,512x512x325,0.74x0.74x1.00,11535.0,0.199568845308744,8fd05127a6d556fadf1544a481ed60fe,1817e8b470e54a0178e5ac1488363317,True,,,,,85196800,6431,"277.1,288.9,127.0","257:295,279:299,113:142",6431
men_rt,train,BraTS-MEN-RT-0514-1,men-0514,1,256x256x124,1.02x1.02x1.50,7475.0,0.4686174700337072,dea646b3bd5180fe2bc3f9650a320ef7,4c8b55a4e5a3ab49e93fb3d9f006df7a,True,,,,,8126464,10197,"111.3,107.3,32.8","96:126,92:122,22:43",10197
men_rt,train,BraTS-MEN-RT-0516-1,men-0516,1,672x672x170,0.37x0.37x1.10,2533.0,0.8623315732543018,abf4718eed07db4a6695d200d15c7b12,359b3bb0670b1eff700ff99d77c3d0f1,True,,,,,76769280,10882,"364.8,383.9,64.4","342:382,347:422,59:69",10882
men_rt,train,BraTS-MEN-RT-0517-1,men-0517,1,256x256x102,1.02x1.02x1.50,575.0,0.6020085951861214,afffc68e289e74d8865163b661033b25,4023b4e3d9954913ece25a6294225a92,True,,,,,6684672,2994,"111.7,108.3,86.6","99:125,96:120,81:91",2994
men_rt,train,BraTS-MEN-RT-0519-1,men-0519,1,512x512x136,0.51x0.51x1.40,7905.0,0.8138362099142635,fca83c10f7f98fd94ddcab34b12c42bc,02394971c1a08982817eae53b4dc4f88,True,,,,,35651584,1046,"204.9,229.7,44.8","196:213,220:238,42:48",1046
men_rt,train,BraTS-MEN-RT-0520-1,men-0520,1,512x512x203,0.74x0.74x0.99,1651.0,0.4223785776222868,dfd49a3e8242d6a7877e0ece6ec42b2c,645204b5989e7027c3d316e9020fedb9,True,,,,,53215232,10277,"230.9,342.1,64.4","216:244,299:375,56:72",10277
men_rt,train,BraTS-MEN-RT-0522-1,men-0522,1,512x512x214,0.74x0.74x1.00,8764.0,0.21028126511618356,1bb178695d5d38b5f0bb35621bac453b,b586ac7d47777a102dc546dd2fa5f2a0,True,,,,,56098816,88631,"283.8,275.7,155.6","217:337,178:353,118:181",88631
men_rt,train,BraTS-MEN-RT-0523-1,men-0523,1,256x256x124,1.02x1.02x1.50,454.0,0.5821700557585685,700e8a5ad61bbc661b7aacc8615a9718,dfbee30db1d688ae34550a6b2684a63e,True,,,,,8126464,25816,"133.2,107.0,97.5","111:163,77:140,85:108",25816
men_rt,train,BraTS-MEN-RT-0524-1,men-0524,1,256x256x75,1.02x1.02x2.00,1810.0,0.8695145670572917,81514db6624e10969297f7e9321b838a,b7775c4baa075972565c584df0a9e9e1,True,,,,,4915200,2733,"116.0,109.1,23.9","101:126,97:126,19:30",2733
men_rt,train,BraTS-MEN-RT-0525-1,men-0525,1,800x800x175,0.34x0.34x1.10,1057.0,0.8436714910714286,30312c8f92136dc5ce5dbae23de03df2,90c65ea0724bac21b90e6579b2ef0025,True,,,,,112000000,20113,"521.3,264.1,43.2","494:548,240:290,36:51",20113
men_rt,train,BraTS-MEN-RT-0526-1,men-0526,1,256x256x108,1.02x1.02x1.50,402.0,0.5838443614818432,6acd615820b51450dca3285e30ca3015,eb3a10bdb6dac8a07d9ca93ea12c7304,True,,,,,7077888,11430,"99.8,129.6,45.6","79:118,109:146,36:55",11430
men_rt,train,BraTS-MEN-RT-0528-1,men-0528,1,256x256x124,1.02x1.02x1.50,353.0,0.5828952174032888,cfcf358217c7d472ae1006a40e9ce05a,86b5db9122e76180f3130e4bf2ddcc5a,True,,,,,8126464,1352,"162.0,100.7,98.4","155:169,92:108,92:104",1352
men_rt,train,BraTS-MEN-RT-0529-1,men-0529,1,256x256x124,1.02x1.02x1.50,655.0,0.549728762718939,58651cde614e43837c6fea6c2c48fa81,2b53f1eb9233c930d1a6325ad69468c3,True,,,,,8126464,28406,"155.2,94.8,34.9","135:180,73:119,20:50",28406
men_rt,train,BraTS-MEN-RT-0531-1,men-0531,1,256x256x172,1.02x1.02x1.00,3560.0,0.7109471698139989,533ffea19cce32941ccf97afcb39df19,14b48550a109d4ead423dc18ba634931,True,,,,,11272192,45035,"95.0,100.9,134.7","72:128,72:129,113:156",45035
men_rt,train,BraTS-MEN-RT-0532-1,men-0532,1,256x256x172,0.98x0.98x1.00,2256.0,0.6859556686046512,7bb154decce0c0bfb4631115f2481969,a4e9937128d4f44db99d4b52f8a75ca2,True,,,,,11272192,4416,"139.8,178.7,79.0","131:149,169:190,63:91",4416
men_rt,train,BraTS-MEN-RT-0533-1,men-0533,1,256x256x176,1.02x1.02x1.00,2041.0,0.7879207784479315,d88c4db12200d242ec211f2bbff71377,eb374c9093d50feff2d74667cf98f110,True,,,,,11534336,2755,"156.4,136.0,49.7","148:165,121:148,42:59",2755
men_rt,train,BraTS-MEN-RT-0534-1,men-0534,1,256x256x124,1.02x1.02x1.50,844.0,0.5894041984311996,3f098965ce5533ae2c8dd6dc1c23e181,f8f5b3bfe8058043ccaa366d9cdabd8c,True,,,,,8126464,15013,"108.0,160.8,58.6","81:129,143:183,49:71",15013
men_rt,train,BraTS-MEN-RT-0536-1,men-0536,1,256x256x172,0.94x0.94x1.00,2509.0,0.6668748190236646,3bd1fa368f96bc867b2ebfeca606d35f,8acec6c36dfac84a85cc112c7409d51c,True,,,,,11272192,21564,"116.6,156.1,113.3","100:139,138:173,96:131",21564
men_rt,train,BraTS-MEN-RT-0537-1,men-0537,1,512x512x300,0.74x0.74x1.00,1821.0,0.308400026957194,ad1113f91c922203adc0f2646768767d,6eba603b69503e03ca422550793af573,True,,,,,78643200,96708,"263.9,190.1,211.0","193:316,129:262,177:236",96708
men_rt,train,BraTS-MEN-RT-0539-1,men-0539,1,512x512x300,0.74x0.74x1.00,1403.0,0.2711234410603841,f9f7919bd45ef4fe840b86b7ab91cf35,3e532e3b5c729e96b89c302df79b8a29,True,,,,,78643200,241238,"194.3,252.7,221.2","162:236,172:318,181:263",241238
men_rt,train,BraTS-MEN-RT-0542-1,men-0542,1,256x256x124,1.02x1.02x1.50,660.0,0.5362822009671119,ae1734127060d045693de84d5d2116d8,cc714d18a9a79bd67f22c806550c2922,True,,,,,8126464,16964,"127.9,107.1,38.7","109:148,89:124,18:53",16964
men_rt,train,BraTS-MEN-RT-0543-1,men-0543,1,512x512x136,0.51x0.51x1.40,6674.0,0.8248694083269905,94b3e53d60052d8e4696a24a1ffe4098,04c854287fd01c13e4e679a481cad221,True,,,,,35651584,1842,"211.1,305.6,68.0","199:223,296:317,65:71",1842
men_rt,train,BraTS-MEN-RT-0544-1,men-0544,1,256x256x124,1.02x1.02x1.50,423.0,0.5970572194745464,bcfd0ab880b6a7f87f68f6b9d51f157d,f845bd495e26570c16f703e703302dcb,True,,,,,8126464,30719,"164.5,126.0,58.7","145:185,98:152,45:74",30719
men_rt,train,BraTS-MEN-RT-0545-1,men-0545,1,256x256x124,1.02x1.02x1.50,439.0,0.5761936556908392,1255256e50aa6547cac126df09ae8ab5,4e9937f93101b7152b6677f4d1bfaed1,True,,,,,8126464,16020,"122.2,142.7,54.3","105:141,122:167,45:65",16020
men_rt,train,BraTS-MEN-RT-0546-1,men-0546,1,256x256x180,0.94x0.94x1.00,1641.0,0.6204481336805555,e4683834678affc33ebae1f6a302360b,3643e7eb7cd5410e206296f188c41e7a,True,,,,,11796480,78215,"108.4,86.0,141.1","81:132,56:116,118:164",78215
men_rt,train,BraTS-MEN-RT-0547-1,men-0547,1,256x256x124,1.00x1.00x1.00,245.0,0.8048014486989667,eb48e74481030b64ad2753abc7f2aa30,b80546c89227a837cce31e09a310019e,True,,,,,8126464,3590,"105.2,81.3,99.9","86:119,67:95,94:106",3590
men_rt,train,BraTS-MEN-RT-0548-1,men-0548,1,288x288x192,0.90x0.90x0.94,1745.0,0.8291427549511317,4855073f3f1ce4a4f8bbf4b125450fac,28ce351a5a52229404417043e527c1a1,True,,,,,15925248,37787,"163.2,140.0,64.4","128:186,109:173,44:84",37787
men_rt,train,BraTS-MEN-RT-0549-1,men-0549,1,256x256x85,1.02x1.02x2.00,1732.0,0.9130114387063419,e7dbc1b14c4d695b4bee75cc2d07da7d,facdfca99dc6847ad2595811dc11b002,True,,,,,5570560,1566,"139.6,146.9,26.9","130:150,137:158,22:32",1566
men_rt,train,BraTS-MEN-RT-0550-1,men-0550,1,512x512x180,0.50x0.50x1.00,3514.0,0.8436796188354492,ac35a3fb91fe51676105e9453e2ec120,5e77c0eb51c3d8993d4db58bc48b8cc9,True,,,,,47185920,13575,"159.2,185.9,67.9","143:341,154:324,49:77",13575
men_rt,train,BraTS-MEN-RT-0551-1,men-0551,1,256x256x172,0.94x0.94x1.00,1962.0,0.6412943462992824,a3cd9b454360ca4ed57d7f069d0e742c,4e750fc59b333ce9244160cca66580d1,True,,,,,11272192,6247,"173.7,136.4,105.9","164:184,124:148,92:118",6247
men_rt,train,BraTS-MEN-RT-0553-1,men-0553,1,256x256x124,1.02x1.02x1.50,4628.0,0.38059874503843244,c2a41e58e870e6eb1e1525abce623a6c,2a649cdc0df741d964d43faf81238314,True,,,,,8126464,29648,"139.5,95.6,85.6","119:163,69:120,72:98",29648
men_rt,train,BraTS-MEN-RT-0554-1,men-0554,1,256x256x124,1.02x1.02x1.50,5451.0,0.4520044634419103,3ba08b944d00e0a72609cedf8ab64b2e,0f5dc418f2083ff78ebe33354e18cd91,True,,,,,8126464,24652,"116.6,96.0,98.0","89:138,63:128,88:107",24652
men_rt,train,BraTS-MEN-RT-0555-1,men-0555,1,256x256x124,1.02x1.02x1.50,9621.0,0.330703366187311,543f260b2ef1dffcf0089e448c7808a5,8414aa93f25562f9115b2def3c88bb71,True,,,,,8126464,4123,"115.7,157.6,90.8","103:127,145:171,84:98",4123
men_rt,train,BraTS-MEN-RT-0557-1,men-0557,1,256x256x124,1.02x1.02x1.40,263.0,0.8054522852743825,a762fda3c12b34389e0bf6f24d00d75d,10f744d75154aeb18d3f99a4283cf783,True,,,,,8126464,3219,"104.0,188.0,60.8","78:117,145:206,45:90",3219
men_rt,train,BraTS-MEN-RT-0558-1,men-0558,1,288x288x198,0.87x0.87x1.00,881.0,0.8509788032719167,865d395aee49f1346aab7f3cc3858237,cd83db934d0a890307ce763fbef9faeb,True,,,,,16422912,2291,"143.8,127.8,52.6","134:154,119:139,46:60",2291
men_rt,train,BraTS-MEN-RT-0559-1,men-0559,1,512x512x203,0.74x0.74x0.99,1780.0,0.4148435733588458,14e1e8979a8d72748d684015ae7936be,f317c504bdfd0e2385215b237544afc2,True,,,,,53215232,21082,"276.7,286.5,77.4","258:294,252:318,60:93",21082
men_rt,train,BraTS-MEN-RT-0560-1,men-0560,1,256x256x176,0.94x0.94x0.90,1608.0,0.8127587058327415,553be5124f9c12e0a5983b274103b439,3270d8d745d536e0a82814961242ccdf,True,,,,,11534336,25296,"136.7,136.0,64.1","114:157,109:159,49:84",25296
men_rt,train,BraTS-MEN-RT-0561-1,men-0561,1,288x288x164,0.94x0.94x1.00,998.0,0.8572211077471018,34de1d89c281e4b843c0a018b1643ec0,7d87b46d3b09353d53514984b6de3b2a,True,,,,,13602816,8274,"134.5,86.6,101.7","122:146,74:97,87:115",8274
men_rt,train,BraTS-MEN-RT-0562-1,men-0562,1,256x256x124,1.02x1.02x1.40,190.0,0.7898894279233871,e7e27ed2965e50f2f281d446afebf25d,423be29ad43097ae1bd8ca6d06746d88,True,,,,,8126464,479,"149.4,147.9,36.5","142:157,138:158,34:39",479
men_rt,train,BraTS-MEN-RT-0564-1,men-0564,1,256x256x124,1.02x1.02x1.50,783.0,0.5575076687720514,0dd45cd608fafed9e57b9508bc8d198d,d09bae5a54d7ee86f5b43eea7de1e30d,True,,,,,8126464,8947,"101.0,111.9,93.4","81:133,74:133,86:100",8947
men_rt,train,BraTS-MEN-RT-0565-1,men-0565,1,288x288x183,0.97x0.97x1.00,869.0,0.8537713113699993,47904e4bd6c56743ef79174fdd87212a,242c2aa76b460f1c03896e238621b085,True,,,,,15178752,1819,"137.0,171.9,81.8","128:144,163:180,76:88",1819
men_rt,train,BraTS-MEN-RT-0566-1,men-0566,1,704x704x168,0.37x0.37x1.10,1543.0,0.8362941148946342,e0f2f16a52b66b589b77e500b8cd437c,980feee1c98ed56c8b3d29207107e240,True,,,,,83263488,9816,"379.6,414.1,81.2","357:403,390:435,78:86",9816
men_rt,train,BraTS-MEN-RT-0567-1,men-0567,1,512x512x136,0.51x0.51x1.40,9176.0,0.8565536667318905,062f266c666e92cebd72c5cc54bf7683,91e136b44f6e1901354aed44c80ea731,True,,,,,35651584,17819,"266.8,145.4,98.9","239:295,121:168,84:109",17819
men_rt,train,BraTS-MEN-RT-0568-1,men-0568,1,256x256x192,1.02x1.02x1.00,4095.0,0.8411621252695719,78f15c4691fe9be3c85ebae4fa7c15af,33f440feb83596409826c7a981a707b0,True,,,,,12582912,1987,"114.1,147.4,80.2","98:124,120:162,62:91",1987
men_rt,train,BraTS-MEN-RT-0569-1,men-0569,1,256x256x80,1.02x1.02x2.00,2112.0,0.8863370895385743,99f5708b283f648b031f654c17ad3dca,d671e351f046bc469323a589e74b65b8,True,,,,,5242880,5463,"123.7,74.8,53.6","100:143,60:89,46:62",5463
men_rt,train,BraTS-MEN-RT-0570-1,men-0570,1,704x704x207,0.37x0.37x1.10,1977.0,0.8769120693720804,9990fd263632f842ff691ce47c6a663f,eaf535312904105b4561733a5e3596f1,True,,,,,102592512,15052,"355.4,153.4,97.3","322:384,132:178,89:107",15052
men_rt,train,BraTS-MEN-RT-0572-1,men-0572,1,256x256x176,0.90x0.90x0.90,946.0,0.7869353727860884,fb35c4ae02de4af91e0a4cf575cc141a,6c9b76ffbbc81670e7add4ef45b526c9,True,,,,,11534336,18641,"128.6,172.7,71.4","104:151,154:190,57:84",18641
men_rt,train,BraTS-MEN-RT-0573-1,men-0573,1,512x512x132,0.51x0.51x1.50,17822.0,0.6596662925951409,c9166015c75694163fd2d6f7d0097e43,44ca3b8e2218acf8091f1d0bfd7f2301,True,,,,,34603008,6013,"221.0,199.2,43.9","200:237,182:217,38:49",6013
men_rt,train,BraTS-MEN-RT-0574-1,men-0574,1,320x320x212,0.80x0.80x1.00,1436.0,0.86850341796875,f47b26358c75d23e0eac231ccfe94a56,00b04e1b2f3f596e1ad43ba0ba0add1a,True,,,,,21708800,8245,"221.6,119.8,70.6","206:239,96:137,62:79",8245
men_rt,train,BraTS-MEN-RT-0575-1,men-0575,1,672x672x170,0.37x0.37x1.10,1444.0,0.8553165276527278,2ad295c8a847857bc9ec9f0b1b74229a,41aca760afadd0e78bbfd4c4b99a6424,True,,,,,76769280,121260,"374.5,332.6,105.1","299:500,130:527,54:142",121260
men_rt,train,BraTS-MEN-RT-0577-1,men-0577,1,256x256x172,0.94x0.94x1.00,2353.0,0.7688690895257995,4fac0f27748c9c699f120352398c8940,48626e5446933b3539d67144d568ba6f,True,,,,,11272192,21264,"89.7,143.6,55.2","73:106,126:163,38:73",21264
men_rt,train,BraTS-MEN-RT-0578-1,men-0578,1,256x256x160,1.02x1.02x1.00,1903.0,0.8203863143920899,b40bb302f87a6c60253d1a75fa340970,db294246a88982bd1ece9e31a97d941f,True,,,,,10485760,4282,"136.5,139.4,48.8","123:153,126:152,37:62",4282
men_rt,train,BraTS-MEN-RT-0579-1,men-0579,1,288x288x185,0.97x0.97x1.00,1436.0,0.848875698615282,0a4980b5877b00354dc792f57ad1fc05,a28631cc4a9d11e613e69ee0bb597642,True,,,,,15344640,6162,"164.1,204.2,128.3","152:181,191:218,119:139",6162
men_rt,train,BraTS-MEN-RT-0580-1,men-0580,1,512x512x250,0.74x0.74x1.00,14110.0,0.23728781127929688,186440c4f8a8605a74faf67efe86d461,63ba9b475d95144fadad1b765f5053a4,True,,,,,65536000,48959,"285.5,294.7,118.7","244:326,242:358,100:148",48959
men_rt,train,BraTS-MEN-RT-0581-1,men-0581,1,704x704x168,0.37x0.37x1.10,1200.0,0.8856185558788986,190cc3e1148ecc8ac2d6eac30eecc1d2,f6702e4ce406ca2ff3a168b0a16e1ed9,True,,,,,83263488,25971,"476.5,276.3,37.2","449:508,249:302,29:45",25971
men_rt,train,BraTS-MEN-RT-0582-1,men-0582,1,256x256x124,1.02x1.02x1.50,498.0,0.5502425163022934,bc25629f036dee70f5ed23c684089348,75805d942a33260430d991d75452de22,True,,,,,8126464,12644,"80.6,63.6,57.3","65:98,42:81,47:70",12644
men_rt,train,BraTS-MEN-RT-0583-1,men-0583,1,256x256x124,1.02x1.02x1.50,720.0,0.5522864557081654,894581bf106add7e262a82f90de8f4cd,5faffdbec92e6e5236b554f873288990,True,,,,,8126464,29846,"143.4,141.1,78.1","125:161,112:173,65:93",29846
men_rt,train,BraTS-MEN-RT-0584-1,men-0584,1,256x256x188,0.94x0.94x1.00,2794.0,0.6895844479824634,4a83bdb32a9abf719af58f18d0ebccaa,1771389a4f0a73bad0a86a7c6f71d27f,True,,,,,12320768,74084,"114.2,146.6,108.3","89:144,121:173,81:132",74084
men_rt,train,BraTS-MEN-RT-0585-1,men-0585,1,704x704x178,0.37x0.37x1.10,1354.0,0.8488144387064432,c244a3818bf4b17b32cb7310b1e18902,d3ac204df7eb49f469a7c23abd5eb421,True,,,,,88219648,6657,"380.1,327.1,29.1","355:403,314:352,21:38",6657
men_rt,train,BraTS-MEN-RT-0586-1,men-0586,1,512x512x294,0.74x0.74x1.00,1852.0,0.3135177067347935,b9a37dc7ea1ac20c503cce34a45f140c,7722f12243410b0543e0f82b293097b4,True,,,,,77070336,3739,"253.3,317.7,184.1","241:269,302:338,177:191",3739
men_rt,train,BraTS-MEN-RT-0587-1,men-0587,1,512x512x188,0.50x0.50x1.00,2801.0,0.6353571059856009,859d0067e3172108e51a3a44542800c6,b91831a2d9cc7d17bd7479ae800a5198,True,,,,,49283072,24212,"251.3,238.5,162.0","225:281,184:271,150:173",24212
men_rt,train,BraTS-MEN-RT-0588-1,men-0588,1,512x512x136,0.51x0.51x1.40,15262.0,0.8308276849634507,cea3070ec052f456f63df07bf0663dbe,2ae33dc79133bf1c5b0b70a8ad99126a,True,,,,,35651584,8271,"278.4,270.4,50.2","254:302,247:291,44:58",8271
men_rt,train,BraTS-MEN-RT-0589-1,men-0589,1,256x256x176,1.02x1.02x1.00,1591.0,0.7270164489746094,e5c4d11fc05dba7d619a7b957be9f071,a678c7552c10573dbd138af696182864,True,,,,,11534336,4620,"118.4,115.5,67.2","105:131,101:132,52:80",4620
men_rt,train,BraTS-MEN-RT-0591-1,men-0591,1,512x512x251,0.49x0.49x1.00,4674.0,0.39837625207179095,ea53e0ae14133eaced36e81fa0ab5e60,ae44c173e9435a51d0dc3857b8c6af67,True,,,,,65798144,80260,"153.8,229.5,111.0","129:183,160:321,87:138",80260
men_rt,train,BraTS-MEN-RT-0592-1,men-0592,1,256x256x122,1.02x1.02x1.50,1374.0,0.6361436687532018,c24d9bfbbf476cd7992a428c048088f9,049ebdc895dd4e2ad1c84fdf0c03c85a,True,,,,,7995392,16211,"114.9,63.5,65.9","97:133,41:81,54:79",16211
men_rt,train,BraTS-MEN-RT-0593-1,men-0593,1,256x256x124,1.02x1.02x1.50,637.0,0.5611936507686492,56c8b7eb37a85a87e03a32fd8650344d,dfeb4d1e492374faf8c1b194d2059d02,True,,,,,8126464,24482,"105.7,138.4,54.9","84:129,117:162,40:69",24482
men_rt,train,BraTS-MEN-RT-0594-1,men-0594,1,512x512x288,0.47x0.47x1.00,16128.0,0.4452708959579468,40d8fa10d9391accbe776de4e0fd7056,189d5abb078699f5be1cf65e93b26c5b,True,,,,,75497472,24725,"310.2,202.4,149.2","285:342,181:226,138:159",24725
men_rt,train,BraTS-MEN-RT-0596-1,men-0596,1,256x256x124,1.00x1.00x1.00,406.0,0.8527797575919859,a62ba873eb3803041cd69eb4b91c5bf4,8915f26392de2f18b03d3ec6a83b8bbc,True,,,,,8126464,32486,"116.0,138.1,66.9","60:154,60:196,11:106",32486
men_rt,train,BraTS-MEN-RT-0598-1,men-0598,1,256x256x124,1.02x1.02x1.50,9778.0,0.29803232992849044,a5ecb060514fe94795a3767440a61bee,014067bca615587574c050cd167a8833,True,,,,,8126464,1045,"132.8,140.6,54.3","125:140,134:149,50:59",1045
men_rt,train,BraTS-MEN-RT-0599-1,men-0599,1,512x512x311,0.74x0.74x1.00,1869.0,0.18617782102137134,98253aaed93e94c7f0879210801f5ba5,89d92ee9b1b34f1a4480f082dca4a36d,True,,,,,81526784,1572,"268.6,323.7,183.6","259:281,315:333,178:191",1572
men_rt,train,BraTS-MEN-RT-0600-1,men-0600,1,256x256x80,1.02x1.02x2.00,1666.0,0.8877153396606445,205dc6e9c054c85cc54f17be28f33883,1f09fa806d18819e269f791d366c8915,True,,,,,5242880,680,"140.1,73.1,43.2","135:145,65:81,40:46",680
men_rt,train,BraTS-MEN-RT-0601-1,men-0601,1,256x256x124,1.00x1.00x1.00,508.0,0.871781010781565,2ca649179e23608e701cabc9a41c07f9,7abf44b81457d2bc2f63aae1431afe29,True,,,,,8126464,7508,"119.1,138.3,39.9","107:139,115:158,31:48",7508
men_rt,train,BraTS-MEN-RT-0603-1,men-0603,1,704x704x168,0.37x0.37x1.10,1483.0,0.8735324659951791,86861e35d4f4ca7de087091c597eb2f5,e4f6073b55279b10ddfd9ac43d124aa1,True,,,,,83263488,3055,"347.9,425.1,115.1","339:360,405:443,110:119",3055
men_rt,train,BraTS-MEN-RT-0605-1,men-0605,1,512x512x136,0.51x0.51x1.40,18085.0,0.8424932535956887,cc8d142d8b5f781543c66d53fece8dbf,33dbed9c202a8e5d4137ed4b00a378a6,True,,,,,35651584,2080,"227.1,153.3,106.8","217:237,137:166,104:111",2080
men_rt,train,BraTS-MEN-RT-0607-1,men-0607,1,672x672x200,0.37x0.37x1.10,2229.0,0.8571821853741497,e804578e51cb2c5cb509c1ebdc3d1c1f,9a7cad81bd48317237e44d3fa5fcb814,True,,,,,90316800,29450,"336.4,390.7,135.7","310:367,353:420,127:145",29450
men_rt,train,BraTS-MEN-RT-0608-1,men-0608,1,288x288x180,0.97x0.97x1.00,1144.0,0.8571206007801784,31131f4ba0ef1491df4f073fcaccdb0c,aadc958a3e58d5bf9ee4b107244674a5,True,,,,,14929920,6624,"85.5,163.7,96.9","78:94,147:184,82:112",6624
men_rt,train,BraTS-MEN-RT-0609-1,men-0609,1,672x672x223,0.37x0.37x1.10,1641.0,0.8542528903143843,9cff98609216002b7873b9a7f6688498,0c7f61d0c1617d71187a49a961ab2f7f,True,,,,,100703232,45775,"460.5,397.6,127.2","424:492,364:433,117:140",45775
men_rt,train,BraTS-MEN-RT-0610-1,men-0610,1,256x256x120,1.02x1.02x1.50,1008.0,0.42740020751953123,a1dc649716304b76d090ff2126aa8534,8e9022d683ba25b66a47ceb46497b55f,True,,,,,7864320,44458,"93.7,128.3,47.7","68:125,102:153,31:67",44458
men_rt,train,BraTS-MEN-RT-0611-1,men-0611,1,256x256x172,0.94x0.94x1.00,1836.0,0.6992250486861827,b6746a6267a8d5692955359363a45b17,c3204df7e3e576e39dbb0328b4f6d96f,True,,,,,11272192,28357,"110.4,80.0,134.7","90:128,61:101,116:155",28357
men_rt,train,BraTS-MEN-RT-0612-1,men-0612,1,256x256x168,1.02x1.02x1.00,273.0,0.7954977126348586,9a4a5b528be49a5aafeb0f92972e5453,cf4520a888bfcd4a9520163a427657b7,True,,,,,11010048,3977,"144.7,177.4,122.1","137:153,162:188,86:144",3977
men_rt,train,BraTS-MEN-RT-0614-1,men-0614,1,704x704x168,0.37x0.37x1.10,1469.0,0.8460950014488944,1c298d45e88b41ec89c979831467b37d,83515c98fc5bec24c305b1d91bec0a90,True,,,,,83263488,149789,"338.7,170.9,93.4","219:408,116:503,76:112",149789
men_rt,train,BraTS-MEN-RT-0615-1,men-0615,1,256x256x124,1.02x1.02x1.50,448.0,0.5948539241667716,3020d349c6388847c0ca83d1c2cb0f4c,c529d6ef5d602a0c48cbffe9ae795c7b,True,,,,,8126464,9062,"94.2,137.0,38.4","70:112,119:156,32:45",9062
men_rt,train,BraTS-MEN-RT-0616-1,men-0616,1,256x256x124,1.02x1.02x1.40,298.0,0.7975477403210055,4ac2fbd49c3100f9d9a9d5517c1d6187,7c354a50407aacd32cf0992a8f4cbabd,True,,,,,8126464,157,"132.2,122.2,57.1","129:136,118:126,55:59",157
men_rt,train,BraTS-MEN-RT-0617-1,men-0617,1,256x256x176,0.94x0.94x1.00,1935.0,0.6879868073896929,b68dfc04a9e51a7136188d32de3bd94b,51c02878f934fd972766233fe6f01995,True,,,,,11534336,23499,"139.3,118.0,70.7","122:155,99:138,50:88",23499
men_rt,train,BraTS-MEN-RT-0618-1,men-0618,1,256x256x122,1.02x1.02x1.50,514.0,0.5736775632764473,0bfc7822a2a75fb0cdb8c8161c25b71a,6b0f6d2cea8c97a5283d281c17eddbc2,True,,,,,7995392,5899,"114.5,61.2,80.6","102:126,48:74,71:90",5899
men_rt,train,BraTS-MEN-RT-0619-1,men-0619,1,256x256x124,1.02x1.02x1.50,6993.0,0.4812714361375378,866c18c50ecc51cb11301ebdd7074778,e51e7478beb86c36747bfc6023fd2433,True,,,,,8126464,28746,"137.1,119.2,92.6","118:161,93:146,78:106",28746
men_rt,train,BraTS-MEN-RT-0620-1,men-0620,1,256x256x82,1.02x1.02x2.00,1705.0,0.8783420469702744,25b84b477be232de273ff1c66ffef4ce,118e77d9dcbae3220b605fb3442c6992,True,,,,,5373952,2104,"140.9,152.0,33.1","131:152,140:162,28:38",2104
men_rt,train,BraTS-MEN-RT-0621-1,men-0621,1,288x288x170,0.97x0.97x1.00,1732.0,0.8418595679012346,4fbf6dc8932364401c5741a43d865267,a60e236747adbe024a1afa94b3799c6f,True,,,,,14100480,2500,"114.4,123.7,130.3","105:122,115:132,123:139",2500
men_rt,train,BraTS-MEN-RT-0623-1,men-0623,1,256x256x75,1.02x1.02x2.00,1831.0,0.9090116373697916,26a6f83fb79edc145c2ab5a119242f28,ca73c10208d0f96dca2ebff990ed7f09,True,,,,,4915200,1694,"123.5,152.6,24.0","105:138,143:163,22:27",1694
men_rt,train,BraTS-MEN-RT-0625-1,men-0625,1,512x512x120,0.52x0.52x1.50,16745.0,0.6553378105163574,c65a3ec99290c4a3bcb15541944e7b89,19f86ff3a6f98768194c932197f616c1,True,,,,,31457280,40782,"346.1,277.2,68.9","321:372,243:313,57:83",40782
